0.98378354,1
1.0,1
0.9950482,1
0.99827296,1
0.9924437,1
0.037206158,-1
0.4138459,-1
-0.2371119,-1
-0.21088842,-1
1.0,-1
0.9855833,1
0.98737043,1
1.0000001,1
0.9169328,1
1.0,1
-0.13161361,-1
-0.0786536,-1
0.30139962,-1
0.098983645,-1
-0.061042216,-1
0.99118054,1
0.99899846,1
0.99899846,1
0.9744448,1
0.99899846,1
-0.40030923,-1
0.27123433,-1
0.07007045,-1
0.91280717,-1
-0.26190138,-1
0.9855283,1
0.9575138,1
1.0,1
1.0,1
1.0,1
0.12783456,-1
0.12847874,-1
-0.14171682,-1
-0.08832105,-1
-0.39776787,-1
0.99347746,1
0.9627473,1
1.0000001,1
0.9928438,1
0.9999999,1
-0.14340146,-1
-0.15513854,-1
0.08106201,-1
-0.22784671,-1
-0.3265006,-1
1.0000001,1
0.9867788,1
0.9990027,1
0.9961842,1
0.93261737,1
-0.0737786,-1
-0.11504768,-1
0.17463809,-1
0.80460155,-1
-0.1204019,-1
1.0000001,1
0.9944019,1
0.9989955,1
0.9592691,1
1.0,1
-0.20311578,-1
0.012039311,-1
0.09021998,-1
0.033314053,-1
-0.03429319,-1
0.99441826,1
0.98774785,1
1.0,1
1.0000001,1
1.0000001,1
-0.41116592,-1
-0.027163751,-1
0.60649455,-1
-0.32319075,-1
0.1910538,-1
0.9999999,1
0.9895815,1
1.0,1
0.98824334,1
1.0000001,1
-0.07935452,-1
-0.08480409,-1
-0.03342309,-1
-0.13395321,-1
-0.1255284,-1
1.0,1
1.0,1
0.98648125,1
1.0000001,1
1.0000001,1
-0.055896044,-1
-0.07006136,-1
0.9165077,-1
0.12581044,-1
-0.20063975,-1
0.9989651,1
1.0000001,1
0.98083746,1
0.9690312,1
1.0,1
0.07183805,-1
-0.4513379,-1
0.111881465,-1
0.43115187,-1
0.19980636,-1
1.0,1
1.0,1
0.9999999,1
1.0000001,1
0.89775145,1
0.16090569,-1
-0.059806705,-1
0.04499573,-1
-0.07821293,-1
-0.004514638,-1
0.9861789,1
0.99090534,1
1.0000001,1
1.0,1
1.0000001,1
-0.33021587,-1
-0.31179,-1
0.27290386,-1
-0.0945343,-1
0.73412865,-1
1.0,1
0.9864305,1
1.0000001,1
0.9999641,1
1.0000001,1
-0.14714743,-1
-0.23566541,-1
0.41735768,-1
-0.17283018,-1
-0.38945556,-1
1.0,1
1.0000001,1
1.0000001,1
0.97759926,1
1.0000001,1
0.7431944,-1
0.06954042,-1
-0.034809973,-1
-0.31614068,-1
1.0000001,-1
0.99405146,1
1.0,1
1.0,1
1.0,1
1.0,1
-0.21098028,-1
-0.07152207,-1
0.4017551,-1
-0.04886626,-1
0.09676909,-1
0.98894376,1
0.99921906,1
1.0000001,1
1.0000001,1
1.0000001,1
-0.054756753,-1
0.22997452,-1
0.087602854,-1
0.14158745,-1
-0.26022083,-1
0.9999999,1
1.0,1
0.98487985,1
0.97216606,1
1.0000001,1
-0.2056601,-1
-0.35301858,-1
-0.2666134,-1
-0.32708177,-1
-0.1048837,-1
0.9967407,1
0.99999994,1
0.9999999,1
0.98844135,1
1.0000001,1
0.008893835,-1
-0.12111945,-1
-0.16175026,-1
-0.18695737,-1
-0.03441267,-1
1.0,1
1.0,1
1.0,1
1.0,1
1.0,1
-0.28445104,-1
0.087569095,-1
-0.474957,-1
0.03694087,-1
-0.31949902,-1
0.99999994,1
0.9924805,1
0.9971215,1
1.0000001,1
0.990922,1
0.1374309,-1
-0.06699261,-1
0.3846397,-1
-0.43897974,-1
-0.25524965,-1
1.0000001,1
0.9920531,1
0.9993326,1
0.9978908,1
1.0,1
-0.43556708,-1
-0.14085911,-1
0.3469862,-1
-0.06616336,-1
-0.1608338,-1
0.99739146,1
0.9889733,1
1.0000001,1
1.0000001,1
0.999359,1
-0.07283104,-1
0.26232904,-1
-0.21257372,-1
-0.058616772,-1
0.033546466,-1
0.9996758,1
0.99752325,1
1.0,1
0.99540734,1
1.0,1
-0.31958726,-1
-0.046905372,-1
-0.08878393,-1
-0.119616136,-1
0.39398867,-1
0.9827735,1
1.0,1
0.99999994,1
0.990986,1
1.0,1
-0.09363641,-1
-0.17366162,-1
0.0062200725,-1
0.36971277,-1
-0.051653598,-1
0.8864277,1
0.99937814,1
0.9976711,1
1.0000001,1
0.99026537,1
-0.176887,-1
0.30036947,-1
0.1343552,-1
-0.31040314,-1
-0.23690037,-1
0.9885203,1
0.9867867,1
0.99612606,1
1.0,1
1.0000001,1
0.055458285,-1
-0.08704546,-1
-0.11472816,-1
0.12290426,-1
-0.08521377,-1
0.9978184,1
0.99937403,1
0.9919651,1
0.99937403,1
1.0,1
0.5415541,-1
-0.04956008,-1
0.5919301,-1
0.042322252,-1
-0.13450922,-1
0.99999994,1
0.9644639,1
1.0000001,1
1.0000001,1
1.0,1
0.40551785,-1
-0.12541594,-1
0.16852398,-1
0.08868036,-1
-0.17848253,-1
1.0000001,1
1.0,1
0.9915118,1
1.0,1
1.0,1
-0.058576483,-1
0.38190967,-1
0.7987477,-1
-0.20779923,-1
0.020137679,-1
0.99931264,1
0.99931264,1
0.9975027,1
1.0000001,1
0.9999999,1
0.27602,-1
-0.10766546,-1
-0.23330234,-1
0.9035095,-1
-0.18157335,-1
1.0,1
0.97960925,1
1.0000001,1
1.0000001,1
1.0,1
-0.021659588,-1
-0.23254806,-1
-0.056587413,-1
0.031320788,-1
-0.20882022,-1
0.9998774,1
1.0000001,1
0.9975471,1
1.0,1
0.9999999,1
0.028720971,-1
-0.14355765,-1
-0.098267876,-1
-0.2492905,-1
-0.21666035,-1
0.99999994,1
1.0000001,1
0.98308384,1
0.9714038,1
1.0000001,1
0.1242806,-1
-0.079588585,-1
-0.33046356,-1
0.15658255,-1
0.034320604,-1
0.9956667,1
0.9891476,1
0.9954079,1
1.0,1
0.9980414,1
0.09841844,-1
0.4395822,-1
-0.08988162,-1
-0.08144453,-1
0.12999904,-1
1.0,1
1.0000001,1
1.0000001,1
0.9804883,1
1.0,1
-0.22400644,-1
-0.29719386,-1
0.41376966,-1
0.012187946,-1
-0.33416685,-1
0.9900153,1
1.0000001,1
1.0,1
0.99364495,1
0.99758005,1
-0.22906171,-1
0.24789017,-1
-0.024505928,-1
-0.030629924,-1
0.25202188,-1
0.99869347,1
0.9699878,1
1.0,1
0.98155224,1
0.9999999,1
0.24777617,-1
-0.07005235,-1
-0.04959643,-1
0.06409491,-1
0.19088443,-1
1.0,1
0.98187387,1
0.99999994,1
1.0,1
1.0000001,1
-0.28040528,-1
0.36267003,-1
0.79573697,-1
-0.16575874,-1
-0.20874056,-1
0.9914006,1
0.98805654,1
0.9987103,1
1.0,1
0.964383,1
-0.21826701,-1
-0.17615601,-1
0.15938872,-1
0.012364627,-1
-0.21826701,-1
0.9215032,1
1.0,1
1.0000001,1
0.98836154,1
1.0,1
0.14413595,-1
0.41011208,-1
-0.20074822,-1
-0.33931172,-1
-0.31261715,-1
1.0,1
0.98217,1
1.0000001,1
0.9898359,1
0.9986833,1
0.03420696,-1
-0.20353006,-1
0.63244414,-1
-0.21852145,-1
0.5411665,-1
0.99999994,1
1.0,1
1.0000001,1
0.9861623,1
0.9719302,1
-0.352235,-1
-0.19120269,-1
0.057372455,-1
-0.19388011,-1
0.13999286,-1
0.99999994,1
0.998509,1
0.9625148,1
1.0000001,1
0.9979249,1
0.037648153,-1
0.21604605,-1
-0.28656846,-1
-0.028213974,-1
-0.13825066,-1
1.0000001,1
0.98501337,1
1.0000001,1
0.9533765,1
0.9986941,1
0.05696984,-1
0.98098856,-1
-0.236407,-1
-0.45008573,-1
0.3243035,-1
1.0,1
1.0000001,1
0.99872893,1
0.99872893,1
1.0000001,1
-0.012950951,-1
0.24682626,-1
0.038695037,-1
-0.11752075,-1
0.11276625,-1
0.998072,1
1.0,1
1.0,1
1.0000001,1
0.9902373,1
-0.031079128,-1
0.07794713,-1
0.30588752,-1
0.06645946,-1
-0.22847456,-1
1.0,1
0.9976953,1
0.9987339,1
1.0000001,1
1.0,1
0.040380627,-1
-0.22798255,-1
0.40996975,-1
-0.27778876,-1
0.061413225,-1
1.0000001,1
0.988277,1
0.9984645,1
0.9999999,1
0.98932004,1
-0.22164164,-1
-0.112677276,-1
0.15428643,-1
0.15218002,-1
0.13562332,-1
0.9683745,1
0.99943495,1
1.0000001,1
0.9948895,1
0.9950847,1
0.043263707,-1
0.8774869,-1
-0.28143916,-1
0.03207359,-1
-0.388654,-1
0.9999999,1
1.0000001,1
0.9790544,1
0.9895257,1
0.99033207,1
-0.12256158,-1
-0.2523527,-1
-0.19389687,-1
-0.16409184,-1
-0.03073649,-1
1.0000001,1
1.0,1
0.99895155,1
1.0,1
1.0,1
0.21349807,-1
-0.23909865,-1
-0.15575865,-1
-0.15979421,-1
-0.18716213,-1
1.0000001,1
0.99540496,1
0.9999999,1
1.0,1
0.99899584,1
-0.10396769,-1
0.36649144,-1
-0.08585041,-1
0.33951792,-1
-0.057791613,-1
0.98852795,1
0.99909455,1
1.0,1
1.0000001,1
1.0,1
0.17846596,-1
-0.21088022,-1
0.066987574,-1
-0.1346814,-1
0.5037181,-1
1.0,1
0.95573,1
0.9719856,1
1.0,1
0.99999994,1
-0.41966185,-1
-0.07843682,-1
-0.44196606,-1
0.9887058,-1
-0.4231078,-1
1.0,1
1.0000001,1
1.0,1
0.99776286,1
1.0,1
-0.07707133,-1
-0.14432989,-1
-0.2862797,-1
-0.057961807,-1
-0.0645802,-1
1.0000001,1
0.9894345,1
1.0000001,1
0.99999994,1
1.0000001,1
0.09726637,-1
-0.0040018517,-1
-0.1411981,-1
-0.05060498,-1
-0.10442053,-1
0.9993143,1
1.0,1
0.9671506,1
1.0,1
1.0000001,1
-0.049903624,-1
1.0,-1
-0.3871905,-1
-0.27431133,-1
-0.07012624,-1
1.0000001,1
0.99999994,1
0.9319089,1
0.99999994,1
1.0,1
0.17942175,-1
-0.17509633,-1
0.05360797,-1
-0.28694743,-1
-0.043564666,-1
0.9845197,1
1.0,1
1.0000002,1
0.99357843,1
1.0,1
-0.2790733,-1
0.10634552,-1
1.0000001,-1
0.863594,-1
-0.12723929,-1
1.0000001,1
0.9980372,1
0.9939203,1
0.9999999,1
1.0,1
-0.02876661,-1
-0.34804365,-1
-0.109907046,-1
0.7572191,-1
-0.03438046,-1
1.0000002,1
0.974401,1
1.0,1
0.96364594,1
0.9826572,1
-0.055818822,-1
0.38193277,-1
-0.15548036,-1
0.022319298,-1
-0.11392427,-1
0.9994454,1
1.0,1
0.97742474,1
0.99269927,1
0.98629475,1
-0.1367495,-1
0.14235842,-1
0.102419674,-1
-0.041813456,-1
0.06230816,-1
0.98973966,1
0.9581442,1
1.0,1
0.9911479,1
0.9981472,1
0.11029392,-1
-0.03588727,-1
-0.10134074,-1
-0.19611663,-1
-0.2626088,-1
1.0,1
0.9857493,1
0.99733675,1
1.0,1
1.0000001,1
0.08133353,-1
0.4275772,-1
-0.23373142,-1
-0.24314333,-1
-0.023633229,-1
0.95423585,1
0.9855372,1
0.98688793,1
1.0000001,1
0.98703223,1
0.88796914,-1
-0.01530502,-1
0.80006,-1
-0.080937564,-1
-0.050281726,-1
0.99125165,1
0.9656467,1
0.9902208,1
1.0000001,1
0.9966561,1
-0.026118645,-1
-0.16111855,-1
0.42532626,-1
0.23849864,-1
-0.23354511,-1
0.9798671,1
0.99999994,1
0.98244387,1
1.0,1
0.99999994,1
0.11445887,-1
-0.047593903,-1
0.36641845,-1
0.3561714,-1
-0.008613352,-1
1.0000001,1
1.0,1
1.0000001,1
1.0,1
0.9968421,1
-0.0871406,-1
0.31672734,-1
-0.17275316,-1
-0.10341104,-1
0.21613038,-1
0.9973941,1
1.0,1
0.99480873,1
1.0,1
0.9989263,1
-0.010650743,-1
-0.05497686,-1
0.006733268,-1
0.04188929,-1
-0.054445982,-1
1.0000001,1
1.0000002,1
0.999313,1
1.0000001,1
0.9624351,1
-0.065166265,-1
-0.156547,-1
-0.36060178,-1
0.9985564,-1
0.33518568,-1
1.0000001,1
1.0,1
1.0,1
0.9999999,1
1.0000001,1
-0.13641295,-1
0.006838643,-1
0.48386794,-1
-0.02578289,-1
-0.3633052,-1
1.0,1
1.0,1
1.0,1
1.0000001,1
0.9768325,1
-0.27257296,-1
-0.040339738,-1
-0.10468171,-1
0.051794656,-1
-0.14245552,-1
0.9986912,1
0.99932337,1
1.0,1
1.0,1
0.91659117,1
-0.34099162,-1
-0.036980115,-1
0.60058707,-1
0.024176385,-1
-0.27014497,-1
0.9993435,1
0.9990446,1
1.0000001,1
0.9930647,1
0.997367,1
-0.3415004,-1
-0.07536583,-1
-0.24032074,-1
-0.085969,-1
0.6294384,-1
0.99999994,1
1.0,1
0.9762227,1
0.9993564,1
0.99495834,1
-0.11155817,-1
0.4283303,-1
0.087173566,-1
-0.44727358,-1
-0.02446649,-1
1.0,1
1.0,1
0.9546066,1
0.9695811,1
1.0,1
-0.064511046,-1
-0.05634447,-1
0.4856428,-1
-0.026779408,-1
-0.16563584,-1
1.0000001,1
1.0000001,1
1.0,1
0.9999999,1
1.0000001,1
0.08834676,-1
-0.020989532,-1
0.12537937,-1
-0.09129277,-1
-0.29399934,-1
1.0,1
0.9952633,1
0.99999994,1
1.0,1
0.99999994,1
0.75673914,-1
0.16781941,-1
-0.24199463,-1
-0.22821411,-1
-0.089500636,-1
0.9899497,1
0.99576885,1
1.0,1
0.9892999,1
0.99999994,1
0.032136656,-1
-0.3300051,-1
0.0738116,-1
0.29649612,-1
0.21053183,-1
0.9059324,1
1.0000001,1
1.0,1
0.99793047,1
0.9748495,1
0.9993951,-1
-0.26387766,-1
0.015659202,-1
-0.10146634,-1
-0.015063555,-1
1.0000001,1
1.0,1
0.9858912,1
0.98823845,1
0.9646798,1
0.49810165,-1
0.17963642,-1
0.2150045,-1
-0.17388229,-1
0.037160266,-1
1.0000001,1
1.0,1
1.0000001,1
1.0000001,1
0.9940234,1
0.41307607,-1
-0.0012213476,-1
0.057455834,-1
0.712872,-1
-0.18544139,-1
0.9889755,1
1.0,1
0.99501574,1
1.0000001,1
1.0000001,1
-0.22692275,-1
-0.44008937,-1
-0.1955205,-1
0.57832485,-1
-0.28477168,-1
1.0000001,1
0.9949438,1
1.0000001,1
0.9778556,1
0.993661,1
-0.06559964,-1
-0.20881575,-1
0.047686007,-1
-0.48341945,-1
0.537297,-1
1.0000001,1
0.9871276,1
0.9997322,1
0.99311197,1
0.9913838,1
0.1141648,-1
-0.051145196,-1
-0.1694511,-1
-0.0799463,-1
0.3409643,-1
1.0,1
1.0000001,1
1.0,1
1.0000001,1
0.9953616,1
0.16069165,-1
0.090780795,-1
0.11595984,-1
0.011606934,-1
-0.18154858,-1
0.994946,1
0.9871459,1
0.99999994,1
0.914639,1
0.9999999,1
-0.007085489,-1
-0.1985046,-1
-0.21353723,-1
-0.36375841,-1
-0.21100582,-1
0.9897503,1
0.9999411,1
0.9911554,1
1.0,1
0.9909095,1
0.108788915,-1
0.013911532,-1
0.18002091,-1
-0.32315078,-1
0.07864858,-1
0.99999994,1
1.0,1
0.9703833,1
1.0,1
0.9928834,1
-0.26329675,-1
-0.20814104,-1
0.012092842,-1
-0.25638828,-1
-0.08942189,-1
0.99954516,1
0.99931717,1
1.0000001,1
0.98776877,1
1.0,1
0.085436106,-1
0.21037947,-1
-0.113717146,-1
0.074159615,-1
-0.22131732,-1
1.0,1
0.9966808,1
0.9904987,1
1.0000001,1
1.0000001,1
-0.05429103,-1
-0.08308077,-1
1.0,-1
-0.10410844,-1
-0.20638019,-1
1.0,1
1.0000001,1
0.98240805,1
0.99999994,1
0.99999994,1
-0.3552518,-1
-0.22967264,-1
-0.22502705,-1
-0.36964342,-1
-0.14994965,-1
0.9991642,1
0.9999999,1
1.0,1
0.8834405,1
0.9834833,1
0.013675201,-1
0.552847,-1
-0.14732857,-1
0.11710442,-1
-0.039847888,-1
1.0,1
0.9920161,1
1.0,1
1.0,1
1.0000001,1
0.005676221,-1
-0.2030855,-1
0.15822785,-1
-0.071108885,-1
-0.2504105,-1
0.9990882,1
0.9353353,1
0.99779534,1
1.0,1
0.992342,1
0.050545838,-1
0.076665506,-1
0.79782116,-1
0.10017499,-1
0.10051509,-1
0.96728474,1
0.99484676,1
0.9588806,1
1.0000001,1
0.99999994,1
0.0324326,-1
0.0993673,-1
0.46761787,-1
-0.06033692,-1
-0.03346802,-1
0.9668707,1
0.9853489,1
0.9905846,1
1.0,1
1.0000001,1
0.11298329,-1
0.13781632,-1
0.70269287,-1
-0.11327319,-1
0.11782627,-1
0.995746,1
1.0,1
0.99778354,1
0.97876894,1
1.0000001,1
-0.1857875,-1
0.896002,-1
0.13724479,-1
0.5332594,-1
-0.23141415,-1
0.89368814,1
1.0,1
1.0000001,1
0.90783286,1
1.0,1
-0.1726308,-1
-0.18510452,-1
0.35795006,-1
0.3273227,-1
0.06855538,-1
1.0,1
0.9999999,1
0.99600714,1
0.99901116,1
0.9125468,1
0.5923265,-1
-0.038355976,-1
0.04454644,-1
-0.28251246,-1
0.08425732,-1
1.0,1
0.99999994,1
1.0,1
0.9999999,1
0.9274854,1
-0.25511676,-1
-0.1566638,-1
0.056044713,-1
0.1421373,-1
-0.23243858,-1
1.0,1
1.0000001,1
0.9807592,1
0.99902344,1
1.0000001,1
0.3194731,-1
-0.10765481,-1
-0.14907093,-1
0.48410943,-1
0.08569978,-1
0.9835387,1
1.0000001,1
1.0000001,1
1.0,1
1.0000001,1
0.16279998,-1
-0.07517318,-1
0.014047436,-1
0.16374451,-1
-0.22684468,-1
1.0,1
0.99083215,1
1.0,1
0.9990192,1
0.9990937,1
0.57328385,-1
-0.03518183,-1
-0.0070342203,-1
-0.2905215,-1
0.012518283,-1
0.994978,1
0.9872559,1
0.9913258,1
1.0000001,1
0.9999999,1
0.11166303,-1
-0.26159447,-1
-0.07913306,-1
0.02615997,-1
-0.27061236,-1
0.99963063,1
1.0,1
1.0000001,1
0.97563416,1
1.0,1
-0.32123047,-1
0.3229963,-1
-0.12769824,-1
-0.07443576,-1
0.037711527,-1
0.9999998,1
1.0000001,1
0.9999999,1
0.9977533,1
1.0000001,1
-0.1086152,-1
0.052400302,-1
-0.14860587,-1
-0.065963075,-1
0.007683492,-1
0.992429,1
0.989365,1
0.99713737,1
1.0000001,1
0.99186623,1
-0.24663296,-1
-0.09243784,-1
-0.03341858,-1
0.123727225,-1
-0.019846432,-1
1.0,1
0.99843436,1
0.9995272,1
1.0,1
0.9668636,1
0.99944794,-1
-0.19637054,-1
0.09474775,-1
0.11913615,-1
3.8982216e-05,-1
0.99556184,1
1.0000001,1
1.0000001,1
0.9809478,1
1.0,1
0.080583766,-1
0.22492866,-1
0.08598345,-1
0.074534886,-1
0.41104126,-1
0.9994981,1
0.9762722,1
1.0,1
1.0000001,1
0.98972636,1
-0.18528031,-1
-0.037385706,-1
0.13102353,-1
-0.10635272,-1
-0.12910426,-1
0.9996012,1
0.9969101,1
0.9750757,1
0.99153847,1
0.9999999,1
-0.15498315,-1
0.18482734,-1
-0.15754893,-1
-0.06971336,-1
0.0251874,-1
1.0000001,1
0.98301816,1
0.9936683,1
1.0000001,1
1.0000001,1
0.03192161,-1
-0.058667645,-1
0.004345156,-1
-0.254791,-1
0.08267924,-1
0.99517334,1
0.96784127,1
0.98045385,1
0.98106945,1
1.0000001,1
-0.115109146,-1
0.9995536,-1
-0.046489082,-1
0.22204247,-1
-0.15709786,-1
1.0,1
0.9970323,1
0.98532736,1
1.0000001,1
0.964499,1
0.03976714,-1
-0.03292683,-1
-0.118239395,-1
0.24165608,-1
-0.06284552,-1
1.0,1
0.9961588,1
1.0,1
0.97000235,1
0.9985644,1
-0.21514042,-1
0.723335,-1
-0.16004829,-1
0.38509044,-1
1.0,-1
1.0000001,1
0.9956815,1
0.95771414,1
0.9983682,1
0.9889477,1
0.7877167,-1
-0.32237834,-1
0.15913491,-1
0.64410275,-1
-0.33446503,-1
0.98903286,1
0.9408332,1
0.9999999,1
1.0000001,1
1.0,1
-0.07004711,-1
-0.083775565,-1
0.008613407,-1
0.25803173,-1
-0.3868174,-1
1.0000001,1
0.9975888,1
0.9654716,1
1.0,1
1.0,1
0.04499016,-1
0.052281428,-1
0.066982284,-1
-0.068556644,-1
-0.21063736,-1
0.99999994,1
0.99649644,1
0.97601783,1
0.99749273,1
0.9447732,1
0.33545494,-1
0.15296362,-1
-0.12974274,-1
-0.20020252,-1
-0.09349271,-1
0.99640244,1
0.9920018,1
0.99735874,1
1.0,1
0.9808646,1
0.18129961,-1
-0.35570282,-1
-0.003231211,-1
0.06393537,-1
-0.04771644,-1
1.0000001,1
0.99242836,1
1.0,1
0.99587214,1
0.9982773,1
-0.22182862,-1
-0.041401282,-1
0.9996248,-1
-0.024175147,-1
-0.10805089,-1
1.0,1
0.99417114,1
0.9940339,1
1.0,1
0.99999994,1
0.06795522,-1
0.29385513,-1
-0.0062428596,-1
0.16760156,-1
-0.021931613,-1
1.0000001,1
1.0,1
1.0000001,1
0.9881942,1
0.99077266,1
0.22153229,-1
-0.02784854,-1
-0.19311634,-1
0.99957913,-1
-0.2351545,-1
0.9910091,1
0.9902469,1
0.9961424,1
0.99568397,1
0.9999999,1
-0.03816345,-1
-0.13335177,-1
0.9999999,-1
0.48480546,-1
-0.037102733,-1
0.9812489,1
0.9984848,1
1.0000001,1
1.0,1
1.0,1
-0.09027015,-1
0.078288235,-1
0.99950546,-1
-0.0012266815,-1
0.07054753,-1
1.0,1
0.99624515,1
0.99781394,1
1.0,1
1.0000001,1
0.067488365,-1
-0.26662734,-1
-0.06729668,-1
-0.1285511,-1
0.23449762,-1
0.9914351,1
0.99260885,1
1.0,1
0.99999994,1
1.0,1
-0.21120109,-1
-0.14015906,-1
-0.1692569,-1
-0.007378405,-1
-0.04779941,-1
0.99549556,1
0.98855966,1
1.0,1
1.0,1
0.99671257,1
-0.11105973,-1
0.011512454,-1
-0.1167027,-1
0.12465168,-1
-0.13981897,-1
1.0000001,1
1.0000001,1
1.0000001,1
1.0,1
0.9994682,1
-0.1729954,-1
-0.2145485,-1
-0.031989526,-1
0.22496122,-1
-0.07694962,-1
0.9994624,1
0.9999999,1
1.0000001,1
0.99414915,1
0.9994624,1
0.60431725,-1
0.7137037,-1
0.42955863,-1
-0.20429125,-1
0.23471673,-1
1.0000001,1
0.9914499,1
1.0000001,1
1.0,1
0.9801288,1
0.20266104,-1
-0.09795721,-1
-0.19657208,-1
0.033135686,-1
0.17396569,-1
1.0,1
0.9951481,1
0.99999994,1
0.9994935,1
1.0,1
-0.1602261,-1
0.1042415,-1
0.16693589,-1
-0.11181999,-1
-0.18121342,-1
1.0000001,1
0.97701794,1
1.0,1
0.97660756,1
1.0000001,1
-0.024492659,-1
-0.16052973,-1
-0.01454952,-1
-0.04433033,-1
0.09408609,-1
0.9862648,1
0.9961049,1
1.0000001,1
1.0,1
0.9960657,1
0.99952775,-1
-0.3314703,-1
-0.3577165,-1
-0.031572454,-1
-0.124086514,-1
0.9896367,1
0.98776627,1
0.99999994,1
1.0000001,1
1.0,1
-0.32741827,-1
-0.4748297,-1
0.9426415,-1
0.20793676,-1
-0.27104902,-1
0.9644555,1
1.0,1
1.0000001,1
1.0,1
1.0000001,1
-0.13246728,-1
0.45659402,-1
0.43679357,-1
-0.20165259,-1
-0.06280737,-1
1.0000001,1
1.0000001,1
0.98953503,1
0.99746466,1
0.9960887,1
-0.25349224,-1
-0.07696545,-1
-0.037160102,-1
-0.15212923,-1
0.95978874,-1
1.0,1
1.0,1
0.9867461,1
0.9954619,1
0.983921,1
-0.27181304,-1
-0.054205474,-1
0.089479305,-1
-0.341885,-1
0.115577646,-1
1.0000001,1
1.0000001,1
1.0,1
1.0,1
0.9876314,1
-0.2530182,-1
-0.12378786,-1
0.030414442,-1
-0.2539615,-1
-0.39187434,-1
1.0,1
1.0,1
1.0,1
0.99622715,1
0.99958885,1
-0.293373,-1
0.054034412,-1
0.4189078,-1
-0.033879943,-1
-0.15993455,-1
0.9948616,1
1.0,1
0.968885,1
1.0,1
0.9899005,1
-0.28908446,-1
0.18401915,-1
-0.3247103,-1
0.027954297,-1
0.15143962,-1
0.999587,1
1.0,1
1.0000001,1
1.0000001,1
1.0000001,1
-0.018376304,-1
-0.10219828,-1
-0.07612009,-1
-0.19053537,-1
0.15333655,-1
0.98613346,1
0.9747212,1
0.9481636,1
0.98613346,1
1.0,1
-0.1907377,-1
-0.04525306,-1
-0.14526637,-1
-0.051117625,-1
0.026546363,-1
0.99999994,1
1.0000001,1
0.99807245,1
0.99999994,1
1.0,1
-0.07966326,-1
0.62897766,-1
0.68291414,-1
0.013985157,-1
-0.15150331,-1
0.9929416,1
0.9656246,1
0.9993007,1
0.9983186,1
1.0,1
-0.037406437,-1
0.13232547,-1
-0.06659391,-1
-0.0525185,-1
-0.30815935,-1
1.0000001,1
1.0,1
0.99509656,1
1.0,1
1.0,1
0.07708304,-1
-0.23919095,-1
-0.037985686,-1
0.10577928,-1
0.4409164,-1
1.0000001,1
0.9794143,1
0.99319905,1
1.0000001,1
1.0000001,1
0.037610713,-1
-0.118088655,-1
-0.24938573,-1
-0.13190657,-1
-0.15427946,-1
1.0,1
0.9975292,1
1.0000001,1
0.9955535,1
1.0,1
-0.39223602,-1
-0.24900933,-1
-0.14514935,-1
-0.06563536,-1
0.033815056,-1
1.0000001,1
0.9920867,1
0.99999994,1
0.9734889,1
0.9943797,1
-0.15685241,-1
0.016579326,-1
-0.080308735,-1
0.17252217,-1
0.66418046,-1
1.0,1
1.0000001,1
0.9999999,1
1.0000001,1
0.9796964,1
-0.099721506,-1
-0.123132266,-1
-0.4494534,-1
-0.083605684,-1
-0.03943285,-1
1.0,1
0.9781005,1
0.9988457,1
0.9998601,1
1.0000001,1
0.2119374,-1
0.8008986,-1
0.07745646,-1
0.070124336,-1
-0.31356746,-1
1.0,1
0.9849654,1
1.0,1
0.99947274,1
1.0000001,1
0.32104844,-1
-0.28973824,-1
0.24534415,-1
-0.10664127,-1
0.06247364,-1
0.9839709,1
1.0000001,1
0.9971003,1
1.0000001,1
1.0000001,1
-0.041238047,-1
-0.035781913,-1
0.9994443,-1
0.03105602,-1
-0.16039337,-1
1.0,1
0.9910848,1
1.0,1
1.0000001,1
1.0000001,1
-0.28708172,-1
-0.19033308,-1
-0.049176488,-1
-0.48104632,-1
-0.10494628,-1
0.9999999,1
1.0000001,1
1.0000001,1
1.0,1
0.9960982,1
-0.071438715,-1
0.022054864,-1
0.945611,-1
0.32708114,-1
-0.26744577,-1
1.0,1
1.0000001,1
0.9886369,1
0.99940634,1
0.9877204,1
-0.06575713,-1
0.12372947,-1
-0.05609139,-1
0.20187183,-1
-0.324173,-1
0.9993938,1
0.9802652,1
0.99583673,1
0.9993938,1
1.0000001,1
0.017248478,-1
-0.0024314187,-1
0.01345426,-1
-0.3352187,-1
0.26488078,-1
1.0000001,1
1.0,1
1.0,1
0.9978078,1
1.0,1
-0.045680374,-1
-0.0051745856,-1
-0.011356158,-1
-0.3247014,-1
-0.020666284,-1
1.0000001,1
0.98066044,1
1.0000001,1
0.9932202,1
0.9944847,1
-0.027583944,-1
-0.06076407,-1
0.4270389,-1
-0.40708935,-1
-0.114865296,-1
0.9921438,1
0.9949088,1
0.9999999,1
0.98981506,1
1.0,1
-0.21024136,-1
-0.1354989,-1
-0.20062093,-1
0.055956177,-1
-0.08139976,-1
0.9993733,1
1.0000001,1
1.0000001,1
0.9774099,1
0.99999994,1
-0.06392342,-1
0.061043378,-1
0.40197396,-1
-0.22797857,-1
-0.20381589,-1
1.0000001,1
0.9977159,1
0.99264616,1
0.99780124,1
1.0,1
0.05217807,-1
-0.11559597,-1
0.23470911,-1
-0.2798385,-1
-0.3882588,-1
0.99271446,1
1.0,1
0.99788284,1
0.9598836,1
1.0,1
0.034940667,-1
-0.24662992,-1
0.62828696,-1
-0.24691173,-1
-0.4175647,-1
1.0000002,1
1.0000001,1
0.9975154,1
0.9993561,1
1.0000001,1
1.0000001,-1
0.08135456,-1
-0.11074062,-1
-0.045309886,-1
0.2054267,-1
1.0,1
0.98727334,1
1.0,1
0.9843781,1
1.0000001,1
-0.2543367,-1
0.52749085,-1
-0.50459206,-1
-0.30955786,-1
-0.029009588,-1
1.0,1
1.0,1
0.9928079,1
1.0000001,1
0.9921747,1
-0.046263725,-1
-0.1593532,-1
0.06408399,-1
0.023675188,-1
-0.28168115,-1
0.9998696,1
0.9682664,1
0.99533474,1
1.0,1
1.0,1
-0.07093657,-1
-0.28333732,-1
0.043383025,-1
0.7870127,-1
0.20816322,-1
0.99923825,1
1.0,1
0.99049723,1
0.98617333,1
0.99003065,1
-0.08554463,-1
1.0,-1
-0.35271356,-1
-0.080930546,-1
-0.022021618,-1
0.99633485,1
1.0,1
1.0000001,1
0.97434837,1
0.9992193,1
-0.27953696,-1
-0.21779765,-1
-0.33037734,-1
-0.37330142,-1
-0.29605195,-1
0.99919534,1
0.99919534,1
0.9843598,1
0.988824,1
1.0,1
0.52978957,-1
-0.020998416,-1
0.021432303,-1
0.9982176,-1
-0.18744959,-1
0.999191,1
1.0000001,1
0.99542767,1
1.0000001,1
0.99422485,1
0.23305374,-1
0.08713442,-1
0.16908224,-1
-0.09616566,-1
0.0052836724,-1
0.9986308,1
0.983225,1
0.9991823,1
0.99540913,1
0.9999999,1
-0.1828452,-1
0.06406863,-1
0.14583096,-1
0.101181634,-1
0.1035892,-1
0.9838824,1
0.9704116,1
1.0000001,1
1.0000001,1
0.9984051,1
-0.2599952,-1
-0.19736299,-1
-0.13151968,-1
-0.3262841,-1
-0.09993899,-1
0.9828966,1
0.9953689,1
0.9984536,1
0.98845387,1
0.99872947,1
0.7300689,-1
-0.6492483,-1
0.59501886,-1
0.48898837,-1
0.31091103,-1
0.98315513,1
1.0,1
0.99029773,1
0.94877183,1
0.97470427,1
0.38928995,-1
0.32872295,-1
-0.27641365,-1
-0.23283496,-1
-0.13829096,-1
0.910964,1
0.9999999,1
1.0000001,1
0.99658275,1
0.9980312,1
-0.319543,-1
-0.047013264,-1
-0.28514686,-1
0.25682646,-1
0.109713204,-1
1.0000001,1
0.99999994,1
1.0,1
1.0,1
0.9991017,1
0.086373545,-1
-0.3259615,-1
0.07827088,-1
0.13420163,-1
0.46122476,-1
0.9912073,1
1.0,1
1.0000001,1
1.0,1
1.0,1
-0.14681809,-1
-0.53930074,-1
-0.3793041,-1
0.055698674,-1
0.051485945,-1
0.9923511,1
1.0,1
1.0,1
0.9850511,1
0.98918617,1
0.15102315,-1
-0.4045178,-1
-0.16107678,-1
0.03226883,-1
-0.035065975,-1
0.9663728,1
0.9953532,1
0.9999161,1
0.99749523,1
1.0000001,1
0.04421613,-1
-0.15965427,-1
0.3647864,-1
0.096493885,-1
0.5358761,-1
1.0000001,1
1.0,1
0.99999994,1
1.0,1
0.9976155,1
0.014231267,-1
-0.2157341,-1
-0.19664821,-1
-0.02354461,-1
0.29587388,-1
0.9998937,1
1.0,1
0.9935689,1
0.99916726,1
1.0000001,1
-0.081097454,-1
0.115609065,-1
-0.31280652,-1
-0.24319826,-1
0.15449826,-1
0.96640575,1
0.9942704,1
0.9694794,1
1.0000001,1
0.9917164,1
0.25774774,-1
-0.01896473,-1
-0.28948447,-1
-0.08729444,-1
-0.059600666,-1
1.0,1
0.99917215,1
1.0,1
0.9646254,1
1.0000001,1
-0.1465066,-1
-0.166001,-1
-0.10740387,-1
0.070066996,-1
-0.31585526,-1
0.95401186,1
0.9954193,1
1.0,1
0.9988755,1
0.9902929,1
-0.5098648,-1
-0.2891275,-1
-0.4192701,-1
-0.2885186,-1
0.33600128,-1
0.9957172,1
1.0,1
0.9992089,1
1.0,1
1.0000001,1
0.31319404,-1
0.02285631,-1
-0.16707951,-1
0.15869193,-1
-0.14393906,-1
0.99885285,1
0.99922305,1
0.9968102,1
1.0,1
0.99922305,1
-0.12276041,-1
0.50587344,-1
0.037183106,-1
-0.13826902,-1
0.99922305,-1
1.0,1
0.9961483,1
0.9985914,1
0.9992711,1
0.9992711,1
-0.21304488,-1
-0.22963068,-1
-0.018874923,-1
0.111922815,-1
-0.3141702,-1
0.9934686,1
1.0000001,1
0.9886768,1
0.98629457,1
0.9894346,1
0.38728142,-1
-0.19647385,-1
0.012326468,-1
0.0114538735,-1
-0.29676217,-1
0.97943294,1
1.0,1
1.0,1
1.0,1
0.9982744,1
-0.16705829,-1
-0.13521622,-1
0.8270587,-1
-0.37177616,-1
0.12997952,-1
0.9968098,1
1.0000001,1
0.9999999,1
1.0,1
1.0000001,1
0.053271145,-1
-0.29297686,-1
-0.19268131,-1
-0.5222389,-1
0.12388864,-1
1.0000001,1
0.990293,1
0.9908528,1
0.99999994,1
0.9994939,1
-0.1861632,-1
-0.23802148,-1
-0.07776538,-1
-0.36263263,-1
0.022191433,-1
0.98957884,1
0.993267,1
1.0,1
1.0,1
1.0000001,1
1.0000001,-1
0.043867607,-1
-0.40058345,-1
0.35987267,-1
-0.07950741,-1
0.99641776,1
1.0,1
0.9955956,1
0.9999999,1
0.9999999,1
0.24156582,-1
-0.15382464,-1
0.3738262,-1
-0.049358267,-1
0.10425755,-1
0.9853522,1
0.9633616,1
0.9784114,1
0.99108934,1
1.0000001,1
-0.32644796,-1
-0.16221334,-1
-0.2620123,-1
0.18709497,-1
-0.089399956,-1
1.0,1
0.999491,1
0.9925286,1
0.9818621,1
1.0000001,1
-0.3038637,-1
0.1084654,-1
0.1134676,-1
-0.0112032965,-1
-0.14085291,-1
0.99573845,1
0.9910909,1
0.98247164,1
0.9576225,1
0.9912427,1
-0.20802602,-1
-0.0347979,-1
0.121332765,-1
0.48485133,-1
0.34457195,-1
0.9942613,1
1.0,1
0.99999994,1
0.98399395,1
0.98183167,1
0.28775936,-1
0.55338013,-1
-0.095278665,-1
-0.03322971,-1
-0.06582861,-1
1.0,1
0.99205965,1
1.0000001,1
0.99999994,1
1.0,1
-0.03457898,-1
-0.0051633287,-1
-0.041043606,-1
-0.3521609,-1
-0.1368074,-1
0.97245705,1
1.0,1
1.0,1
1.0,1
0.99681836,1
0.110714406,-1
0.027628573,-1
-0.2541318,-1
-0.31126517,-1
0.01612424,-1
1.0,1
1.0000001,1
1.0000001,1
1.0,1
1.0,1
-0.007948975,-1
0.3494998,-1
-0.09018204,-1
0.054262955,-1
0.704003,-1
1.0,1
0.99088544,1
0.99901575,1
1.0000001,1
0.99400353,1
-0.03595389,-1
0.09958203,-1
0.13272172,-1
-0.2565582,-1
0.49512652,-1
1.0,1
1.0,1
0.99894375,1
1.0000001,1
0.9793264,1
-0.038467743,-1
0.072483346,-1
-0.03394194,-1
0.009416368,-1
-0.15372169,-1
0.99562174,1
1.0,1
1.0,1
1.0,1
1.0,1
-0.32839465,-1
-0.020703666,-1
-0.33135802,-1
-0.10567915,-1
-0.33472344,-1
0.9845382,1
0.9778656,1
0.99999994,1
0.9916107,1
0.98819834,1
-0.30971014,-1
-0.013920344,-1
-0.14114513,-1
0.40509877,-1
-0.2637711,-1
0.9646825,1
0.95954084,1
0.99530905,1
0.9988311,1
0.9999999,1
-0.16273078,-1
-0.04048489,-1
-0.15333173,-1
0.1742273,-1
-0.21247667,-1
0.99186826,1
0.9999999,1
1.0000001,1
1.0,1
1.0,1
0.5003766,-1
0.7043669,-1
-0.03973376,-1
-0.23190695,-1
0.075939134,-1
0.9955238,1
0.96693933,1
1.0000001,1
0.9922689,1
0.998752,1
-0.13624859,-1
0.03716209,-1
-0.25157627,-1
0.19007528,-1
-0.02151553,-1
1.0000001,1
1.0000001,1
0.9999999,1
1.0000001,1
0.9805118,1
-0.22754219,-1
-0.30025426,-1
-0.031663157,-1
-0.03363401,-1
-0.14188682,-1
1.0,1
1.0,1
1.0000001,1
1.0000001,1
0.9704633,1
0.011856065,-1
-0.2150421,-1
-0.19212018,-1
0.13110068,-1
0.023962611,-1
0.9192083,1
1.0,1
0.9999999,1
0.99799573,1
0.9909242,1
0.4182731,-1
-0.358273,-1
0.040306974,-1
-0.29820287,-1
-0.19584344,-1
1.0,1
0.9987832,1
1.0,1
1.0,1
1.0000001,1
0.33206263,-1
0.25157437,-1
0.021433854,-1
-0.1570781,-1
0.16202691,-1
1.0000001,1
1.0,1
0.9747097,1
0.9949986,1
0.99999994,1
0.13625081,-1
0.107323706,-1
-0.099938326,-1
0.14144623,-1
-0.09932087,-1
1.0000001,1
1.0,1
0.99530464,1
1.0,1
1.0000001,1
-0.1304961,-1
-0.29621857,-1
-0.0021424822,-1
0.12787256,-1
-0.37548193,-1
0.9686263,1
1.0,1
1.0000001,1
1.0000001,1
0.99883705,1
0.19715951,-1
-0.11379397,-1
0.4342504,-1
0.2086782,-1
0.007863247,-1
0.99585706,1
1.0,1
0.9918994,1
0.9673995,1
0.98458064,1
0.9988292,-1
-0.25643545,-1
-0.019693635,-1
-0.01544233,-1
-0.44670916,-1
0.9861463,1
0.99672604,1
0.99999994,1
0.9787199,1
1.0,1
-0.047218032,-1
0.2092273,-1
0.025007483,-1
-0.0662526,-1
0.15117237,-1
0.99999994,1
0.9845308,1
0.99999994,1
0.9989968,1
1.0000001,1
-0.05443867,-1
0.8968256,-1
-0.17770463,-1
0.33806065,-1
-0.14602147,-1
1.0000001,1
0.989084,1
0.97099817,1
1.0,1
0.9374637,1
0.011029919,-1
0.64924765,-1
-0.011302939,-1
0.32863235,-1
0.084140286,-1
0.99744743,1
0.9984796,1
1.0,1
0.99421674,1
0.9949363,1
0.07297851,-1
-0.014775281,-1
0.015699776,-1
0.51997966,-1
-0.38738394,-1
1.0000002,1
0.9999999,1
1.0,1
0.999968,1
1.0,1
0.106145136,-1
-0.12122152,-1
0.79456246,-1
0.18153103,-1
-0.28419483,-1
1.0000001,1
0.99987465,1
0.9872172,1
1.0,1
1.0,1
0.04519849,-1
0.093218744,-1
0.08429481,-1
0.05609411,-1
-0.107962266,-1
0.98333895,1
0.99051154,1
0.9986417,1
1.0,1
1.0,1
0.05137143,-1
-0.11284119,-1
-0.08925662,-1
-0.12862356,-1
0.39840642,-1
0.9999999,1
1.0,1
0.9970928,1
0.9999999,1
1.0,1
-0.4234275,-1
-0.29635343,-1
-0.16840918,-1
-0.2568821,-1
-0.42486402,-1
0.9854078,1
1.0000001,1
0.99910617,1
0.9942205,1
1.0000001,1
-0.23317319,-1
0.1572957,-1
-0.14857459,-1
-0.40998626,-1
0.99910617,-1
0.9841418,1
0.99999994,1
1.0,1
0.99423176,1
0.99620444,1
-0.11313554,-1
-0.28775203,-1
-0.0034931772,-1
-0.3050353,-1
0.041027807,-1
1.0000001,1
1.0,1
0.9939917,1
1.0000001,1
1.0000001,1
-0.07757755,-1
0.99899006,-1
1.0,-1
-0.026905634,-1
-0.011517043,-1
1.0000001,1
0.96326274,1
1.0000001,1
1.0,1
0.9989632,1
-0.10593222,-1
-0.20368586,-1
1.0,-1
-0.038060997,-1
-0.19673194,-1
1.0000001,1
0.98996156,1
0.9961047,1
0.99848276,1
0.97840416,1
0.002096648,-1
0.40797445,-1
0.13914198,-1
0.5945366,-1
0.09185593,-1
1.0,1
0.99999994,1
0.9958366,1
0.9701317,1
0.9957368,1
-0.19200878,-1
0.43898013,-1
-0.057231665,-1
-0.068327755,-1
0.12046359,-1
1.0,1
0.9942796,1
1.0,1
0.9722462,1
0.9999999,1
0.43701026,-1
-0.19018629,-1
-0.24811548,-1
-0.23729393,-1
-0.26482746,-1
1.0000001,1
1.0000001,1
0.9315311,1
1.0,1
1.0000001,1
-0.027815176,-1
-0.093153745,-1
-0.2039545,-1
0.25558814,-1
-0.13617936,-1
0.99881256,1
0.99999994,1
1.0,1
1.0000001,1
1.0000001,1
-0.33181953,-1
-0.31275046,-1
-0.1741271,-1
-0.2789328,-1
0.09229124,-1
1.0,1
1.0,1
0.995647,1
1.0,1
1.0,1
0.12548907,-1
0.035430424,-1
-0.1588939,-1
0.52424103,-1
0.61932343,-1
0.99870795,1
1.0000001,1
1.0,1
0.8756974,1
1.0000001,1
0.687325,-1
0.13107501,-1
0.065673664,-1
-0.10207968,-1
-0.22797877,-1
1.0,1
1.0,1
1.0000001,1
0.99071336,1
0.9989728,1
0.46877766,-1
0.084734395,-1
1.0,-1
-0.2333719,-1
-0.012230614,-1
1.0000001,1
0.9951301,1
0.9834975,1
0.98357046,1
1.0000001,1
-0.088390745,-1
0.010118977,-1
0.014506009,-1
0.118378125,-1
-0.12670253,-1
0.95039606,1
0.9861748,1
1.0000001,1
0.9954654,1
1.0000001,1
0.98491055,-1
0.5609352,-1
-0.17481844,-1
-0.044714756,-1
0.028450668,-1
1.0,1
1.0,1
1.0,1
0.9930035,1
0.9996213,1
1.0,-1
-0.17394085,-1
-0.4431409,-1
-0.17083816,-1
-0.04128567,-1
0.9579282,1
1.0,1
1.0000001,1
0.9806523,1
0.8646287,1
-0.11797949,-1
-0.24622954,-1
0.7528759,-1
0.09950223,-1
-0.10287262,-1
0.9987714,1
0.98049194,1
0.98552823,1
0.98165554,1
0.99857247,1
-0.3495045,-1
-0.045223273,-1
0.047384445,-1
-0.14809631,-1
-0.4554982,-1
0.99847955,1
0.9115931,1
1.0,1
0.9986885,1
1.0000001,1
0.6193483,-1
0.014970986,-1
0.5302521,-1
-0.070677,-1
0.072640456,-1
1.0000001,1
0.9985897,1
1.0,1
1.0000001,1
1.0000001,1
-0.13956276,-1
-0.0740503,-1
-0.04560734,-1
0.9869066,-1
0.3345864,-1
1.0000001,1
1.0000001,1
0.99011165,1
1.0,1
1.0000001,1
0.055717338,-1
0.048955645,-1
-0.1684659,-1
-0.30495468,-1
0.1457465,-1
0.9250056,1
1.0,1
1.0,1
1.0000001,1
0.9830844,1
0.9865154,-1
0.39212123,-1
-0.47196788,-1
-0.07120379,-1
0.19358733,-1
1.0,1
0.9944355,1
1.0000001,1
1.0,1
1.0,1
0.2550042,-1
-0.17985642,-1
0.057641644,-1
0.022198796,-1
0.10102009,-1
0.99999994,1
0.99813056,1
0.9335818,1
0.99346995,1
0.99441856,1
-0.37604943,-1
-0.12511908,-1
-0.21128549,-1
0.54923105,-1
0.10911569,-1
0.9980916,1
0.989619,1
0.9993865,1
0.99736905,1
1.0,1
0.002729834,-1
-0.39139017,-1
0.1309488,-1
0.18799217,-1
0.010517898,-1
0.9981356,1
0.9902013,1
0.9870321,1
0.963996,1
1.0,1
-0.46462482,-1
0.00077905756,-1
0.061883613,-1
0.10595808,-1
0.35064125,-1
1.0,1
0.99821573,1
0.98947835,1
0.9777742,1
0.9821052,1
0.9279528,-1
-0.22494218,-1
-0.124129504,-1
-0.3023724,-1
-0.19711119,-1
0.99828035,1
0.9719309,1
1.0000001,1
1.0,1
0.99595004,1
-0.20562439,-1
-0.038467325,-1
0.048756044,-1
0.21576732,-1
-0.061199173,-1
1.0000001,1
0.9763704,1
0.98608255,1
0.98390085,1
0.9966044,1
-0.060327727,-1
-0.005142842,-1
0.2842438,-1
-0.13360669,-1
-0.26370388,-1
1.0000001,1
1.0,1
0.99779993,1
0.9985828,1
1.0000001,1
0.059519775,-1
-0.033139635,-1
-0.023821875,-1
0.13534285,-1
-0.18371637,-1
1.0,1
1.0000001,1
1.0000001,1
1.0000001,1
1.0,1
-0.1725734,-1
-0.107458696,-1
-0.32549492,-1
-0.23676054,-1
-0.12986527,-1
0.9750471,1
0.9999999,1
0.99941164,1
0.9999999,1
1.0,1
-0.19370458,-1
0.02632931,-1
-0.2554717,-1
-0.18011786,-1
-0.09949781,-1
0.98606163,1
0.98007256,1
0.996184,1
0.9734279,1
0.99742985,1
0.26103124,-1
-0.069010176,-1
0.02143613,-1
0.018284198,-1
-0.14532799,-1
0.99431056,1
0.9923545,1
0.9763517,1
0.9972652,1
0.9957564,1
0.07761893,-1
-0.102770045,-1
-0.13373144,-1
-0.14675435,-1
0.041871578,-1
0.9921927,1
1.0000001,1
0.99065816,1
0.9987136,1
0.9987136,1
0.02208824,-1
0.08341004,-1
0.9987136,-1
-0.046775434,-1
-0.33523557,-1
0.9987511,1
1.0000001,1
1.0000001,1
1.0,1
0.99264306,1
0.74126637,-1
-0.07917483,-1
-0.14466745,-1
-0.24713702,-1
-0.27256295,-1
1.0000001,1
1.0,1
0.987239,1
1.0,1
0.99465877,1
-0.24454114,-1
-0.14632173,-1
-0.075063966,-1
-0.027315075,-1
-0.15186964,-1
1.0,1
0.99815583,1
1.0,1
1.0,1
0.99433154,1
-0.18432888,-1
-0.26597977,-1
-0.1265364,-1
0.5793911,-1
0.33086035,-1
0.98602533,1
0.952265,1
1.0000001,1
0.99999994,1
1.0,1
0.85203147,-1
-0.26252,-1
0.5927984,-1
-0.1683889,-1
-0.25859734,-1
0.9973042,1
0.9988321,1
0.9999999,1
0.9916264,1
0.9939226,1
0.44051158,-1
-0.114422485,-1
-0.08559947,-1
-0.027567605,-1
-0.058443926,-1
0.9998698,1
0.97466886,1
0.99999994,1
0.96420133,1
0.98421985,1
0.14656518,-1
-0.090878196,-1
0.08140455,-1
0.14472286,-1
0.05479755,-1
1.0000001,1
0.9823777,1
0.9973399,1
0.9970931,1
0.9747904,1
-0.22906844,-1
-0.16529034,-1
-0.010661873,-1
0.28819457,-1
-0.17722625,-1
1.0000001,1
0.9891359,1
1.0000001,1
1.0000001,1
1.0,1
-0.184896,-1
-0.20211822,-1
0.040438697,-1
-0.045280326,-1
-0.32674664,-1
0.97342956,1
1.0000001,1
0.983344,1
1.0000001,1
1.0,1
-0.13729161,-1
-0.3623518,-1
0.22403583,-1
0.054251317,-1
0.124562375,-1
0.9775032,1
0.9735606,1
0.9999999,1
0.9954999,1
0.997502,1
-0.095827475,-1
0.17642364,-1
-0.20862517,-1
0.11202582,-1
0.02327602,-1
0.97987866,1
1.0,1
0.96594864,1
1.0,1
0.99496937,1
-0.23375344,-1
-0.15795872,-1
-0.12908678,-1
-0.24237867,-1
-0.022940282,-1
0.99644935,1
0.9990913,1
1.0000001,1
1.0000001,1
0.99999994,1
0.1207499,-1
0.4542208,-1
-0.039652366,-1
-0.17855527,-1
-0.26031837,-1
0.9589372,1
0.9898568,1
0.9945225,1
1.0000001,1
0.9906762,1
-0.19002083,-1
-0.086190976,-1
0.16079819,-1
-0.19177772,-1
-0.12497045,-1
0.99638385,1
1.0000001,1
0.9944996,1
0.98696214,1
1.0,1
0.0639856,-1
-0.022831105,-1
0.08014843,-1
0.12242101,-1
0.107831165,-1
1.0,1
0.96676385,1
0.9992614,1
0.98936886,1
1.0,1
-0.09270351,-1
-0.060422666,-1
0.05334406,-1
-0.35052657,-1
0.12999395,-1
1.0,1
0.9966217,1
1.0,1
1.0,1
0.99999994,1
-0.02297465,-1
-0.022249999,-1
0.842605,-1
-0.18964484,-1
0.041542966,-1
1.0000001,1
1.0000001,1
0.9920768,1
0.9921784,1
1.0000001,1
-0.22405268,-1
-0.19862191,-1
-0.096204795,-1
-0.22322915,-1
0.15964302,-1
0.99943393,1
1.0,1
0.99204135,1
1.0,1
1.0,1
-0.27412352,-1
-0.24522182,-1
0.9999999,-1
0.5547835,-1
-0.19700775,-1
1.0000001,1
1.0000001,1
0.99946696,1
0.967106,1
0.9873245,1
0.967275,-1
-0.0791331,-1
-0.08631364,-1
-0.17973463,-1
0.006379239,-1
1.0,1
0.99949217,1
1.0,1
1.0,1
1.0,1
-0.21410446,-1
-0.21493317,-1
-0.06320609,-1
0.03997417,-1
0.33269835,-1
1.0,1
0.98463106,1
0.9995373,1
0.99999994,1
0.99918944,1
-0.0067522465,-1
0.35881922,-1
-0.01547576,-1
0.1297508,-1
0.4537473,-1
1.0000001,1
0.9708283,1
1.0000001,1
1.0000001,1
1.0,1
0.88762534,-1
0.07637611,-1
-0.23324402,-1
-0.21957113,-1
0.07150504,-1
1.0,1
1.0000001,1
0.982575,1
1.0,1
1.0,1
-0.050296165,-1
0.18134029,-1
-0.09937403,-1
-0.1911058,-1
-0.1932559,-1
0.9934303,1
0.99109435,1
1.0,1
1.0000001,1
0.96671396,1
0.74318564,-1
0.13186288,-1
-0.07288228,-1
0.30441493,-1
-0.03686339,-1
0.9909744,1
0.99747425,1
0.97985923,1
0.99875015,1
1.0000001,1
1.0000001,-1
-0.26433858,-1
-0.18178488,-1
-0.0653711,-1
0.38228685,-1
1.0000001,1
0.99985355,1
0.9860382,1
1.0000001,1
0.9982835,1
-0.24806356,-1
-0.23507191,-1
-0.39030835,-1
0.12719555,-1
-0.3066295,-1
0.97239214,1
0.9804815,1
1.0,1
1.0000001,1
1.0,1
0.17696613,-1
-0.22276242,-1
-0.021301325,-1
0.3077186,-1
-0.20590319,-1
0.996287,1
0.95952284,1
1.0000001,1
1.0000001,1
1.0000001,1
-0.014946411,-1
0.8072272,-1
-0.24104075,-1
-0.10405318,-1
0.060753908,-1
1.0,1
0.99989426,1
0.965021,1
1.0000001,1
1.0000001,1
0.24110298,-1
-0.24641575,-1
-0.30367756,-1
0.04780808,-1
0.09355425,-1
0.9913211,1
1.0,1
0.9998897,1
1.0000001,1
1.0,1
-0.068952575,-1
-0.32095855,-1
-0.4110972,-1
-0.29282045,-1
0.0585613,-1
1.0,1
0.9973106,1
1.0,1
1.0,1
0.99372905,1
-0.13542101,-1
-0.09875969,-1
-0.046941806,-1
-0.18781063,-1
0.52585447,-1
1.0,1
1.0,1
0.9999999,1
1.0,1
0.992249,1
-0.15196052,-1
-0.1646887,-1
-0.1582824,-1
0.047241896,-1
0.1412072,-1
0.9976606,1
0.9995364,1
0.9902147,1
0.92862195,1
0.98258084,1
-0.017823631,-1
-0.043281335,-1
0.012334839,-1
-0.14275835,-1
0.6573019,-1
1.0,1
0.99044687,1
1.0,1
0.97750914,1
0.96367335,1
-0.051758055,-1
0.38726088,-1
0.20109087,-1
-0.054664787,-1
-0.32319868,-1
0.95994496,1
1.0000001,1
0.9998769,1
0.9998769,1
0.9820913,1
-0.2342765,-1
0.057124127,-1
-0.27780408,-1
-0.25443056,-1
0.46974355,-1
0.96488893,1
0.99999994,1
0.99641734,1
0.9938577,1
1.0000001,1
0.014659891,-1
0.48899648,-1
0.14821726,-1
-0.084369205,-1
-0.37716794,-1
1.0,1
0.9955983,1
1.0,1
1.0,1
1.0,1
-0.16127159,-1
-0.15555829,-1
0.020223303,-1
-0.016502006,-1
-0.30041972,-1
0.98965275,1
1.0,1
0.9808487,1
0.99736655,1
1.0,1
-0.08262212,-1
0.06443621,-1
-0.26404983,-1
-0.077115126,-1
0.04529831,-1
0.98776746,1
1.0,1
1.0,1
0.9998994,1
1.0,1
-0.024747299,-1
0.1013753,-1
0.1014684,-1
-0.25172326,-1
0.10200687,-1
0.9904246,1
0.99772084,1
1.0000001,1
1.0,1
0.99676174,1
-0.013912611,-1
-0.066809766,-1
1.0,-1
0.0051485156,-1
-0.25960746,-1
1.0000001,1
0.99991184,1
0.9936249,1
1.0000001,1
0.98322266,1
0.12541512,-1
0.47468942,-1
-0.07330917,-1
-0.2406432,-1
0.43095613,-1
1.0,1
0.9960069,1
0.9960069,1
1.0000001,1
1.0,1
0.13848759,-1
-0.24608907,-1
-0.20080423,-1
0.60762286,-1
0.43591252,-1
1.0000001,1
1.0,1
1.0000001,1
0.96678334,1
1.0,1
-0.03700031,-1
-0.24625057,-1
0.2621882,-1
-0.05523072,-1
0.028420674,-1
0.9999999,1
0.99223703,1
1.0,1
0.961505,1
0.99839664,1
0.09336363,-1
-0.34421742,-1
0.055563077,-1
-0.014527058,-1
0.051614027,-1
0.99171704,1
0.99989694,1
1.0000001,1
0.9357483,1
1.0000001,1
0.15536335,-1
0.057127148,-1
-0.3410848,-1
-0.06761844,-1
-0.39796993,-1
0.9904066,1
0.99046177,1
0.99323976,1
0.99374044,1
0.9970155,1
-0.032355845,-1
0.31876546,-1
-0.17580399,-1
0.04206838,-1
0.27972287,-1
1.0000001,1
0.9957159,1
0.98717743,1
0.9753729,1
1.0,1
0.005239751,-1
-0.3129989,-1
0.16932605,-1
-0.023026586,-1
0.110050045,-1
1.0,1
1.0000001,1
0.98231953,1
0.99789447,1
1.0,1
0.009995377,-1
0.37367865,-1
-0.015098229,-1
-0.25967595,-1
-0.42985243,-1
0.98747355,1
0.9914265,1
1.0,1
1.0,1
1.0,1
0.022087984,-1
-0.1613069,-1
0.0038654942,-1
-0.29346234,-1
-0.05523654,-1
0.99181855,1
0.99776757,1
1.0000001,1
1.0000001,1
0.99984825,1
0.34243658,-1
0.0050880183,-1
0.94407403,-1
0.18735895,-1
-0.117822684,-1
0.9723119,1
0.98940545,1
0.9803475,1
1.0000001,1
0.9850125,1
0.99983096,-1
-0.3522082,-1
-0.4428318,-1
0.1664626,-1
0.14543116,-1
1.0,1
1.0,1
1.0,1
0.9735564,1
1.0,1
0.28294206,-1
-0.18854858,-1
0.06621193,-1
-0.20632009,-1
0.07610234,-1
0.9999999,1
0.9976279,1
0.9984061,1
1.0,1
1.0,1
0.15204778,-1
-0.12536305,-1
-0.15220132,-1
-0.26033774,-1
-0.005585368,-1
0.9930861,1
1.0,1
0.9767179,1
0.9767849,1
1.0000002,1
0.027489457,-1
-0.30022776,-1
-0.1310679,-1
-0.09000058,-1
0.12379539,-1
0.9742971,1
0.9875003,1
0.9755438,1
0.99999994,1
0.9999089,1
-0.13834216,-1
-0.16720892,-1
0.37733275,-1
-0.18172625,-1
-0.09118568,-1
0.99984616,1
0.9779969,1
1.0,1
1.0,1
1.0,1
0.99984616,-1
-0.15808105,-1
0.11185188,-1
-0.22797419,-1
0.07558169,-1
0.9942579,1
1.0,1
0.98756737,1
1.0,1
0.9930625,1
0.27953726,-1
-0.26212254,-1
1.0000001,-1
0.9882745,-1
-0.08202357,-1
0.9506297,1
0.9956445,1
1.0,1
0.99999994,1
0.9999999,1
0.2121515,-1
-0.09919584,-1
-0.09794789,-1
0.046022393,-1
-0.2882091,-1
0.99292797,1
1.0,1
1.0,1
1.0,1
1.0,1
0.9475463,-1
-0.06921242,-1
0.3141968,-1
-0.26908395,-1
0.9286063,-1
0.9998554,1
0.9741738,1
0.9436486,1
1.0,1
1.0,1
0.3801943,-1
0.4388747,-1
0.16170512,-1
0.10401426,-1
0.51244015,-1
1.0,1
1.0,1
1.0,1
0.99999994,1
1.0000001,1
0.116248876,-1
-0.0430547,-1
-0.27258444,-1
0.15382726,-1
-0.11029417,-1
0.97989374,1
0.98817086,1
0.9999999,1
0.99402833,1
1.0,1
-0.22725002,-1
-0.044982415,-1
-0.341589,-1
-0.17163701,-1
-0.3312129,-1
0.9449611,1
0.9938112,1
1.0000001,1
1.0000001,1
1.0000001,1
0.0013883137,-1
-0.066252455,-1
-0.12017853,-1
-0.34525952,-1
-0.2689254,-1
0.99985206,1
0.9974474,1
0.99700886,1
0.988158,1
0.99946415,1
0.0128360875,-1
-0.15196374,-1
-0.049681697,-1
0.014831116,-1
-0.12968905,-1
1.0000001,1
1.0,1
0.9946289,1
0.99937975,1
0.95488757,1
-0.33571815,-1
-0.04457903,-1
0.18306197,-1
0.020740964,-1
-0.23461153,-1
0.9854602,1
1.0,1
0.9648226,1
0.9999999,1
1.0,1
-0.10001543,-1
-0.12866366,-1
0.023917142,-1
-0.22767691,-1
-0.09356981,-1
0.9986611,1
1.0,1
0.99501693,1
1.0,1
1.0000001,1
0.09808971,-1
-0.3872381,-1
0.015364018,-1
0.13707492,-1
-0.01922966,-1
0.9753908,1
1.0,1
0.9918204,1
0.9986076,1
0.99999994,1
0.56038654,-1
-0.040050734,-1
-0.08029705,-1
0.10803377,-1
-0.347699,-1
1.0000001,1
1.0,1
0.9971318,1
1.0000001,1
1.0000001,1
-0.12462746,-1
-0.081880674,-1
0.094745524,-1
0.19047496,-1
-0.016219892,-1
0.9785111,1
0.9432118,1
1.0,1
1.0,1
1.0000001,1
-0.13724321,-1
0.07607406,-1
0.18567953,-1
-0.38755402,-1
-0.23657267,-1
0.978511,1
1.0000001,1
0.9999999,1
0.9993549,1
0.9804715,1
0.07494997,-1
-0.023262946,-1
0.99986064,-1
-0.094930686,-1
0.0034782405,-1
1.0,1
0.9093509,1
0.98939526,1
0.94363916,1
1.0,1
-0.24932574,-1
0.32271296,-1
0.15510367,-1
-0.05969322,-1
-0.11531898,-1
0.99999994,1
0.9977632,1
0.99279326,1
0.9999999,1
1.0,1
-0.2687196,-1
-0.29578543,-1
-0.22844708,-1
-0.050799955,-1
-0.089247644,-1
0.98101026,1
1.0,1
0.97934216,1
0.9426465,1
0.9957243,1
-0.09601797,-1
-0.3171913,-1
0.07093765,-1
-0.33113635,-1
0.22478089,-1
0.99715966,1
0.9821872,1
1.0000001,1
1.0,1
0.9995532,1
-0.22096135,-1
-0.031766515,-1
-0.3188432,-1
0.92702764,-1
-0.048650026,-1
0.9904292,1
1.0,1
0.981225,1
1.0,1
1.0000001,1
-0.19991308,-1
0.05681037,-1
-0.16752906,-1
0.57551813,-1
-0.19389445,-1
0.9882842,1
0.9999999,1
1.0000001,1
0.99984884,1
0.99999994,1
-0.20779061,-1
0.075232156,-1
-0.31316116,-1
-0.119789235,-1
-0.22651565,-1
0.9973977,1
0.97379035,1
1.0000001,1
1.0000001,1
1.0,1
-0.2350963,-1
-0.3561422,-1
0.24063286,-1
0.3162863,-1
0.15573896,-1
1.0000001,1
0.9888039,1
1.0,1
0.99660456,1
0.99983793,1
-0.04480745,-1
0.037371766,-1
-0.1652913,-1
-0.14289412,-1
-0.24147022,-1
0.97202694,1
1.0,1
0.99356806,1
0.9628817,1
1.0,1
-0.17515665,-1
0.38227117,-1
-0.18288134,-1
-0.1601666,-1
0.21497318,-1
0.98906237,1
0.99255836,1
1.0000001,1
1.0,1
0.9544444,1
-0.15897042,-1
0.09107391,-1
-0.0047996105,-1
-0.01580863,-1
-0.33661133,-1
0.9998303,1
0.9999999,1
1.0,1
1.0000001,1
1.0000001,1
-0.26035625,-1
0.11631404,-1
0.16941798,-1
0.29997805,-1
1.0000001,-1
1.0,1
0.99539304,1
1.0,1
1.0,1
0.9735322,1
0.81324774,-1
-0.37700832,-1
-0.009975156,-1
-0.029280657,-1
0.1128466,-1
1.0,1
1.0,1
0.9767225,1
0.9915488,1
0.99999994,1
-0.43141276,-1
-0.3089623,-1
-0.35529545,-1
0.08940369,-1
-0.38763407,-1
0.9999999,1
0.9974193,1
0.9954216,1
0.99695677,1
1.0000001,1
-0.2554341,-1
0.05350027,-1
-0.291793,-1
-0.12579367,-1
-0.27766904,-1
0.9695763,1
1.0000001,1
1.0,1
0.9863806,1
0.98710877,1
-0.038300846,-1
-0.23040111,-1
-0.06460942,-1
-0.2515551,-1
-0.24992171,-1
0.99560726,1
0.99999994,1
0.9914256,1
1.0,1
0.9680479,1
-0.0011983128,-1
0.9998108,-1
-0.18090469,-1
0.46937075,-1
-0.26957303,-1
1.0,1
0.95795244,1
0.98599195,1
1.0000001,1
1.0,1
0.013993732,-1
-0.19608258,-1
-0.14364071,-1
-0.0964145,-1
-0.021490525,-1
0.9999999,1
0.97390014,1
1.0,1
0.98575747,1
0.9793171,1
-0.002753835,-1
-0.04422353,-1
0.13914277,-1
-0.006971238,-1
0.20957956,-1
1.0,1
0.9835074,1
0.9997878,1
0.96445596,1
0.9983661,1
-0.21311338,-1
-0.1865919,-1
-0.28716406,-1
0.5852623,-1
0.13914897,-1
1.0,1
0.9977701,1
1.0,1
0.973725,1
1.0000001,1
0.41690886,-1
-0.05112901,-1
-0.23580891,-1
-0.1402216,-1
0.12485867,-1
0.9997793,1
0.99430114,1
1.0,1
1.0000001,1
0.9906535,1
0.11350284,-1
-0.0667892,-1
-0.18643111,-1
0.31144485,-1
-0.24397607,-1
1.0000001,1
0.98661166,1
1.0000001,1
0.99315274,1
0.9999999,1
-0.015879782,-1
-0.3468773,-1
0.13352513,-1
-0.083364956,-1
-0.05036212,-1
1.0,1
0.9817636,1
0.99734855,1
0.99976486,1
1.0000002,1
0.24177706,-1
-0.5187309,-1
0.48682523,-1
0.06607508,-1
-0.11288601,-1
1.0,1
1.0000001,1
1.0000001,1
1.0000001,1
1.0000001,1
-0.2573527,-1
0.04183955,-1
0.41433138,-1
0.63471824,-1
1.0,-1
0.99999994,1
0.9994565,1
0.9976812,1
1.0000001,1
1.0,1
-0.10810885,-1
-0.07738617,-1
-0.13487172,-1
-0.49662146,-1
0.14716575,-1
1.0,1
1.0000001,1
0.9852919,1
0.992739,1
0.9942752,1
-0.0033559622,-1
-0.18501537,-1
0.011903922,-1
-0.058088686,-1
-0.07397581,-1
1.0,1
0.9998028,1
1.0,1
0.98301554,1
1.0000001,1
0.0403808,-1
-0.48076037,-1
0.11375705,-1
-0.41652474,-1
0.0409267,-1
1.0,1
1.0,1
1.0,1
1.0,1
1.0,1
0.11346346,-1
-0.17698136,-1
-0.21723185,-1
0.25757554,-1
0.2206431,-1
1.0000001,1
1.0,1
1.0,1
0.9952956,1
1.0000001,1
0.14418681,-1
-0.24044998,-1
0.047840584,-1
-0.13635172,-1
0.9720926,-1
1.0,1
0.9998065,1
0.9914286,1
0.98684174,1
1.0000001,1
0.07299053,-1
-0.031103209,-1
1.0000001,-1
-0.0973409,-1
0.0015267528,-1
0.9610683,1
1.0000001,1
0.9998114,1
0.99359,1
1.0000001,1
0.72592473,-1
0.04465476,-1
-0.19699965,-1
0.19231956,-1
-0.15917994,-1
1.0000002,1
0.9871581,1
1.0000001,1
1.0000001,1
0.9989933,1
-0.13382657,-1
-0.18089484,-1
0.21703768,-1
-0.021593397,-1
-0.3042366,-1
1.0,1
1.0,1
0.99999994,1
1.0,1
1.0,1
-0.13184224,-1
-0.16708684,-1
-0.046789743,-1
-0.23027748,-1
-0.35651892,-1
1.0000001,1
0.9879551,1
0.96915317,1
0.9979739,1
0.99999994,1
-0.12533465,-1
-0.062096268,-1
0.12624058,-1
0.38265592,-1
1.0,-1
0.99784434,1
1.0,1
0.99784434,1
1.0,1
0.9867389,1
0.4563386,-1
0.20126532,-1
-0.20826925,-1
-0.11515961,-1
-0.26425135,-1
0.99999994,1
0.9814292,1
1.0,1
1.0000001,1
0.99584895,1
0.20671625,-1
0.019084597,-1
-0.028399559,-1
0.14985952,-1
-0.143179,-1
0.9887085,1
0.9931156,1
0.99907434,1
0.9892372,1
0.93876415,1
0.077882774,-1
-0.14360288,-1
-0.069538146,-1
0.7832887,-1
-0.18714625,-1
1.0000001,1
0.9885199,1
0.9910409,1
0.98429275,1
0.9998451,1
0.07791007,-1
-0.11618365,-1
-0.49821225,-1
0.10463027,-1
-0.029527979,-1
0.99983585,1
1.0,1
1.0000001,1
0.99983585,1
0.99793315,1
-0.0024384279,-1
0.082811564,-1
0.130092,-1
0.007743532,-1
0.022368617,-1
1.0000001,1
0.9660599,1
1.0000001,1
1.0,1
0.98422265,1
0.00062997674,-1
-0.051134393,-1
0.23177183,-1
0.13335924,-1
-0.026633013,-1
0.98532146,1
1.0,1
0.9998387,1
1.0,1
1.0,1
-0.2127589,-1
0.09797021,-1
0.14071769,-1
-0.12326153,-1
-0.02273506,-1
0.98220855,1
1.0,1
1.0,1
0.9522756,1
1.0,1
-0.2541616,-1
-0.16972691,-1
-0.07006566,-1
0.36576512,-1
-0.15017933,-1
1.0000001,1
0.9999999,1
1.0,1
1.0,1
0.99692214,1
-0.21236655,-1
-0.18727694,-1
0.11888654,-1
0.18136005,-1
0.8771945,-1
0.9835492,1
1.0,1
0.98797435,1
1.0,1
1.0000001,1
0.089225456,-1
-0.1238539,-1
-0.2499017,-1
-0.0011669633,-1
-0.16757183,-1
1.0,1
1.0000001,1
1.0000001,1
0.9847748,1
1.0,1
0.04854091,-1
-0.18227035,-1
-0.3007189,-1
-0.03835109,-1
-0.041862335,-1
1.0000001,1
0.98310035,1
0.97974336,1
1.0,1
0.9398929,1
-0.0867435,-1
-0.11454844,-1
-0.20333643,-1
-0.043403126,-1
-0.16654468,-1
0.9999999,1
1.0000001,1
1.0000001,1
0.9920661,1
0.99305785,1
-0.17226067,-1
-0.0073001427,-1
0.014875581,-1
-0.21788138,-1
-0.074757494,-1
0.99405617,1
1.0,1
0.99975497,1
1.0,1
0.97115916,1
0.99975497,-1
0.11427547,-1
-0.040246665,-1
0.9384435,-1
-0.28961718,-1
0.98910093,1
1.0,1
1.0,1
1.0000001,1
0.9999999,1
-0.20175987,-1
0.5889251,-1
-0.13001177,-1
-0.24332567,-1
-0.045194276,-1
0.9996944,1
0.99999994,1
0.99654424,1
1.0000001,1
0.99654424,1
0.15061063,-1
0.59556085,-1
0.45610103,-1
-0.05236843,-1
0.9996944,-1
0.99208826,1
0.9245817,1
1.0,1
1.0,1
1.0,1
-0.24377051,-1
-0.42234707,-1
-0.15871736,-1
0.0992381,-1
-0.11968493,-1
0.9926675,1
1.0,1
1.0,1
0.99999994,1
1.0,1
-0.21455356,-1
0.20325199,-1
-0.06547662,-1
0.01165052,-1
-0.2505017,-1
0.9772882,1
1.0000001,1
0.99874127,1
1.0,1
1.0,1
-0.00038759614,-1
0.14106259,-1
-0.04298996,-1
0.12587674,-1
-0.38533232,-1
0.93864256,1
1.0000001,1
0.98495007,1
0.99378484,1
1.0000001,1
-0.15877454,-1
1.0,-1
0.72232944,-1
0.13280192,-1
-0.07788932,-1
1.0,1
1.0,1
1.0000001,1
0.9950944,1
1.0000001,1
0.086449794,-1
-0.063317075,-1
0.1079539,-1
-0.004755323,-1
0.067290746,-1
1.0000001,1
0.98073477,1
1.0,1
1.0000001,1
0.99999994,1
-0.2131548,-1
-0.40501165,-1
0.11093145,-1
-0.049616657,-1
-0.1621417,-1
0.99961704,1
0.990331,1
1.0,1
1.0000001,1
0.99337065,1
0.4079989,-1
0.5644187,-1
0.40596113,-1
-0.22326684,-1
-0.112123065,-1
0.99093765,1
1.0,1
1.0,1
0.9917737,1
1.0000001,1
-0.19730769,-1
-0.12576094,-1
-0.2106779,-1
0.5526348,-1
1.0000001,-1
1.0,1
1.0000001,1
1.0,1
0.9996557,1
1.0,1
0.4506654,-1
-0.03104711,-1
-0.08701691,-1
-0.15204303,-1
0.0063813063,-1
1.0000001,1
0.9849413,1
0.99783415,1
0.99772763,1
0.98477155,1
-0.22174254,-1
1.0,-1
0.49553552,-1
0.01126582,-1
0.31526068,-1
1.0000001,1
0.9744234,1
0.98616195,1
0.98935735,1
1.0000001,1
0.11162551,-1
0.64013636,-1
0.07954604,-1
0.13224997,-1
-0.24481934,-1
0.99999994,1
0.9959567,1
1.0,1
1.0,1
1.0,1
-0.12647626,-1
-0.023893904,-1
0.21503279,-1
0.055772934,-1
-0.24925254,-1
0.9576296,1
0.99768317,1
1.0,1
1.0,1
1.0,1
0.107631885,-1
-0.24650316,-1
-0.2096011,-1
0.009786183,-1
0.8135275,-1
1.0000001,1
1.0000001,1
0.9994673,1
0.99971396,1
0.99971396,1
-0.26064813,-1
0.08315647,-1
0.0065477747,-1
0.26029903,-1
0.4847113,-1
0.99754995,1
1.0,1
1.0,1
0.96960485,1
0.98966527,1
0.2526632,-1
-0.18430787,-1
-0.37088895,-1
-0.27442527,-1
0.12574443,-1
1.0000001,1
0.9970062,1
1.0000001,1
0.9933733,1
1.0,1
0.008077772,-1
-0.15212797,-1
-0.13915093,-1
-0.2458529,-1
-0.04553799,-1
1.0000001,1
1.0000001,1
1.0,1
1.0000001,1
0.99999994,1
-0.1085454,-1
-0.28302124,-1
-0.21011497,-1
-0.0662378,-1
0.026606232,-1
1.0,1
1.0000001,1
0.99999994,1
1.0,1
1.0000001,1
-0.06439303,-1
-0.07998949,-1
-0.13516696,-1
-0.1207237,-1
-0.13197166,-1
0.9958183,1
0.9630922,1
1.0000002,1
0.96420455,1
0.9877821,1
-0.13408561,-1
-0.10737984,-1
-0.07690798,-1
0.43377453,-1
-0.22867565,-1
0.94877625,1
1.0000001,1
0.9998028,1
0.99748373,1
0.9834812,1
0.027672388,-1
-0.3318898,-1
-0.23538946,-1
-0.012538101,-1
0.6544337,-1
1.0,1
0.9931568,1
1.0,1
0.9975027,1
1.0000001,1
-0.37438807,-1
-0.17103098,-1
0.6650805,-1
-0.13214831,-1
-0.0053401757,-1
0.97498006,1
0.9999999,1
1.0,1
0.9855991,1
0.9917192,1
0.62183297,-1
-0.215288,-1
-0.01852388,-1
0.042714383,-1
0.7742391,-1
0.99982977,1
1.0,1
0.99474216,1
0.99071956,1
1.0,1
-0.004064045,-1
-0.2518473,-1
-0.26039007,-1
-0.0581433,-1
-0.08360322,-1
0.99885255,1
0.9998474,1
1.0,1
0.98738587,1
1.0,1
0.0043831733,-1
0.15176697,-1
-0.18452546,-1
-0.19637994,-1
-0.13015684,-1
1.0000001,1
0.97844195,1
1.0000001,1
1.0000001,1
1.0,1
-0.19938266,-1
-0.05321231,-1
0.31449756,-1
-0.15372388,-1
0.19159405,-1
1.0,1
0.9818995,1
0.99420863,1
1.0000001,1
1.0,1
0.18838932,-1
1.0000001,-1
-0.11738555,-1
-0.12745664,-1
0.23417154,-1
1.0000001,1
0.99422735,1
0.9926806,1
1.0,1
0.9882022,1
-0.036648214,-1
0.03574128,-1
-0.36408523,-1
-0.029281422,-1
-0.041544102,-1
0.99185246,1
1.0,1
1.0000001,1
1.0000001,1
0.9978942,1
0.07694747,-1
0.071487434,-1
0.5081518,-1
-0.13836986,-1
-0.23001146,-1
0.99984866,1
0.99984866,1
0.99999994,1
0.9877314,1
1.0000001,1
-0.032903977,-1
0.020195194,-1
-0.18735372,-1
-0.0046755048,-1
0.40737367,-1
0.9952565,1
1.0,1
1.0,1
1.0,1
1.0,1
0.34652865,-1
-0.10712726,-1
0.022516327,-1
0.035724502,-1
1.0,-1
0.9999999,1
0.9977283,1
0.9832071,1
0.9998401,1
0.98406494,1
-0.051035654,-1
0.055152804,-1
-0.14810628,-1
-0.22037601,-1
-0.1143787,-1
1.0,1
1.0,1
0.99983835,1
0.9705037,1
0.99228823,1
0.0847546,-1
-0.026664473,-1
-0.25121105,-1
0.10931003,-1
-0.32008418,-1
0.98663896,1
1.0,1
0.99567693,1
1.0000001,1
0.9849384,1
0.1076457,-1
-0.018711904,-1
-0.3280708,-1
0.9998323,-1
0.89925295,-1
0.9979293,1
0.97489154,1
1.0000001,1
1.0,1
1.0000001,1
-0.13133466,-1
-0.020753594,-1
0.5232619,-1
-0.20327607,-1
0.29533172,-1
1.0,1
1.0,1
0.98712754,1
0.997323,1
1.0000001,1
0.15521784,-1
-0.14550906,-1
-0.36306444,-1
0.18181221,-1
0.018441679,-1
0.97595245,1
0.9917852,1
0.98396987,1
1.0000001,1
1.0000001,1
-0.15325145,-1
0.09589957,-1
-0.17328806,-1
0.037976738,-1
-0.22416067,-1
0.99985284,1
1.0,1
1.0,1
0.99967825,1
1.0,1
0.003469311,-1
-0.11474267,-1
0.10295833,-1
-0.26574704,-1
-0.11040963,-1
0.9986539,1
0.99803644,1
0.9999999,1
0.99274784,1
1.0,1
-0.110925175,-1
-0.07507105,-1
-0.0014794227,-1
-0.2400427,-1
0.031195674,-1
0.9966923,1
0.9729221,1
0.99938864,1
0.9976445,1
1.0,1
0.4362226,-1
-0.12349946,-1
1.0,-1
-0.13615397,-1
0.07723201,-1
0.9717048,1
1.0000001,1
1.0,1
0.9984313,1
0.97594184,1
0.104479104,-1
0.010502812,-1
-0.14308009,-1
-0.119801626,-1
0.104709044,-1
1.0,1
1.0000001,1
0.98753124,1
0.99854124,1
1.0,1
0.22284125,-1
0.09311259,-1
-0.025377337,-1
0.05518221,-1
0.9998772,-1
1.0,1
0.9999999,1
0.9998695,1
1.0000001,1
0.99999994,1
-0.11843596,-1
-0.20535383,-1
-0.07673021,-1
0.25576347,-1
0.21931623,-1
1.0,1
0.982952,1
1.0,1
1.0000001,1
1.0000001,1
-0.03809982,-1
0.6409893,-1
0.22413506,-1
0.09145817,-1
0.024926243,-1
1.0000001,1
1.0,1
0.9918821,1
0.9976761,1
1.0,1
-0.21178283,-1
-0.13312612,-1
-0.22599073,-1
0.13845389,-1
-0.21050851,-1
0.9137476,1
0.9999999,1
1.0,1
1.0000001,1
0.9960328,1
-0.19468072,-1
-0.17762235,-1
0.8498532,-1
0.0026809513,-1
0.052445613,-1
1.0,1
1.0000001,1
1.0,1
0.99986863,1
1.0,1
-0.31561628,-1
-0.035111297,-1
-0.25116688,-1
-0.28381997,-1
-0.030826792,-1
0.9999999,1
1.0000001,1
0.979407,1
0.9627485,1
0.9887556,1
-0.051462896,-1
-0.19316326,-1
-0.3022869,-1
0.0046898266,-1
-0.14684562,-1
1.0,1
1.0000001,1
0.990354,1
0.99431026,1
0.9898965,1
0.019694733,-1
-0.00064022397,-1
-0.0073700454,-1
0.8636043,-1
0.21121386,-1
0.96653634,1
0.9844022,1
1.0,1
1.0,1
0.97294265,1
0.83376396,-1
-0.30586743,-1
-0.23172648,-1
-0.09105357,-1
-0.07138898,-1
1.0000001,1
1.0,1
1.0,1
0.9425952,1
0.9801793,1
-0.25031605,-1
0.0015493998,-1
-0.33019528,-1
-0.07082118,-1
0.1601933,-1
1.0000001,1
0.9712927,1
1.0,1
1.0,1
0.9969915,1
-0.26518628,-1
0.26987797,-1
-0.06264867,-1
0.3400723,-1
-0.018665394,-1
0.9783189,1
1.0,1
0.9784349,1
1.0,1
0.9999999,1
-0.29804382,-1
-0.14287977,-1
0.011465178,-1
-0.09954681,-1
-0.19795235,-1
0.9871541,1
1.0,1
0.9749157,1
0.9999999,1
0.99304855,1
0.17184894,-1
0.071427606,-1
0.2512591,-1
-0.04147944,-1
0.17613383,-1
0.98949635,1
0.98548156,1
1.0,1
0.9828174,1
1.0,1
0.04398552,-1
0.41520298,-1
-0.14690647,-1
-0.167866,-1
-0.03939563,-1
0.9784139,1
0.9999999,1
1.0000001,1
0.947444,1
1.0,1
0.13868773,-1
0.21275537,-1
0.08923222,-1
0.07938587,-1
-0.32247132,-1
0.99999994,1
1.0000001,1
0.9869531,1
0.9800206,1
0.9982141,1
0.09923187,-1
-0.07016921,-1
-0.123804934,-1
0.29287377,-1
0.25061038,-1
0.9994325,1
1.0,1
1.0,1
1.0000001,1
1.0000001,1
0.14839463,-1
-0.16585532,-1
-0.2768989,-1
0.15450272,-1
-0.22776991,-1
0.99713254,1
0.98953277,1
1.0,1
1.0000001,1
0.9519689,1
-0.3043078,-1
0.042277727,-1
0.034990247,-1
0.07421251,-1
0.37948656,-1
0.9944568,1
1.0,1
0.9958545,1
1.0,1
0.9657118,1
-0.19142868,-1
0.5986459,-1
-0.103121966,-1
-0.3110968,-1
-0.10833754,-1
1.0000001,1
0.98798865,1
1.0,1
1.0,1
0.99640805,1
0.12199475,-1
-0.08154053,-1
-0.20510355,-1
-0.16933051,-1
0.5314962,-1
0.97268635,1
0.97345984,1
1.0000001,1
1.0000001,1
1.0,1
0.022955436,-1
-0.06845092,-1
0.28577504,-1
0.3180891,-1
0.41320476,-1
1.0000001,1
0.9898163,1
0.9403625,1
1.0,1
0.99777657,1
-0.13897981,-1
-0.1202096,-1
-0.3529547,-1
0.6480174,-1
0.005765457,-1
1.0000001,1
1.0000001,1
1.0000001,1
0.99520534,1
0.9940683,1
-0.07621562,-1
0.25416255,-1
-0.09552108,-1
0.11931636,-1
-0.031603716,-1
0.98997515,1
0.9660211,1
0.99988467,1
0.99784654,1
1.0000001,1
0.059238393,-1
0.09929716,-1
-0.25390905,-1
0.032630727,-1
-0.1224902,-1
1.0,1
0.987851,1
1.0,1
0.99355894,1
0.9999999,1
0.23164834,-1
-0.09441734,-1
0.12933393,-1
0.39681596,-1
0.5640515,-1
0.9998696,1
0.9667998,1
0.9920175,1
0.975158,1
1.0000001,1
-0.15352435,-1
0.07644296,-1
0.12654066,-1
-0.009312507,-1
-0.06369561,-1
0.99999994,1
1.0000001,1
0.99986964,1
0.9999999,1
0.99006456,1
-0.017480668,-1
-0.013962999,-1
-0.3522901,-1
-0.36239108,-1
0.014658437,-1
1.0000001,1
1.0,1
0.99986064,1
0.9812462,1
1.0000001,1
-0.23695716,-1
0.030034704,-1
-0.27157107,-1
-0.07211183,-1
-0.18455158,-1
0.97755986,1
0.99999994,1
1.0,1
1.0000001,1
0.99531907,1
-0.13906516,-1
0.68223405,-1
-0.19324908,-1
0.40958068,-1
0.16416319,-1
1.0,1
0.9747464,1
0.9772686,1
1.0000001,1
1.0000001,1
-0.14878793,-1
-0.23912644,-1
0.099986136,-1
0.9998526,-1
-0.05995611,-1
0.9910563,1
0.98736286,1
1.0000001,1
0.99790627,1
0.9951326,1
-0.14765579,-1
0.84293705,-1
-0.04813702,-1
-0.36973587,-1
-0.13242337,-1
0.9941373,1
0.99220514,1
0.9978855,1
0.99740547,1
1.0000001,1
-0.14832789,-1
-0.5333236,-1
0.015336678,-1
-0.23133764,-1
-0.19271494,-1
0.99999994,1
0.9950937,1
1.0000001,1
1.0,1
0.9878813,1
-0.13263883,-1
-0.30412194,-1
-0.17179777,-1
-0.095394395,-1
-0.068075076,-1
0.9760982,1
1.0000001,1
1.0000001,1
1.0,1
1.0,1
-0.026593711,-1
-0.052537385,-1
0.012763231,-1
-0.248977,-1
-0.098389626,-1
1.0000001,1
1.0,1
0.99672806,1
0.9999999,1
1.0,1
-0.06146353,-1
-0.010062371,-1
0.050404653,-1
-0.13644321,-1
-0.20205586,-1
0.95396143,1
0.99980986,1
0.993858,1
0.98292613,1
1.0,1
-0.18014142,-1
0.095726565,-1
-0.020744145,-1
-0.37859693,-1
-0.21989559,-1
1.0000001,1
0.99377364,1
1.0,1
0.99746174,1
0.97653854,1
-0.11711046,-1
0.10405322,-1
0.13909937,-1
0.28055573,-1
0.05816941,-1
1.0,1
0.96929157,1
1.0,1
0.96362555,1
0.99939054,1
0.055367842,-1
-0.027928844,-1
-0.030819263,-1
0.0816633,-1
-0.17439966,-1
0.99999994,1
0.9975083,1
1.0000001,1
0.9972744,1
1.0,1
-0.18041258,-1
0.33398274,-1
-0.2389149,-1
-0.30363664,-1
1.0,-1
0.9860496,1
0.9904251,1
1.0,1
0.9906429,1
0.982325,1
0.014525993,-1
-0.44046408,-1
-0.03992255,-1
-0.31572345,-1
0.67464113,-1
1.0000001,1
0.9851103,1
0.98142713,1
0.9969592,1
1.0000001,1
0.32242566,-1
0.03354008,-1
-0.09260089,-1
-0.037939016,-1
-0.20042445,-1
1.0,1
0.9891568,1
0.98055255,1
0.99269694,1
0.9962965,1
-0.023731964,-1
-0.18148687,-1
-0.09723716,-1
-0.15170513,-1
-0.037338622,-1
1.0,1
1.0,1
1.0000001,1
0.9999999,1
1.0,1
0.06334764,-1
0.10977538,-1
-0.32829586,-1
-0.38315988,-1
-0.2097289,-1
1.0,1
1.0,1
0.9916687,1
0.9999999,1
0.99962395,1
-0.023020104,-1
-0.09160804,-1
-0.13698502,-1
0.78461295,-1
-0.05435642,-1
0.97923076,1
1.0,1
1.0,1
0.973688,1
0.99499696,1
0.41774625,-1
0.06419327,-1
-0.1356598,-1
-0.0747794,-1
-0.15631042,-1
0.9845991,1
1.0,1
0.96571726,1
1.0000001,1
0.87748253,1
-0.08765045,-1
-0.04346762,-1
-0.06447427,-1
-0.0067031,-1
-0.08974284,-1
0.98537904,1
1.0000001,1
0.99757516,1
1.0000001,1
1.0000001,1
-0.27940887,-1
0.103111565,-1
-0.0558957,-1
-0.38392437,-1
-0.2026356,-1
0.99999994,1
0.9746742,1
0.97919816,1
0.9998419,1
0.99999994,1
0.28107366,-1
0.3025675,-1
0.48325264,-1
-0.30652443,-1
-0.14758548,-1
0.99299747,1
0.99069893,1
1.0,1
0.9790935,1
0.984207,1
0.77802384,-1
-0.20318724,-1
0.7006317,-1
0.028244944,-1
0.3214058,-1
1.0,1
1.0000001,1
0.9998071,1
1.0000001,1
1.0000001,1
-0.058689725,-1
0.08584536,-1
-0.28393248,-1
0.474253,-1
-0.0033617439,-1
1.0,1
1.0,1
1.0000001,1
0.9634783,1
0.99999994,1
0.076492235,-1
0.5030114,-1
0.33539158,-1
0.016521959,-1
-0.07774107,-1
0.9994195,1
1.0000001,1
0.9992502,1
0.98494524,1
0.999118,1
0.022668052,-1
-0.058936685,-1
-0.17236541,-1
0.9635702,-1
-0.28406295,-1
1.0000001,1
0.99287736,1
0.9928828,1
1.0000001,1
1.0,1
0.049940486,-1
0.06734188,-1
-0.39570898,-1
-0.04927217,-1
-0.032910276,-1
1.0,1
0.99566865,1
0.9855041,1
0.9842983,1
1.0,1
0.17477046,-1
0.056715522,-1
-0.18305595,-1
-0.079954,-1
-0.11982931,-1
0.99147654,1
1.0,1
1.0,1
0.99563485,1
1.0,1
0.34897685,-1
-0.06585158,-1
0.091982745,-1
0.14559063,-1
-0.32485217,-1
1.0,1
0.9939641,1
1.0000001,1
0.98513716,1
0.99999994,1
0.42447445,-1
0.06280073,-1
0.3003666,-1
0.06724209,-1
0.13359798,-1
1.0000001,1
1.0,1
1.0,1
0.9755928,1
0.99405915,1
0.0042851893,-1
-0.115799256,-1
0.049715087,-1
-0.17662571,-1
0.42136553,-1
1.0,1
0.99351966,1
1.0000001,1
1.0000001,1
1.0,1
-0.04916218,-1
0.011779919,-1
-0.27213803,-1
0.99932754,-1
0.18097164,-1
0.9978991,1
0.996049,1
0.97146827,1
0.99522805,1
0.9992967,1
0.03226848,-1
-0.33880204,-1
0.25068554,-1
0.020940041,-1
0.11320697,-1
0.9954429,1
1.0000001,1
1.0,1
0.99132943,1
1.0,1
-0.3418492,-1
-0.08382651,-1
0.36160257,-1
0.27337694,-1
-0.09079468,-1
0.9936499,1
1.0,1
0.9652691,1
1.0,1
0.99927926,1
-0.16713661,-1
0.011577318,-1
0.9667411,-1
-0.011877982,-1
-0.07080385,-1
1.0000001,1
1.0,1
1.0000001,1
1.0,1
0.9968042,1
-0.05569995,-1
0.005725766,-1
-0.081969075,-1
0.050511133,-1
-0.27987394,-1
0.99562466,1
1.0000001,1
0.98879397,1
0.99999994,1
0.99999994,1
0.21802974,-1
0.09669646,-1
0.07715964,-1
-0.07235996,-1
-0.29672733,-1
1.0000001,1
0.99999994,1
1.0,1
0.99999994,1
0.94175583,1
0.535275,-1
-0.09849093,-1
-0.41927683,-1
0.14875335,-1
-0.058588002,-1
0.99531764,1
0.95587796,1
0.99999994,1
0.95922035,1
0.99620277,1
-0.09334398,-1
0.003990888,-1
0.13876677,-1
-0.14872833,-1
-0.31325963,-1
0.9989845,1
1.0,1
1.0,1
0.96977586,1
0.9928508,1
-0.25448757,-1
0.62367946,-1
-0.09439115,-1
-0.007182045,-1
-0.032238938,-1
1.0,1
1.0000001,1
0.97440165,1
0.9965144,1
0.99999994,1
-0.29494032,-1
-0.34414095,-1
-0.07852176,-1
0.1828189,-1
0.042402472,-1
0.96741045,1
1.0,1
0.9782333,1
0.99762625,1
1.0,1
0.37016588,-1
-0.06299416,-1
-0.024427257,-1
-0.097687,-1
0.10898414,-1
1.0,1
1.0,1
0.99999994,1
0.97752905,1
0.99370533,1
-0.39175102,-1
0.68130916,-1
-0.33759895,-1
-0.19117296,-1
-0.070588365,-1
1.0,1
1.0000001,1
1.0,1
0.9796897,1
0.9518454,1
0.9969408,-1
-0.24680988,-1
0.035989534,-1
0.06305244,-1
0.083196595,-1
0.97536564,1
0.9852239,1
1.0000001,1
1.0000001,1
0.98487127,1
0.4817807,-1
0.42789707,-1
0.25749177,-1
0.059054956,-1
-0.17996038,-1
0.99999994,1
1.0,1
0.9814369,1
0.9746753,1
0.98434347,1
0.456452,-1
-0.045441326,-1
-0.3871769,-1
-0.26275206,-1
-0.1225234,-1
1.0000001,1
0.90327334,1
1.0000001,1
1.0000001,1
0.99960643,1
-0.11717562,-1
-0.19713369,-1
0.046562895,-1
0.8425608,-1
0.030817095,-1
0.9944427,1
1.0000001,1
1.0000001,1
0.98249805,1
0.9922929,1
0.28065237,-1
-0.02625419,-1
-0.07937798,-1
0.062701404,-1
-0.22162817,-1
1.0000001,1
0.99743706,1
1.0,1
0.99999994,1
1.0,1
-0.0094162775,-1
-0.14211719,-1
-0.07211582,-1
-0.097118504,-1
-0.07552139,-1
0.967103,1
0.96497136,1
0.9931263,1
0.99486685,1
0.96508163,1
0.13501856,-1
0.0657172,-1
0.52046955,-1
0.7674149,-1
0.13497894,-1
1.0,1
1.0,1
0.9970351,1
0.9851615,1
1.0000001,1
0.72043836,-1
0.41861483,-1
-0.18935011,-1
0.27150548,-1
0.13814297,-1
1.0,1
0.9887812,1
0.9999999,1
0.9919,1
1.0,1
0.0020700118,-1
0.117554165,-1
-0.12833676,-1
0.27282706,-1
-0.1522729,-1
1.0000001,1
1.0,1
1.0,1
0.9997148,1
1.0,1
-0.11545428,-1
0.8803325,-1
-0.018521477,-1
0.3436725,-1
-0.43023214,-1
0.99849075,1
0.9922782,1
0.9916821,1
0.99903244,1
0.97974247,1
-0.20887409,-1
-0.052767385,-1
-0.052431356,-1
-0.19564237,-1
0.2912538,-1
0.98752916,1
1.0,1
0.98722595,1
1.0,1
0.96130776,1
-0.24214894,-1
0.26696822,-1
-0.06914554,-1
0.0021938256,-1
-0.003519886,-1
0.99592966,1
1.0000001,1
1.0000001,1
1.0,1
0.9762178,1
-0.13137665,-1
0.39494464,-1
0.8558101,-1
-0.096374094,-1
0.99210554,-1
1.0,1
1.0,1
1.0000001,1
0.9780419,1
1.0,1
-0.066307336,-1
0.096811295,-1
0.7616921,-1
-0.024799071,-1
-0.13982238,-1
1.0,1
1.0000001,1
1.0000001,1
1.0000001,1
1.0,1
0.9618408,-1
0.19980337,-1
-0.3455469,-1
0.023617314,-1
-0.04967765,-1
0.9881609,1
1.0,1
1.0,1
1.0,1
1.0,1
0.3947689,-1
0.21249568,-1
0.026664784,-1
0.09048531,-1
-0.19001767,-1
0.9699013,1
0.9937743,1
0.9744887,1
0.99857235,1
0.99967134,1
0.5010889,-1
0.44326693,-1
-0.17195858,-1
-0.1402604,-1
-0.33868173,-1
1.0000001,1
0.99366695,1
1.0,1
0.9707878,1
0.95831466,1
-0.062178183,-1
-0.13638458,-1
0.83637094,-1
-0.10485748,-1
-0.10399649,-1
0.96519613,1
0.999636,1
0.9878478,1
1.0,1
0.9948482,1
0.01639242,-1
0.9732286,-1
1.0,-1
-0.010759482,-1
0.1269374,-1
0.99631965,1
1.0000001,1
1.0,1
1.0,1
1.0,1
0.73283124,-1
-0.049418498,-1
-0.237918,-1
-0.24112938,-1
0.64650196,-1
1.0,1
1.0,1
0.9939829,1
0.9999999,1
1.0,1
0.0034189457,-1
0.4974859,-1
-0.0027117867,-1
-0.33915183,-1
0.44239354,-1
0.99999994,1
0.9986724,1
0.9785031,1
0.95025235,1
0.99955547,1
1.0000001,-1
0.20535673,-1
0.16870084,-1
-0.27549565,-1
-0.26476675,-1
1.0,1
1.0,1
1.0,1
1.0,1
0.99999994,1
0.2529394,-1
-0.39785588,-1
-0.031784777,-1
-0.056327604,-1
0.9857385,-1
0.99414355,1
0.91310006,1
0.99097234,1
1.0000001,1
0.9967755,1
0.5810146,-1
0.1317478,-1
-0.04952323,-1
-0.4722561,-1
0.04915596,-1
0.9953719,1
0.9999999,1
0.9920916,1
0.9974318,1
0.9999999,1
-0.17218287,-1
0.2612652,-1
-0.1290379,-1
-0.1269057,-1
0.029084174,-1
0.99028975,1
1.0,1
0.99553573,1
0.9799749,1
0.9907564,1
-0.14321464,-1
-0.08998476,-1
1.0000001,-1
-0.11214188,-1
-0.35921952,-1
0.9940813,1
0.99504864,1
1.0,1
1.0,1
0.97603434,1
-0.22232677,-1
0.0659115,-1
-0.32234466,-1
-0.27078512,-1
-0.5848847,-1
0.97698337,1
1.0000001,1
1.0,1
0.91281277,1
0.9841482,1
0.26642156,-1
-0.116347514,-1
0.01548036,-1
0.16995625,-1
0.23428376,-1
1.0,1
1.0,1
1.0000001,1
0.9975057,1
1.0,1
-0.37133545,-1
-0.29295585,-1
-0.015447448,-1
-0.046627585,-1
0.1473132,-1
0.9914966,1
0.98956686,1
1.0000001,1
1.0,1
1.0,1
0.058841143,-1
-0.2712603,-1
0.11814389,-1
0.21008617,-1
-0.29643866,-1
