0.80608386,1
0.7127001,1
0.9597057,1
0.9398662,1
1.0000001,1
0.14060944,-1
0.18376638,-1
0.39773902,-1
-0.2408513,-1
0.038431376,-1
0.9280859,1
1.0000001,1
0.94724196,1
1.0,1
0.88055855,1
-0.13425581,-1
0.20145418,-1
0.28979987,-1
-0.37021127,-1
-0.20081201,-1
1.0,1
0.73823434,1
0.9926972,1
1.0,1
0.9050956,1
-0.022508621,-1
-0.18221729,-1
0.17770694,-1
-0.051159702,-1
-0.48174325,-1
0.99434716,1
1.0000002,1
1.0000001,1
0.9856485,1
0.9292417,1
-0.14717907,-1
-0.105918065,-1
-0.26832604,-1
-0.1547386,-1
0.041066315,-1
0.8837104,1
0.9999999,1
1.0,1
1.0000001,1
1.0,1
0.6577691,-1
-0.19600344,-1
-0.04773918,-1
0.42337012,-1
-0.45094538,-1
0.99999994,1
0.9532612,1
0.9999999,1
1.0000001,1
1.0,1
-0.25618273,-1
0.120232634,-1
0.17121692,-1
-0.36483422,-1
0.37477764,-1
0.85604525,1
0.8619897,1
0.9029464,1
0.9432867,1
0.97876096,1
0.118534714,-1
0.15958236,-1
-0.29932743,-1
0.28832364,-1
-0.23818448,-1
0.98799396,1
1.0000001,1
0.9999999,1
0.95100284,1
1.0,1
0.18216892,-1
-0.021002715,-1
-0.21820356,-1
0.02719637,-1
-0.098368794,-1
0.961712,1
0.95062304,1
1.0000001,1
0.97717243,1
0.9567806,1
-0.12225405,-1
-0.16867495,-1
-0.26896945,-1
0.30848336,-1
-0.09523398,-1
0.9071663,1
0.9981068,1
1.0000001,1
0.9928439,1
0.91321987,1
-0.09647298,-1
0.1008579,-1
-0.35034305,-1
-0.48410875,-1
-0.14481261,-1
0.9223445,1
1.0,1
1.0,1
0.94015497,1
1.0000001,1
0.65200126,-1
-0.24283805,-1
0.9205032,-1
0.40732136,-1
-0.27318388,-1
0.691312,1
0.99632484,1
1.0000001,1
0.99999994,1
1.0,1
0.6871804,-1
-0.39766967,-1
0.9786324,-1
0.051803913,-1
-0.23840666,-1
0.93527085,1
0.9802395,1
1.0,1
0.83861643,1
0.96602833,1
0.28599745,-1
0.5564283,-1
-0.31804663,-1
-0.30028504,-1
-0.27156487,-1
0.9908483,1
1.0000001,1
0.8505217,1
0.821371,1
1.0,1
-0.25982165,-1
-0.4069863,-1
-0.22714049,-1
-0.09505785,-1
-0.17754063,-1
1.0,1
1.0000002,1
0.9551572,1
1.0,1
0.9999999,1
-0.17579491,-1
-0.17346306,-1
-0.17727794,-1
-0.42848948,-1
-0.5981145,-1
0.99999994,1
1.0000001,1
1.0000001,1
1.0,1
1.0000001,1
0.061328426,-1
-0.22230445,-1
-0.3836143,-1
-0.009079002,-1
-0.20792815,-1
1.0000001,1
1.0000001,1
0.981533,1
0.96374327,1
1.0,1
-0.34816378,-1
-0.28756326,-1
0.98381966,-1
0.09634737,-1
-0.004047386,-1
0.9999999,1
1.0,1
0.99498624,1
1.0000001,1
0.96717113,1
0.0734012,-1
-0.091480434,-1
-0.35807458,-1
0.06262015,-1
-0.35075158,-1
0.8779548,1
0.9474956,1
1.0,1
0.99999994,1
0.99689835,1
0.08034047,-1
0.484199,-1
-0.19501759,-1
0.03498902,-1
-0.16283965,-1
0.9440425,1
0.92064065,1
0.82229304,1
0.90802014,1
0.8714284,1
-0.09125305,-1
-0.43584332,-1
-0.22971895,-1
-0.39268932,-1
0.1592375,-1
1.0,1
0.82774794,1
0.9710751,1
0.88862914,1
1.0,1
-0.28229722,-1
-0.1254652,-1
-0.22555807,-1
-0.14438029,-1
-0.0133337965,-1
0.9599799,1
1.0000001,1
0.99999994,1
0.8847982,1
1.0000001,1
-0.103388175,-1
0.69308734,-1
0.6772896,-1
0.054119367,-1
0.002800509,-1
1.0,1
0.9886915,1
1.0,1
0.976195,1
0.8971124,1
0.11309548,-1
-0.25227907,-1
-0.06621866,-1
0.028169421,-1
0.31820956,-1
0.7938062,1
1.0000001,1
1.0000001,1
0.9286598,1
1.0,1
-0.24309863,-1
0.4472184,-1
0.005202782,-1
0.33848944,-1
-0.33160755,-1
1.0000001,1
1.0000001,1
1.0,1
1.0,1
0.9811347,1
-0.2266528,-1
-0.29364884,-1
-0.4259223,-1
-0.12212698,-1
0.61872584,-1
1.0,1
1.0,1
0.79390866,1
0.85298556,1
1.0,1
-0.34546494,-1
-0.15745416,-1
-0.19457883,-1
-0.18326093,-1
-0.19302733,-1
0.94993263,1
0.90918154,1
0.99999994,1
1.0000001,1
0.982078,1
-0.2943837,-1
0.022849724,-1
-0.11695935,-1
-0.2556008,-1
0.39145142,-1
0.7358714,1
1.0000001,1
0.60766083,1
0.9580365,1
1.0000001,1
0.3218287,-1
-0.24387294,-1
-0.17097312,-1
0.8902258,-1
0.2446335,-1
0.99999994,1
0.93188745,1
1.0000001,1
1.0000001,1
1.0,1
0.35607827,-1
0.27149814,-1
-0.05861692,-1
0.11595448,-1
0.034861624,-1
1.0,1
0.94384825,1
1.0,1
0.8787773,1
0.99999994,1
-0.16665852,-1
0.36725122,-1
0.3892645,-1
0.00833288,-1
0.86842847,-1
0.86929274,1
0.9481339,1
0.97917074,1
1.0,1
1.0000001,1
-0.17609814,-1
0.01169989,-1
-0.36112413,-1
-0.29812983,-1
0.38332292,-1
0.9287512,1
0.87690693,1
1.0000001,1
1.0000001,1
0.9349912,1
-0.25679407,-1
-0.25164065,-1
-0.2228506,-1
0.53256685,-1
0.08524191,-1
0.8151409,1
1.0000001,1
0.99999994,1
1.0000001,1
0.86353,1
-0.42324919,-1
0.5381102,-1
-0.20772934,-1
-0.07415263,-1
-0.103913665,-1
1.0,1
1.0,1
0.9999999,1
0.9894955,1
1.0,1
-0.09541032,-1
-0.22752744,-1
-0.115149304,-1
0.4382256,-1
0.46842542,-1
1.0000001,1
1.0,1
0.99999994,1
0.9682144,1
0.9813409,1
-0.23438214,-1
0.091422856,-1
-0.20029716,-1
0.1811794,-1
-0.07627472,-1
1.0,1
0.89887875,1
0.752545,1
1.0000001,1
1.0000001,1
0.22849467,-1
-0.3247693,-1
0.49636397,-1
-0.1645158,-1
0.3115317,-1
1.0000001,1
0.96882063,1
0.98173606,1
0.78681606,1
0.6207117,1
0.0142836515,-1
0.24764247,-1
-0.06968968,-1
-0.2711437,-1
0.44917056,-1
0.9999999,1
0.8476236,1
0.98006564,1
1.0000001,1
0.99999994,1
-0.28228283,-1
0.80372304,-1
-0.072152995,-1
0.6397309,-1
-0.41822952,-1
1.0,1
0.8744841,1
0.93424106,1
0.9693396,1
0.89633566,1
-0.3768363,-1
-0.12664467,-1
0.38038462,-1
0.07562774,-1
-0.11915241,-1
0.9999999,1
1.0000001,1
1.0,1
1.0,1
0.90470827,1
0.21764927,-1
0.07671768,-1
-0.057368115,-1
0.3137943,-1
-0.399491,-1
0.94716203,1
0.9758399,1
0.15109381,1
1.0,1
1.0000001,1
0.40422648,-1
0.6971592,-1
-0.28149423,-1
0.6114894,-1
0.6350735,-1
0.9711584,1
1.0000001,1
0.8731808,1
1.0000001,1
0.96461034,1
0.07069287,-1
0.35223922,-1
-0.47454646,-1
0.4158944,-1
0.51579267,-1
1.0000001,1
0.9503543,1
0.93504554,1
1.0,1
0.9474058,1
0.693906,-1
-0.06460961,-1
-0.26004222,-1
0.94694597,-1
0.12694427,-1
0.9438536,1
0.81884706,1
0.9174797,1
0.9193352,1
1.0000001,1
0.53533715,-1
0.34961987,-1
0.17299223,-1
-0.09516472,-1
-0.108366735,-1
0.91019267,1
1.0,1
0.69363093,1
1.0000001,1
1.0,1
-0.19976045,-1
-0.22860622,-1
0.24619186,-1
0.10721995,-1
-0.3014395,-1
0.8285156,1
1.0000001,1
0.7411435,1
1.0,1
1.0000001,1
0.36349437,-1
0.09585425,-1
-0.07394082,-1
-0.20335828,-1
-0.2908028,-1
0.9982077,1
0.8714258,1
0.96620315,1
1.0000001,1
0.98576367,1
-0.44205642,-1
0.11150863,-1
-0.4414053,-1
-0.26631862,-1
-0.36278552,-1
0.98868513,1
0.8747724,1
0.94503224,1
0.9260792,1
0.9264382,1
-0.09089936,-1
-0.105029784,-1
0.7619838,-1
0.22754933,-1
0.024100414,-1
0.9111104,1
1.0,1
1.0000001,1
0.968199,1
0.8178224,1
-0.47113782,-1
-0.0007163326,-1
-0.16796601,-1
-0.3265766,-1
0.5659773,-1
1.0,1
0.92312056,1
0.96867794,1
0.8736918,1
0.99999994,1
-0.023502072,-1
0.4544256,-1
0.42184216,-1
-0.28111464,-1
-0.30531907,-1
0.9148989,1
0.9476844,1
1.0,1
0.9592398,1
1.0,1
0.11398242,-1
-0.47224578,-1
0.50765413,-1
-0.20788792,-1
-0.6129117,-1
0.8500469,1
1.0,1
1.0000001,1
1.0,1
0.9826832,1
-0.115591474,-1
0.8932122,-1
-0.27958092,-1
-0.523068,-1
0.8568342,-1
0.97263974,1
0.9475157,1
0.84089375,1
0.99999994,1
1.0,1
-0.17076333,-1
-0.09918217,-1
0.02113159,-1
-0.17142516,-1
-0.47702253,-1
1.0000001,1
0.9686358,1
1.0,1
1.0,1
1.0000001,1
-0.3306153,-1
-0.3525204,-1
0.45041522,-1
-0.054993194,-1
0.73546135,-1
0.90610963,1
0.9999999,1
1.0000001,1
1.0000001,1
0.9505813,1
0.3450132,-1
0.6003001,-1
-0.061063003,-1
-0.021248644,-1
-0.25352374,-1
1.0,1
0.87643933,1
0.9638383,1
0.99999994,1
1.0,1
-0.4195438,-1
-0.17922115,-1
0.24821365,-1
0.29106814,-1
0.82128817,-1
1.0,1
0.99544966,1
1.0000001,1
0.80456096,1
0.81059545,1
-0.07641267,-1
0.58944196,-1
0.2058223,-1
-0.1188094,-1
-0.25975356,-1
0.9066075,1
0.9566555,1
0.9734347,1
0.95559615,1
0.93269706,1
0.33324987,-1
-0.3038331,-1
0.677293,-1
-0.42906195,-1
0.8242473,-1
1.0,1
1.0,1
1.0,1
1.0,1
1.0,1
0.5811933,-1
-0.0956826,-1
-0.2102727,-1
0.63241905,-1
0.50039667,-1
1.0,1
0.9999999,1
0.91468287,1
0.93048483,1
0.97884166,1
-0.42431647,-1
0.23592363,-1
-0.059364524,-1
0.0025570742,-1
-0.49850532,-1
0.9314722,1
0.93675154,1
1.0,1
1.0,1
1.0,1
0.23847614,-1
-0.20269059,-1
0.2117529,-1
-0.19885497,-1
-0.4010242,-1
0.89932346,1
1.0,1
0.99999994,1
0.94602656,1
1.0000001,1
-0.26365542,-1
-0.31117377,-1
0.5307352,-1
-0.27342167,-1
-0.059708655,-1
1.0000001,1
0.80384594,1
0.96184,1
0.9525877,1
1.0000001,1
-0.21842216,-1
-0.0024022597,-1
-0.305349,-1
0.65035754,-1
0.58878046,-1
1.0,1
1.0,1
1.0,1
1.0,1
1.0,1
0.051065285,-1
-0.41915762,-1
0.30946082,-1
0.048554253,-1
-0.047757216,-1
1.0000001,1
0.9029744,1
0.91892284,1
0.79838413,1
0.98514664,1
-0.09830065,-1
0.35675094,-1
0.2264749,-1
0.043800257,-1
-0.5475398,-1
0.99999994,1
0.834051,1
1.0,1
0.89501786,1
0.9163186,1
-0.33793893,-1
0.5315831,-1
0.3188872,-1
0.14833757,-1
-0.005450088,-1
1.0,1
0.9201644,1
0.7744243,1
0.87557006,1
1.0000001,1
-0.12387308,-1
0.6443923,-1
-0.068442814,-1
0.010600002,-1
0.68151325,-1
1.0,1
1.0,1
1.0000001,1
0.99999994,1
0.96188754,1
0.3625737,-1
-0.1578306,-1
-0.040453903,-1
-0.5458353,-1
-0.31807846,-1
1.0000001,1
1.0000001,1
1.0000001,1
0.8496415,1
0.9622757,1
-0.30411568,-1
-0.42160136,-1
0.5968808,-1
-0.061561596,-1
-0.023854135,-1
1.0000001,1
1.0,1
0.92215604,1
0.98604685,1
1.0,1
0.54142123,-1
0.048356246,-1
0.120901346,-1
-0.22316498,-1
-0.005689805,-1
1.0,1
1.0,1
0.83562154,1
0.9726575,1
1.0,1
0.43939394,-1
-0.048276726,-1
-0.11136998,-1
-0.30813587,-1
-0.07165956,-1
1.0,1
0.9084689,1
1.0000001,1
1.0,1
0.93754125,1
0.18100889,-1
0.2300519,-1
-0.022053517,-1
-0.08297933,-1
0.68009126,-1
0.94295084,1
1.0,1
0.9611765,1
1.0,1
0.81594425,1
-0.068789236,-1
0.017501315,-1
-0.03262709,-1
-0.015848417,-1
0.8310377,-1
0.9999999,1
0.9628918,1
1.0,1
0.99999994,1
0.96310896,1
0.10795769,-1
-0.2926119,-1
-0.27080643,-1
-0.21095474,-1
-0.183854,-1
1.0000001,1
0.8752977,1
0.9212224,1
0.9873225,1
0.98889637,1
0.463783,-1
-0.057306092,-1
0.73419935,-1
0.15041015,-1
0.6457411,-1
1.0,1
0.99123704,1
0.9870438,1
0.9623473,1
1.0000001,1
0.54029936,-1
0.23847428,-1
0.42762542,-1
-0.021753546,-1
-0.113501824,-1
1.0,1
1.0000001,1
1.0,1
1.0,1
0.935501,1
0.11536333,-1
0.8310909,-1
-0.21653947,-1
-0.003395725,-1
0.46030593,-1
1.0000001,1
1.0,1
0.7743993,1
0.964536,1
1.0,1
-0.21213078,-1
0.4096684,-1
-0.40808278,-1
0.0024128717,-1
0.06057781,-1
1.0,1
1.0000001,1
0.99166703,1
0.6531201,1
0.77753925,1
-0.08238485,-1
-0.28988183,-1
0.04299835,-1
-0.30781442,-1
0.24816139,-1
1.0,1
1.0,1
1.0000001,1
0.9744103,1
0.98154974,1
0.102271415,-1
-0.33042222,-1
0.6198574,-1
-0.0070670466,-1
0.27557746,-1
1.0000001,1
0.9522839,1
0.9771869,1
1.0000001,1
1.0000001,1
0.33231768,-1
-0.23679666,-1
-0.28002986,-1
0.23930952,-1
0.17049448,-1
1.0,1
1.0000001,1
0.99855435,1
1.0,1
1.0,1
-0.15300263,-1
0.017515603,-1
-0.26067466,-1
-0.11749917,-1
0.25932854,-1
1.0,1
1.0000001,1
1.0000001,1
0.91159934,1
1.0,1
-0.25098655,-1
0.5155369,-1
-0.23194069,-1
0.22253972,-1
0.89485294,-1
0.8892573,1
0.8441532,1
0.92775494,1
1.0000001,1
0.92512506,1
0.23663847,-1
0.5771668,-1
-0.12782204,-1
-0.31578794,-1
0.038027707,-1
0.96109015,1
1.0000001,1
1.0,1
1.0,1
0.98181546,1
0.7945293,-1
-0.12712653,-1
-0.430252,-1
-0.24107033,-1
0.19997251,-1
0.9209634,1
0.96876425,1
0.8956307,1
1.0,1
1.0,1
-0.41842812,-1
-0.26669902,-1
0.11785448,-1
-0.4040762,-1
0.2730635,-1
0.99507266,1
0.87873304,1
1.0000001,1
0.9676117,1
1.0000001,1
-0.015237367,-1
-0.048854377,-1
-0.06956523,-1
-0.0743032,-1
0.45480436,-1
0.99999994,1
0.9518428,1
0.9787481,1
1.0000001,1
1.0,1
-0.16585909,-1
0.31575403,-1
0.046273977,-1
-0.10708143,-1
-0.19722232,-1
1.0000001,1
1.0,1
0.94920903,1
0.9999999,1
1.0000001,1
-0.18477073,-1
0.40240216,-1
-0.018910598,-1
0.278633,-1
-0.14569944,-1
1.0,1
1.0,1
1.0000001,1
1.0,1
1.0,1
0.06909485,-1
-0.068251885,-1
0.015730299,-1
-0.22485512,-1
-0.36846748,-1
0.9587604,1
0.99999994,1
1.0000001,1
1.0,1
0.96851385,1
0.21486641,-1
-0.12895165,-1
0.20626394,-1
0.0812047,-1
0.52019256,-1
1.0,1
0.99999994,1
1.0000001,1
1.0,1
0.95372415,1
-0.24526368,-1
0.42214894,-1
0.60240126,-1
0.10366235,-1
-0.10511243,-1
0.9352876,1
0.84659165,1
1.0000001,1
1.0,1
0.90101045,1
0.27606255,-1
0.11262989,-1
-0.19241631,-1
0.38536754,-1
-0.052758016,-1
1.0000001,1
1.0,1
1.0,1
1.0000001,1
1.0000001,1
-0.2711623,-1
-0.34888127,-1
-0.49270844,-1
0.06434039,-1
0.52628255,-1
1.0000001,1
0.94630617,1
1.0,1
1.0000001,1
1.0000001,1
-0.03248287,-1
-0.18799439,-1
-0.12819906,-1
0.010486868,-1
0.32922706,-1
0.9423257,1
0.85332096,1
1.0,1
0.94197357,1
0.9964217,1
0.01904919,-1
-0.1446932,-1
-0.11378212,-1
-0.3360569,-1
0.031456742,-1
0.94301355,1
0.8365563,1
1.0000001,1
0.9979413,1
0.63284916,1
0.21529911,-1
0.48124996,-1
0.49411812,-1
0.18137534,-1
-0.17116871,-1
0.93873096,1
1.0000001,1
0.91213584,1
1.0,1
0.87043256,1
0.08036376,-1
-0.32465294,-1
-0.03399802,-1
-0.34368157,-1
0.1404495,-1
0.99999994,1
1.0000001,1
0.99999994,1
1.0000001,1
1.0000001,1
0.38963985,-1
-0.5144794,-1
-0.36785972,-1
-0.27986142,-1
0.41181895,-1
1.0,1
1.0,1
1.0000001,1
1.0000001,1
1.0,1
0.14699431,-1
0.27893895,-1
0.121932626,-1
0.80351883,-1
0.15912838,-1
1.0,1
1.0000001,1
0.9634887,1
0.9862377,1
0.9619774,1
-0.49214876,-1
-0.02677215,-1
-0.091996565,-1
-0.010883545,-1
-0.5153451,-1
1.0,1
1.0000001,1
0.94919455,1
1.0,1
0.9979056,1
-0.3976838,-1
-0.4513553,-1
0.26261556,-1
-0.2685181,-1
0.5583264,-1
1.0000001,1
1.0,1
0.9401189,1
0.92309725,1
0.987281,1
0.028766492,-1
-0.23469985,-1
0.3864653,-1
-0.32244554,-1
0.01694228,-1
1.0,1
0.96341085,1
0.7376389,1
1.0,1
0.9475156,1
0.3165217,-1
0.36507353,-1
0.49862537,-1
-0.21848463,-1
-0.09417001,-1
0.9824936,1
1.0,1
0.89249724,1
0.99758387,1
1.0000001,1
0.8175748,-1
0.7221735,-1
-0.26548484,-1
-0.36529526,-1
0.07835194,-1
0.978792,1
0.59001905,1
1.0000001,1
1.0000001,1
1.0000001,1
-0.06746612,-1
-0.12598647,-1
0.49381617,-1
-0.17443089,-1
-0.29430258,-1
0.9819835,1
0.9389193,1
0.9970448,1
0.98457813,1
1.0,1
-0.1357423,-1
-0.36974746,-1
-0.34759068,-1
0.76757276,-1
-0.2247298,-1
0.9809581,1
0.9366917,1
0.93025666,1
0.87029016,1
1.0,1
-0.24617639,-1
-0.07635286,-1
-0.22906089,-1
0.06349377,-1
-0.28952247,-1
0.8789058,1
1.0,1
1.0,1
1.0000001,1
0.9999999,1
-0.334143,-1
-0.062169734,-1
-0.45285198,-1
-0.024898544,-1
0.32411644,-1
0.9524287,1
0.93739265,1
1.0000001,1
1.0000001,1
0.99896705,1
0.20189376,-1
-0.4748193,-1
-0.011660894,-1
0.030500567,-1
-0.074181974,-1
0.94589615,1
1.0,1
1.0000001,1
0.9636489,1
1.0,1
0.3616997,-1
0.019724749,-1
-0.13729687,-1
0.7124882,-1
-0.11370981,-1
1.0000001,1
1.0000001,1
1.0,1
0.922709,1
1.0000001,1
0.13942221,-1
-0.008534954,-1
-0.4661673,-1
-0.2662677,-1
0.5615295,-1
1.0000001,1
0.8986267,1
1.0000001,1
0.99999994,1
0.9518174,1
0.07329325,-1
-0.022429504,-1
-0.007648333,-1
-0.08841963,-1
-0.21659982,-1
1.0,1
1.0000001,1
0.88059187,1
1.0,1
0.9537703,1
-0.24918522,-1
0.41871145,-1
-0.2690476,-1
0.00067949865,-1
-0.07111842,-1
0.94977325,1
1.0,1
1.0,1
0.8775011,1
0.942706,1
0.37169304,-1
-0.2685706,-1
-0.10832248,-1
0.1711376,-1
-0.023655152,-1
0.6794483,1
1.0000001,1
1.0000001,1
0.89936215,1
0.98444545,1
0.38532218,-1
0.48574156,-1
0.7050141,-1
-0.29504827,-1
-0.5348304,-1
1.0,1
0.9695828,1
0.97924024,1
0.9607024,1
0.92393994,1
-0.1960206,-1
-0.08787105,-1
0.049847268,-1
0.79950845,-1
0.06967863,-1
0.89472985,1
1.0000001,1
0.99409956,1
0.89133155,1
0.95509213,1
-0.055331383,-1
0.0534818,-1
-0.045259774,-1
0.07518984,-1
-0.09141097,-1
1.0,1
1.0,1
0.86619735,1
1.0000001,1
0.96937156,1
0.373453,-1
-0.42091933,-1
0.537325,-1
0.30526248,-1
-0.23890778,-1
0.95909023,1
0.98125243,1
1.0000001,1
1.0000001,1
1.0000001,1
0.3281912,-1
-0.021142209,-1
0.0450894,-1
-0.13340636,-1
0.11905753,-1
1.0,1
1.0000001,1
0.9706175,1
1.0,1
1.0,1
0.00809183,-1
-0.3944987,-1
-0.3538503,-1
-0.45116886,-1
0.41444805,-1
1.0,1
1.0000001,1
0.6829418,1
0.9868509,1
1.0,1
0.11649621,-1
0.3130675,-1
0.5320572,-1
0.4191902,-1
-0.13691661,-1
1.0000001,1
1.0000001,1
1.0000001,1
1.0,1
0.85640675,1
-0.23851193,-1
0.05380976,-1
-0.097612575,-1
-0.3106266,-1
-0.21638049,-1
0.86254376,1
1.0000001,1
0.9376961,1
1.0000001,1
1.0000001,1
0.46282306,-1
-0.17161928,-1
-0.2775831,-1
-0.31156605,-1
0.96892023,-1
1.0000001,1
0.93400717,1
1.0,1
1.0,1
0.95269287,1
-0.58030814,-1
-0.3676796,-1
0.14086209,-1
-0.13366197,-1
-0.041745257,-1
0.9999999,1
0.9053767,1
1.0,1
1.0000001,1
1.0000001,1
-0.050634757,-1
0.41537914,-1
0.049440067,-1
0.7383351,-1
-0.25699252,-1
1.0,1
0.9636934,1
0.97626066,1
0.9367987,1
0.95831656,1
-0.021522518,-1
-0.14876266,-1
-0.17903803,-1
-0.070095085,-1
0.08232113,-1
1.0000001,1
0.97167146,1
0.9439986,1
0.8059861,1
0.9999999,1
0.07441636,-1
0.57041687,-1
-0.32986158,-1
0.19035424,-1
0.5825411,-1
0.9994884,1
0.95458955,1
0.99999994,1
0.98193365,1
1.0000001,1
-0.19109897,-1
0.6544565,-1
0.047920883,-1
-0.02696907,-1
0.6932707,-1
1.0000001,1
1.0,1
0.9956743,1
0.96473235,1
1.0000001,1
0.3235752,-1
-0.34108132,-1
0.23477298,-1
-0.036004726,-1
-0.24729967,-1
0.27344367,1
1.0,1
1.0000001,1
1.0000001,1
0.91334426,1
0.7843544,-1
-0.48660314,-1
0.22386065,-1
0.12162021,-1
0.39292118,-1
0.95527005,1
0.3831129,1
1.0000001,1
0.97531563,1
0.8626532,1
0.038533956,-1
0.2538296,-1
-0.16934264,-1
-0.010644599,-1
-0.3436552,-1
0.9999999,1
0.9999999,1
0.96584547,1
0.99999994,1
0.91244566,1
-0.20775172,-1
-0.033377234,-1
0.6883306,-1
0.4090806,-1
0.0074906177,-1
0.9302345,1
1.0,1
0.9417459,1
0.9894468,1
1.0000001,1
-0.20826508,-1
0.8772951,-1
-0.031233031,-1
-0.0031047983,-1
0.40492016,-1
0.94604504,1
0.98304176,1
1.0000001,1
0.9757286,1
0.9999999,1
-0.048649877,-1
-0.3396241,-1
-0.09863137,-1
0.042561404,-1
0.19048397,-1
1.0,1
0.9799666,1
0.9651574,1
0.95398927,1
1.0,1
-0.24588507,-1
-0.2442786,-1
-0.30626708,-1
-0.2222539,-1
0.7978451,-1
1.0,1
1.0,1
1.0,1
1.0,1
1.0,1
-0.23952597,-1
-0.08858221,-1
-0.08535333,-1
0.23144102,-1
0.74006486,-1
1.0,1
0.98662645,1
1.0,1
1.0000001,1
0.94478494,1
0.59381247,-1
-0.19262238,-1
0.10923292,-1
0.873744,-1
-0.16394536,-1
0.8995622,1
1.0,1
1.0000001,1
1.0,1
1.0,1
-0.1792616,-1
0.72248346,-1
-0.2589777,-1
-0.38106287,-1
0.482949,-1
0.99121785,1
1.0000001,1
0.99999994,1
1.0,1
0.9618537,1
-0.19613318,-1
-0.10272046,-1
-0.31537455,-1
-0.3348352,-1
0.3820441,-1
0.970087,1
0.99999994,1
1.0000001,1
0.92944145,1
1.0,1
-0.33721527,-1
-0.45373857,-1
-0.2884246,-1
0.30256242,-1
-0.13382943,-1
1.0,1
1.0,1
0.968157,1
0.99999994,1
0.9715313,1
-0.11789568,-1
0.6409895,-1
-0.3110965,-1
0.40365624,-1
-0.31809977,-1
1.0,1
0.99999994,1
1.0,1
1.0,1
0.9700633,1
-0.18256411,-1
-0.38387907,-1
0.05311592,-1
-0.2303667,-1
-0.26275802,-1
0.97085077,1
0.9873687,1
0.9510768,1
0.95815724,1
0.99999994,1
0.34895152,-1
-0.4148097,-1
-0.1070003,-1
-0.09363996,-1
-0.22400402,-1
0.9999999,1
1.0000001,1
0.99999994,1
0.9674794,1
0.99999994,1
-0.23245187,-1
-0.063119315,-1
-0.09012262,-1
0.2662954,-1
-0.2802219,-1
1.0000001,1
1.0000001,1
1.0000001,1
0.94554114,1
1.0,1
-0.008884753,-1
0.30579066,-1
-0.22690502,-1
0.20935321,-1
0.083945945,-1
0.9289713,1
0.9745048,1
0.9292825,1
0.93775994,1
0.99433476,1
-0.17496303,-1
-0.34020808,-1
0.010650978,-1
-0.07834921,-1
-0.030852178,-1
1.0000001,1
1.0,1
1.0,1
1.0000001,1
1.0000001,1
0.056878295,-1
0.50402933,-1
-0.02248352,-1
-0.033783965,-1
-0.48640895,-1
1.0000001,1
1.0000001,1
1.0,1
1.0000001,1
1.0,1
-0.20251909,-1
0.1451232,-1
-0.20609732,-1
0.59899795,-1
-0.021623591,-1
0.92760515,1
0.9575709,1
0.9999999,1
1.0000001,1
1.0000001,1
-0.2826953,-1
-0.17575797,-1
-0.0006146353,-1
-0.29399395,-1
-0.09578073,-1
0.95216525,1
0.98147655,1
1.0,1
0.953275,1
0.9716118,1
-0.3084973,-1
0.10913531,-1
-0.36355117,-1
-0.361026,-1
-0.10924426,-1
1.0,1
1.0000001,1
1.0,1
1.0000001,1
0.9686382,1
-0.14096802,-1
-0.016191162,-1
0.17768688,-1
-0.435554,-1
-0.30709633,-1
0.9491439,1
0.88368046,1
0.8432446,1
1.0,1
0.99999994,1
-0.18898197,-1
0.3594271,-1
0.8585287,-1
0.6383894,-1
-0.35272625,-1
0.9874912,1
0.9773953,1
1.0,1
0.9906003,1
0.99999994,1
0.002336954,-1
-0.14633733,-1
-0.13806918,-1
-0.3826239,-1
-0.17260472,-1
0.9999999,1
0.8366278,1
0.9999999,1
0.8887619,1
1.0000001,1
0.061688077,-1
-0.2821089,-1
-0.38745067,-1
0.84601307,-1
-0.15810925,-1
0.8673904,1
0.9559419,1
0.95607144,1
0.8297616,1
0.9222352,1
0.46046087,-1
-0.33110502,-1
-0.27469048,-1
0.049670618,-1
-0.18317468,-1
1.0000001,1
1.0000001,1
1.0000001,1
0.895287,1
1.0000001,1
-0.51061577,-1
0.019117206,-1
0.30456313,-1
0.0033347288,-1
0.566403,-1
0.87517816,1
0.9621784,1
1.0,1
1.0,1
1.0,1
0.70746255,-1
-0.11552587,-1
-0.17445715,-1
-0.3005434,-1
-0.024201626,-1
0.90840894,1
0.9526461,1
0.9683234,1
1.0000001,1
1.0000001,1
0.09014294,-1
0.1295621,-1
-0.025798514,-1
0.7786012,-1
0.41826683,-1
1.0,1
0.9085079,1
1.0,1
0.9372858,1
0.87440157,1
-0.4242835,-1
0.5236369,-1
0.9115781,-1
-0.04476407,-1
-0.3494303,-1
0.8978044,1
0.9822561,1
1.0000001,1
0.9399467,1
1.0000001,1
0.01868618,-1
0.41060537,-1
0.007915178,-1
-0.031996377,-1
0.8374898,-1
0.9431611,1
0.76148903,1
0.9445321,1
1.0000001,1
0.96662164,1
-0.30292648,-1
-0.15876064,-1
-0.20043637,-1
0.36430377,-1
0.036567654,-1
1.0,1
0.9999999,1
1.0000001,1
1.0,1
1.0,1
-0.33446106,-1
-0.24979554,-1
0.7140676,-1
-0.14414638,-1
0.18111432,-1
0.9999999,1
0.9729899,1
0.9625195,1
0.7995004,1
0.8902186,1
-0.063203946,-1
0.109048374,-1
-0.20201264,-1
0.47151923,-1
0.040497016,-1
0.8495964,1
0.9235479,1
0.97759134,1
1.0,1
1.0,1
0.4680116,-1
-0.21564206,-1
0.17216966,-1
-0.20810917,-1
-0.13964486,-1
1.0,1
0.9739753,1
1.0000001,1
0.95086086,1
0.78104144,1
0.09446671,-1
-0.31238732,-1
0.38685095,-1
-0.04010165,-1
-0.36581045,-1
0.97216946,1
0.96308315,1
1.0,1
0.9457715,1
1.0,1
-0.32717472,-1
0.06436077,-1
-0.4634838,-1
0.22501884,-1
0.46912774,-1
1.0,1
0.9852877,1
0.83449274,1
1.0000001,1
0.8273903,1
0.49209702,-1
0.77976775,-1
-0.04408611,-1
0.7503932,-1
0.039305955,-1
1.0,1
1.0,1
1.0000001,1
1.0,1
0.8678553,1
-0.37251756,-1
-0.18282484,-1
-0.157127,-1
0.3245565,-1
-0.04822142,-1
0.9992536,1
0.98780215,1
1.0,1
1.0000001,1
1.0,1
-0.044216525,-1
-0.10705885,-1
-0.06264544,-1
-0.2850036,-1
0.16300672,-1
1.0000001,1
0.9855883,1
0.99999994,1
1.0,1
0.9999999,1
-0.42192894,-1
0.6205699,-1
0.21042204,-1
-0.2647729,-1
-0.18485978,-1
0.91778404,1
1.0,1
0.9427447,1
0.97914755,1
1.0,1
-0.19569503,-1
0.06825108,-1
-0.34528252,-1
0.33642972,-1
-0.2557582,-1
1.0,1
0.9927896,1
1.0,1
0.998219,1
1.0,1
-0.31409693,-1
-0.18869191,-1
0.6055953,-1
0.029729925,-1
-0.28000158,-1
1.0,1
1.0,1
1.0,1
1.0,1
0.9633119,1
-0.17502905,-1
0.26520908,-1
-0.39679572,-1
0.6110871,-1
0.52936375,-1
0.942226,1
1.0,1
1.0,1
0.81432194,1
1.0,1
0.39046052,-1
-0.08910765,-1
-0.19770093,-1
-0.4191512,-1
-0.3643013,-1
0.9754867,1
1.0,1
1.0,1
0.98892844,1
1.0,1
-0.08853226,-1
-0.29205948,-1
-0.5035381,-1
-0.31043783,-1
-0.091869794,-1
0.96522456,1
1.0000001,1
0.9605737,1
1.0000001,1
1.0000001,1
-0.02204657,-1
-0.34514782,-1
0.68234396,-1
0.025460863,-1
0.07859442,-1
1.0,1
0.9646064,1
0.62838775,1
0.96853644,1
0.99999994,1
0.74610186,-1
-0.20106594,-1
-0.22340378,-1
0.74424356,-1
0.26181927,-1
0.8548085,1
0.9999999,1
0.9939232,1
0.9806986,1
0.98248833,1
0.10925526,-1
-0.27015135,-1
0.11365238,-1
-0.2899327,-1
-0.2773497,-1
0.94482446,1
0.97436625,1
1.0,1
1.0000001,1
1.0,1
-0.56558293,-1
0.061277386,-1
0.5519611,-1
-0.21375446,-1
-0.15846962,-1
1.0000001,1
0.9847596,1
0.9794994,1
0.9999999,1
1.0,1
-0.1058821,-1
0.31624046,-1
0.25520554,-1
0.76249313,-1
-0.018066864,-1
0.9999999,1
0.96586215,1
1.0,1
0.9144954,1
1.0000001,1
-0.13258444,-1
0.9718828,-1
-0.051966272,-1
0.72898024,-1
0.2989984,-1
0.907772,1
1.0,1
1.0000001,1
0.8644198,1
0.8932951,1
-0.30456144,-1
-0.19020388,-1
-0.07933208,-1
0.47206095,-1
0.47416922,-1
1.0000001,1
0.8827448,1
0.99148387,1
1.0,1
1.0000001,1
-0.2704674,-1
-0.41035026,-1
-0.5232213,-1
0.030652666,-1
-0.2532727,-1
1.0000001,1
1.0,1
0.9822704,1
0.91442275,1
0.97830945,1
-0.19952077,-1
-0.16357026,-1
0.10829531,-1
-0.36725235,-1
-0.34109136,-1
1.0000001,1
0.91738564,1
0.94909924,1
0.9343644,1
1.0,1
-0.1893204,-1
-0.043209847,-1
-0.24954548,-1
-0.32162434,-1
0.6967392,-1
0.6388271,1
0.9916199,1
1.0,1
1.0000001,1
0.9766859,1
0.11670513,-1
0.15320951,-1
0.47862607,-1
0.7965548,-1
-0.22246233,-1
0.93388945,1
1.0,1
0.959062,1
0.9496668,1
1.0000001,1
0.024506072,-1
-0.39067787,-1
-0.14949626,-1
-0.043116033,-1
0.40645835,-1
1.0,1
1.0000001,1
1.0000001,1
0.9337924,1
0.9975746,1
-0.14617398,-1
-0.45751658,-1
-0.20818642,-1
-0.25412986,-1
0.014485736,-1
1.0,1
1.0,1
0.9738313,1
0.9412623,1
1.0000001,1
0.06927398,-1
0.32524872,-1
-0.10494705,-1
-0.15785037,-1
-0.1640107,-1
0.8636713,1
0.9816692,1
0.99999994,1
0.9725575,1
1.0,1
-0.38020444,-1
-0.2727703,-1
0.38661736,-1
-0.23888083,-1
0.040587645,-1
1.0000001,1
1.0000001,1
0.6857022,1
1.0,1
1.0,1
-0.12098769,-1
-0.31344536,-1
-0.49727196,-1
0.45735937,-1
-0.20997606,-1
0.89788187,1
0.98001313,1
0.95468926,1
1.0000001,1
1.0000001,1
-0.47262377,-1
-0.29894477,-1
-0.16640843,-1
0.013021617,-1
0.35277444,-1
1.0000001,1
1.0,1
0.95794684,1
0.9172512,1
0.98474026,1
-0.48783478,-1
0.2909231,-1
-0.34997946,-1
-0.11558114,-1
0.8639536,-1
1.0,1
1.0,1
0.8951334,1
0.94001436,1
0.95931745,1
0.08310156,-1
0.21857633,-1
-0.19081075,-1
0.5232371,-1
-0.0734169,-1
0.9637573,1
1.0,1
1.0000001,1
1.0000001,1
0.9689731,1
-0.2569582,-1
-0.32950997,-1
-0.065860756,-1
-0.04363117,-1
-0.23357926,-1
0.5742807,1
1.0,1
1.0000002,1
0.9345247,1
0.9743123,1
0.41175562,-1
0.3459741,-1
-0.17682035,-1
-0.24565792,-1
-0.1319007,-1
0.9527743,1
1.0000001,1
1.0000001,1
1.0,1
1.0000001,1
-0.2773711,-1
-0.129624,-1
0.0813165,-1
0.32550606,-1
-0.58344716,-1
0.97331613,1
0.99999994,1
0.91460645,1
0.93894863,1
1.0000001,1
0.23246223,-1
-0.054710962,-1
-0.32916838,-1
-0.52795017,-1
-0.18941844,-1
1.0000001,1
1.0,1
1.0000001,1
1.0000001,1
0.9070952,1
-0.34671718,-1
-0.07107898,-1
0.10525284,-1
-0.16507034,-1
-0.21359588,-1
1.0000001,1
1.0,1
0.99216753,1
0.965331,1
0.96665543,1
-0.03655565,-1
-0.20176451,-1
-0.2799217,-1
-0.22931181,-1
-0.48215634,-1
0.8539805,1
0.99999994,1
0.99999994,1
1.0,1
0.93855596,1
-0.46689758,-1
-0.19816434,-1
0.06835702,-1
-0.24175185,-1
0.92196304,-1
0.99590474,1
1.0,1
0.90450805,1
1.0,1
1.0,1
-0.27815792,-1
0.3610323,-1
0.4548862,-1
-0.1957616,-1
-0.23821504,-1
0.9416997,1
1.0,1
1.0000001,1
1.0000001,1
0.98828954,1
-0.18238603,-1
0.28018892,-1
-0.251723,-1
0.63039136,-1
0.48643354,-1
1.0,1
0.96848035,1
0.9444977,1
1.0,1
0.9323321,1
-0.0072299847,-1
0.04819721,-1
-0.24369828,-1
-0.30029505,-1
-0.07137653,-1
0.97496015,1
0.98300874,1
1.0,1
0.9538318,1
0.8858423,1
-0.16946238,-1
-0.007829685,-1
-0.05182602,-1
-0.34886664,-1
0.2697798,-1
1.0,1
1.0,1
0.9350418,1
0.8903655,1
1.0,1
0.40535825,-1
-0.22419722,-1
-0.34519002,-1
0.025668783,-1
0.38563278,-1
1.0000001,1
1.0,1
1.0,1
1.0,1
0.95087045,1
-0.5009542,-1
-0.18971324,-1
-0.26467457,-1
0.24817859,-1
-0.17825215,-1
0.81453925,1
0.9762537,1
0.8675361,1
1.0,1
1.0000001,1
0.6137758,-1
-0.12382431,-1
0.23685707,-1
-0.37266034,-1
-0.041338846,-1
1.0000001,1
1.0000001,1
1.0000001,1
1.0,1
0.99999994,1
0.13478443,-1
-0.3812525,-1
-0.2853971,-1
0.084547594,-1
0.26691753,-1
1.0,1
0.9875054,1
0.9377241,1
0.9434503,1
1.0000001,1
0.034697786,-1
-0.5271715,-1
-0.275051,-1
-0.028521895,-1
-0.372286,-1
1.0,1
0.8720576,1
1.0000001,1
1.0,1
0.89425284,1
-0.41001418,-1
-0.17850682,-1
-0.33938774,-1
-0.14513834,-1
0.0828026,-1
0.83107007,1
0.94150186,1
0.9939067,1
0.9381213,1
1.0000001,1
-0.25689623,-1
0.07469135,-1
-0.3683048,-1
-0.0043020854,-1
-0.2340502,-1
0.9999999,1
1.0,1
1.0000001,1
0.9554753,1
0.99999994,1
-0.40535116,-1
0.43121356,-1
0.57821995,-1
0.24012935,-1
-0.050561506,-1
1.0000001,1
0.9479447,1
0.9834016,1
0.90310794,1
1.0,1
-0.32765555,-1
0.70475245,-1
-0.24024287,-1
0.0991192,-1
-0.18311475,-1
0.9335342,1
0.58394575,1
0.79134655,1
1.0,1
1.0,1
-0.047985356,-1
-0.32604077,-1
0.6628227,-1
0.10758538,-1
0.13576514,-1
0.9460045,1
0.98823494,1
0.95825446,1
1.0000001,1
1.0,1
-0.19570889,-1
0.32087496,-1
-0.07400706,-1
0.30231783,-1
-0.3220299,-1
0.9241883,1
0.927848,1
1.0,1
0.948869,1
1.0,1
0.10181681,-1
0.7470815,-1
-0.23741683,-1
0.3066856,-1
0.13572448,-1
1.0000001,1
0.9716046,1
0.98169684,1
0.99802303,1
1.0000001,1
0.6518101,-1
-0.1534686,-1
0.05195346,-1
0.18370546,-1
-0.1962107,-1
0.9999999,1
0.9033178,1
1.0000001,1
0.9972608,1
0.97906816,1
-0.08464044,-1
0.050373964,-1
0.010371899,-1
-0.30376652,-1
0.77678376,-1
1.0,1
0.99745136,1
1.0,1
1.0,1
0.89190835,1
-0.31158438,-1
0.8433402,-1
-0.031817723,-1
-0.222738,-1
-0.12224253,-1
1.0000001,1
1.0,1
1.0,1
1.0,1
1.0000001,1
-0.32101518,-1
0.24346541,-1
0.08522058,-1
-0.055250943,-1
-0.4347974,-1
0.99157333,1
0.9801667,1
0.9965941,1
0.98983437,1
0.9935987,1
0.611771,-1
-0.37010542,-1
0.13388291,-1
-0.5122604,-1
0.25583228,-1
0.9596899,1
1.0,1
0.7155216,1
0.9519275,1
1.0000001,1
0.04981603,-1
-0.23398983,-1
-0.12028868,-1
-0.07046708,-1
-0.13708813,-1
1.0,1
0.803563,1
1.0,1
1.0000001,1
1.0,1
-0.25305283,-1
0.011950812,-1
-0.29747364,-1
0.044217046,-1
-0.45910686,-1
1.0000001,1
0.99909407,1
0.99999994,1
0.9624437,1
1.0,1
-0.18748085,-1
0.8789233,-1
0.010612445,-1
-0.11628202,-1
-0.19748166,-1
0.7756403,1
1.0,1
0.96925426,1
0.91543305,1
1.0000001,1
-0.25458315,-1
-0.12657252,-1
0.4027361,-1
-0.3120387,-1
0.5370638,-1
1.0000001,1
1.0000001,1
0.99999994,1
1.0000001,1
0.9779175,1
0.4905967,-1
-0.1387906,-1
-0.37735808,-1
-0.04623141,-1
0.29442286,-1
1.0000001,1
1.0,1
0.65664846,1
0.8945153,1
1.0,1
0.7080959,-1
-0.0053708754,-1
0.8482462,-1
-0.16611457,-1
-0.11104141,-1
1.0,1
0.9426194,1
1.0,1
1.0,1
1.0,1
0.23635362,-1
0.30485955,-1
-0.13486885,-1
-0.24078634,-1
0.54873127,-1
0.8593639,1
1.0,1
1.0,1
0.995881,1
1.0,1
0.1438752,-1
0.42413935,-1
0.27794603,-1
-0.34521645,-1
0.42849863,-1
1.0,1
0.9858357,1
1.0,1
0.9999999,1
0.95920813,1
-0.16989483,-1
-0.19709751,-1
-0.26550454,-1
-0.4506008,-1
-0.25484487,-1
0.9630157,1
1.0000001,1
1.0,1
1.0,1
0.99999994,1
-0.28872052,-1
0.9764354,-1
0.0065228255,-1
-0.3085655,-1
0.5223463,-1
0.88039905,1
0.9891274,1
1.0000001,1
0.82730234,1
0.9920415,1
-0.26420087,-1
0.19478822,-1
0.8430364,-1
-0.2095438,-1
0.3360642,-1
0.96540815,1
1.0000001,1
1.0,1
1.0,1
1.0,1
-0.21739121,-1
0.3630378,-1
0.22343536,-1
0.42038074,-1
0.36729267,-1
0.9655928,1
0.9831824,1
1.0000001,1
1.0000001,1
0.9954444,1
-0.512276,-1
-0.20826851,-1
0.029503644,-1
-0.09067788,-1
-0.15613419,-1
1.0,1
0.94864297,1
1.0,1
0.9325072,1
0.9842688,1
-0.3007077,-1
-0.24618518,-1
-0.2089022,-1
-0.28695765,-1
-0.3103537,-1
1.0,1
1.0,1
0.96944875,1
1.0,1
0.9864384,1
-0.03591548,-1
0.041120797,-1
0.105853,-1
-0.34109083,-1
0.41132003,-1
0.95331997,1
0.9475411,1
1.0,1
0.8615415,1
1.0000001,1
-0.043371316,-1
0.059219874,-1
-0.072194025,-1
0.011999274,-1
-0.10030099,-1
0.62686294,1
0.9999999,1
0.93824,1
0.96904594,1
0.99306315,1
-0.13405941,-1
-0.2259314,-1
-0.07776249,-1
0.03256028,-1
0.037031338,-1
0.87133056,1
1.0000001,1
1.0000001,1
0.839713,1
0.9999999,1
0.4900857,-1
-0.0032936404,-1
0.80551654,-1
0.40798312,-1
-0.14242674,-1
0.9257856,1
0.9945539,1
0.8572873,1
0.99373823,1
1.0000001,1
-0.30468255,-1
-0.17315537,-1
0.7959915,-1
0.1733618,-1
-0.3657739,-1
1.0000001,1
0.9736626,1
1.0,1
0.9831247,1
1.0,1
-0.49909872,-1
0.022376368,-1
0.28869635,-1
-0.43634784,-1
-0.23673788,-1
0.96176517,1
1.0,1
1.0000001,1
1.0,1
1.0,1
-0.5239996,-1
-0.43086603,-1
-0.36634582,-1
-0.17768814,-1
0.14430106,-1
1.0,1
1.0000001,1
0.98610204,1
0.9651781,1
1.0000001,1
-0.07146283,-1
0.6412878,-1
0.84880596,-1
-0.26953474,-1
-0.23422894,-1
0.9431305,1
0.9660024,1
0.908968,1
0.9745106,1
1.0000001,1
-0.30316186,-1
-0.13686673,-1
-0.010444926,-1
-0.4009756,-1
-0.12075919,-1
0.92738616,1
0.83162177,1
0.8694239,1
1.0,1
1.0,1
-0.37425253,-1
-0.14535116,-1
-0.05114148,-1
0.693128,-1
0.10905722,-1
0.97438496,1
1.0,1
0.92610514,1
0.9730524,1
1.0000001,1
0.25137806,-1
-0.059046973,-1
0.15486592,-1
-0.063702,-1
-0.028338958,-1
0.99999994,1
0.9717003,1
0.96793836,1
0.83314145,1
0.99999994,1
-0.2931862,-1
-0.34627718,-1
0.11556051,-1
-0.060517486,-1
0.27545044,-1
0.7821176,1
1.0000001,1
1.0,1
0.98447263,1
1.0000001,1
-0.2974195,-1
-0.18158151,-1
-0.02269363,-1
0.12595771,-1
0.7863295,-1
1.0,1
0.94802475,1
1.0000001,1
1.0,1
1.0,1
-0.2912666,-1
-0.38297713,-1
-0.006279213,-1
0.49949217,-1
-0.0961893,-1
0.9560224,1
1.0,1
1.0000001,1
0.9716116,1
1.0,1
-0.31122103,-1
0.6470165,-1
-0.12860364,-1
0.015936343,-1
-0.15045837,-1
1.0,1
1.0000001,1
0.9999999,1
0.9999999,1
0.9466186,1
-0.05763857,-1
0.662822,-1
-0.37943086,-1
-0.36766806,-1
-0.04469752,-1
0.81984514,1
0.99999994,1
1.0000001,1
1.0,1
1.0,1
-0.30592307,-1
-0.27220663,-1
0.47974098,-1
-0.13066263,-1
0.28998074,-1
0.9611356,1
1.0,1
0.8869421,1
1.0000001,1
0.9614833,1
-0.3425645,-1
-0.1896972,-1
-0.26130757,-1
-0.13245505,-1
-0.08223335,-1
1.0,1
0.8598876,1
0.84420323,1
1.0000001,1
0.8971328,1
-0.19105981,-1
-0.019905342,-1
-0.02120418,-1
0.14237417,-1
-0.2713676,-1
1.0,1
1.0000001,1
1.0,1
0.9776246,1
0.8420426,1
0.2960657,-1
-0.20600818,-1
0.49730557,-1
-0.12855867,-1
-0.30076963,-1
1.0,1
0.9999999,1
0.9544989,1
1.0,1
0.9999999,1
0.17196818,-1
-0.033076424,-1
-0.26723218,-1
-0.22302583,-1
-0.32267043,-1
1.0,1
1.0,1
0.9399798,1
0.74192655,1
0.98966974,1
0.13775462,-1
0.24864541,-1
-0.24846208,-1
-0.1049995,-1
0.081328414,-1
0.9374792,1
0.9241675,1
1.0,1
0.8309161,1
1.0000001,1
-0.49102077,-1
-0.19778842,-1
0.8660184,-1
-0.051212862,-1
0.21080294,-1
0.99999994,1
0.9677851,1
0.9799532,1
0.8551484,1
0.9875068,1
0.8519356,-1
-0.05710381,-1
-0.31533614,-1
-0.29341653,-1
-0.16405469,-1
1.0,1
0.99999994,1
0.9999999,1
0.8917781,1
0.844091,1
-0.16568373,-1
0.3900133,-1
-0.25626063,-1
-0.061012737,-1
-0.41671973,-1
1.0,1
1.0,1
0.931787,1
1.0,1
0.98642004,1
0.03587488,-1
-0.037511032,-1
0.5711929,-1
-0.19528246,-1
0.0953768,-1
1.0,1
1.0000001,1
0.9802797,1
1.0000001,1
0.99999994,1
0.66044754,-1
0.014667798,-1
0.7108028,-1
-0.15537015,-1
0.8867148,-1
0.9039998,1
0.9781303,1
0.82764614,1
1.0000001,1
0.92464095,1
-0.470569,-1
0.6903201,-1
0.54850703,-1
0.105566055,-1
0.1604489,-1
0.9706814,1
0.96129936,1
0.9786017,1
1.0000001,1
1.0,1
-0.5505907,-1
0.28968057,-1
-0.12879628,-1
0.05894752,-1
0.2058508,-1
0.99999994,1
0.7283349,1
1.0000002,1
1.0,1
1.0000001,1
0.5127484,-1
-0.0061469404,-1
-0.34773716,-1
-0.041474063,-1
-0.15969518,-1
1.0,1
0.88438714,1
0.9845979,1
1.0,1
1.0,1
0.45126694,-1
0.89519036,-1
0.6794954,-1
-0.6834214,-1
0.5998824,-1
0.9133071,1
0.99999994,1
1.0,1
1.0,1
1.0000001,1
-0.32273307,-1
0.04232485,-1
0.3147733,-1
0.09810793,-1
-0.42693388,-1
1.0000001,1
1.0,1
1.0,1
0.9202203,1
0.8835756,1
-0.3536005,-1
0.008458312,-1
-0.0465777,-1
0.001086101,-1
-0.20648168,-1
1.0,1
1.0000001,1
0.91163373,1
0.89050776,1
0.97842777,1
0.7311133,-1
0.6762195,-1
0.22264607,-1
-0.32440463,-1
-0.29804087,-1
0.99999994,1
1.0,1
0.8933465,1
0.9955068,1
1.0,1
-0.022761445,-1
-0.27993712,-1
0.10757406,-1
-0.38272232,-1
-0.17454714,-1
0.9464335,1
0.79048944,1
0.87805223,1
0.99479717,1
0.99999994,1
-0.23735695,-1
0.3760699,-1
-0.18219103,-1
0.09891277,-1
0.18691617,-1
0.918526,1
0.9966921,1
0.92771345,1
0.98573005,1
0.9509021,1
0.4765167,-1
0.8428795,-1
-0.4800844,-1
-0.1613334,-1
-0.27487135,-1
0.9636,1
1.0000001,1
1.0,1
1.0,1
0.97865665,1
0.0011423171,-1
-0.0915326,-1
-0.45970455,-1
-0.24278495,-1
0.08160482,-1
0.93948513,1
1.0,1
1.0000001,1
0.9514209,1
0.8893476,1
-0.07243125,-1
0.7622788,-1
-0.25481436,-1
-0.065307625,-1
-0.40463704,-1
0.798019,1
1.0000001,1
0.98725617,1
1.0,1
0.98971516,1
-0.05263628,-1
0.6702889,-1
-0.2515822,-1
-0.24799782,-1
0.037800055,-1
0.9851172,1
0.90101147,1
0.9735496,1
0.5846279,1
1.0,1
-0.30185387,-1
-0.03147314,-1
0.06983393,-1
-0.1916288,-1
-0.22356026,-1
1.0000001,1
1.0000001,1
1.0000001,1
0.8513635,1
0.9739671,1
-0.16231945,-1
0.2535732,-1
-0.08807854,-1
0.15122196,-1
0.53073525,-1
1.0000001,1
0.84701455,1
1.0000002,1
1.0000001,1
0.92960083,1
-0.03655115,-1
-0.23575029,-1
0.33060896,-1
0.078383595,-1
-0.35747305,-1
0.9999999,1
0.57437295,1
0.990851,1
1.0000001,1
1.0,1
0.75981915,-1
0.0068147127,-1
0.08905715,-1
0.62880653,-1
0.5486699,-1
1.0,1
0.7260257,1
0.95633805,1
1.0000001,1
0.9309588,1
-0.2391135,-1
-0.33953086,-1
-0.13620597,-1
-0.3708214,-1
-0.030709505,-1
1.0,1
0.9847852,1
0.9488359,1
0.98560405,1
1.0,1
0.55637527,-1
0.64928937,-1
-0.21065806,-1
0.19031142,-1
-0.044058308,-1
1.0,1
0.8772971,1
0.94827557,1
0.9161234,1
0.9853017,1
0.18784596,-1
-0.020380286,-1
-0.2598003,-1
-0.2750072,-1
-0.011273615,-1
0.97666556,1
1.0,1
0.9999999,1
0.99999994,1
1.0,1
-0.43894985,-1
-0.23773222,-1
-0.28429472,-1
-0.057579223,-1
-0.13119765,-1
1.0,1
0.9833915,1
0.9684642,1
0.8178601,1
1.0,1
0.060955837,-1
-0.027692702,-1
-0.2703417,-1
0.3881525,-1
-0.009564205,-1
0.88067216,1
0.99999994,1
1.0,1
0.99021035,1
0.96312195,1
0.57300717,-1
-0.24884696,-1
-0.09238893,-1
-0.016850043,-1
0.542376,-1
0.92392766,1
1.0000001,1
0.97010577,1
0.9201803,1
0.8088755,1
-0.23528872,-1
-0.043628637,-1
-0.0121686105,-1
-0.199323,-1
0.1445847,-1
0.23114344,1
1.0,1
0.99382955,1
1.0000001,1
1.0000001,1
0.009323866,-1
0.5744616,-1
-0.23930608,-1
0.13192786,-1
0.5463087,-1
1.0,1
0.9363962,1
0.9911227,1
1.0,1
0.9999999,1
0.27867576,-1
0.05489221,-1
0.56411046,-1
-0.41613734,-1
0.9587713,-1
0.9587523,1
1.0,1
0.9617479,1
0.90925294,1
1.0000001,1
-0.21153317,-1
-0.094581954,-1
-0.1284515,-1
-0.44105834,-1
-0.29125053,-1
0.92679614,1
0.96506315,1
1.0,1
0.9664662,1
0.936375,1
0.3039422,-1
0.59048307,-1
0.7111068,-1
0.23223169,-1
-0.42361817,-1
1.0,1
0.9617435,1
0.91421866,1
0.8538971,1
0.9999999,1
-0.29797834,-1
0.37615684,-1
-0.48564714,-1
0.3135488,-1
-0.38649237,-1
1.0000001,1
1.0,1
0.96701163,1
0.8542705,1
0.9868727,1
-0.34080383,-1
-0.05905162,-1
0.19926172,-1
-0.119649336,-1
-0.49197036,-1
1.0,1
0.9663462,1
1.0,1
0.96148425,1
0.9542792,1
-0.29066622,-1
0.56324136,-1
0.17578267,-1
0.9438685,-1
-0.13640103,-1
1.0000001,1
1.0,1
1.0,1
1.0000001,1
0.9456143,1
-0.19576094,-1
0.6725634,-1
0.1364793,-1
0.07857331,-1
-0.20049757,-1
0.9771773,1
0.96758926,1
0.97816277,1
0.8805365,1
1.0,1
-0.39747214,-1
0.10949067,-1
-0.34338844,-1
-0.124823086,-1
0.28168175,-1
1.0000001,1
1.0000001,1
0.97537166,1
1.0,1
0.62633073,1
0.16885762,-1
-0.015339489,-1
-0.29490864,-1
-0.11584378,-1
0.040651076,-1
0.9617814,1
1.0,1
0.980654,1
0.9625534,1
0.94504845,1
-0.22155182,-1
-0.030103039,-1
0.075981975,-1
-0.44377285,-1
-0.07975467,-1
1.0,1
0.98127824,1
0.94282067,1
0.9872952,1
1.0,1
-0.47333235,-1
-0.07536141,-1
-0.28872117,-1
-0.26614967,-1
-0.25240383,-1
1.0,1
1.0,1
1.0,1
0.75814235,1
1.0,1
-0.3091061,-1
-0.12643638,-1
-0.10389502,-1
0.80011004,-1
-0.4292719,-1
1.0,1
1.0000001,1
0.9815884,1
0.99017763,1
1.0000001,1
-0.25932088,-1
0.2637546,-1
-0.057069354,-1
-0.06986427,-1
-0.31378606,-1
0.94042736,1
0.99999994,1
0.99999994,1
1.0000001,1
1.0000001,1
-0.2660793,-1
-0.0892116,-1
0.107432485,-1
0.1319573,-1
-0.31740004,-1
0.869999,1
0.9297337,1
0.99477214,1
1.0,1
1.0000001,1
-0.4269704,-1
-0.096432336,-1
-0.2037111,-1
-0.36174068,-1
0.739982,-1
0.95025575,1
0.99999994,1
0.92944497,1
0.9480945,1
1.0000001,1
0.15716329,-1
0.0040020226,-1
0.07907137,-1
0.009063918,-1
-0.05299172,-1
0.94631094,1
0.79244095,1
0.85404015,1
1.0,1
0.87215465,1
-0.09692386,-1
-0.39607468,-1
0.017794086,-1
-0.22937912,-1
-0.1965775,-1
1.0,1
0.9068554,1
0.99999994,1
0.82762194,1
0.9801711,1
-0.20630042,-1
0.6567949,-1
0.030853858,-1
0.03990658,-1
-0.24261072,-1
0.97032756,1
0.979494,1
0.98267156,1
0.91401243,1
0.954821,1
-0.1927604,-1
0.77873033,-1
0.49189466,-1
-0.12536861,-1
0.11049328,-1
0.81300473,1
1.0,1
1.0,1
0.97791415,1
1.0,1
-0.0525427,-1
-0.42773318,-1
0.7552243,-1
0.5849765,-1
-0.19140767,-1
0.9691346,1
1.0,1
0.70730764,1
1.0,1
0.9863734,1
0.3674549,-1
-0.3478428,-1
0.6260268,-1
0.04815872,-1
-0.2073737,-1
1.0,1
0.98022455,1
1.0000001,1
1.0,1
0.93395436,1
0.6105895,-1
-0.13174014,-1
0.5729664,-1
-0.49824244,-1
-0.41764885,-1
1.0,1
0.99999994,1
1.0000001,1
1.0,1
0.931566,1
0.084454805,-1
-0.21203253,-1
0.54861957,-1
-0.27515674,-1
0.22143085,-1
0.95381093,1
0.95522064,1
0.88763225,1
0.98076516,1
1.0,1
-0.19054975,-1
0.2629692,-1
-0.05572624,-1
0.21045339,-1
0.7195921,-1
1.0,1
0.9403457,1
0.69696236,1
0.91912234,1
0.99394524,1
0.28739128,-1
0.28085697,-1
0.01371626,-1
-0.45757452,-1
-0.07348063,-1
0.8942487,1
1.0,1
0.9553129,1
1.0000001,1
0.71856785,1
0.015679546,-1
0.10495706,-1
-0.11943035,-1
-0.2591999,-1
0.68186855,-1
1.0,1
1.0,1
0.5091124,1
1.0000001,1
0.9025687,1
0.4873138,-1
-0.0026322259,-1
-0.19854373,-1
-0.18674791,-1
-0.13643911,-1
0.9616866,1
0.91104007,1
0.888298,1
0.95278823,1
1.0,1
0.29730317,-1
-0.11450272,-1
-0.2554261,-1
-0.14220239,-1
-0.46388176,-1
0.99999994,1
0.9454022,1
1.0,1
0.93283653,1
1.0,1
-0.09249379,-1
0.27146503,-1
-0.40404716,-1
-0.36248177,-1
-0.5032355,-1
1.0,1
0.99999994,1
0.94861144,1
0.9740592,1
0.721885,1
0.101325504,-1
-0.13012283,-1
-0.23109283,-1
-0.119004056,-1
-0.4131558,-1
0.99999994,1
1.0000001,1
0.9524342,1
1.0000001,1
1.0000001,1
-0.07384107,-1
0.10939131,-1
-0.033244282,-1
0.26847243,-1
0.33519173,-1
0.86317563,1
0.78471494,1
0.8377704,1
0.986184,1
1.0000001,1
0.10703605,-1
-0.43147784,-1
0.30764097,-1
-0.22138357,-1
0.42921722,-1
1.0000001,1
0.96088827,1
0.94288933,1
0.9713584,1
0.93320036,1
-0.29116696,-1
0.13199824,-1
-0.005561642,-1
-0.3148372,-1
-0.11234557,-1
0.72506905,1
0.99999994,1
1.0,1
1.0,1
0.8917875,1
0.90443975,-1
0.35593987,-1
-0.33186203,-1
0.25656128,-1
0.017352495,-1
1.0000001,1
0.99660796,1
1.0,1
1.0,1
0.97594666,1
0.67382973,-1
-0.07522815,-1
-0.07731723,-1
0.103140935,-1
-0.010642743,-1
0.92694765,1
1.0,1
0.9469579,1
0.8659273,1
0.8492853,1
-0.10991723,-1
-0.3080762,-1
-0.026433352,-1
-0.20924367,-1
-0.28013906,-1
0.9390664,1
0.97830373,1
0.99999994,1
0.9761163,1
0.8781527,1
0.3062352,-1
0.04489791,-1
0.26202336,-1
-0.05510036,-1
-0.082355835,-1
0.9297815,1
0.64769167,1
1.0,1
0.8051565,1
0.8643353,1
0.04032989,-1
-0.038697664,-1
-0.3816994,-1
-0.25485605,-1
0.05428025,-1
0.9634645,1
0.98224974,1
1.0000001,1
1.0000001,1
1.0000001,1
-0.17097636,-1
0.0048155305,-1
0.21552016,-1
0.16085236,-1
-0.1622367,-1
1.0,1
1.0000001,1
0.990334,1
1.0000001,1
1.0,1
-0.40494838,-1
-0.1215653,-1
0.03902157,-1
-0.07621136,-1
0.7425289,-1
0.92701644,1
0.9468323,1
1.0,1
1.0,1
0.95931906,1
0.08189885,-1
0.2784566,-1
0.6058212,-1
0.6683438,-1
-0.042926326,-1
1.0,1
1.0000001,1
1.0000001,1
1.0,1
0.9834978,1
0.37041745,-1
-0.3583049,-1
-0.052779995,-1
-0.18726327,-1
0.7695875,-1
0.9342959,1
1.0,1
1.0000001,1
0.9986149,1
1.0000001,1
0.47341886,-1
-0.17598651,-1
0.21706262,-1
-0.4976397,-1
0.20090601,-1
1.0000002,1
0.99999994,1
1.0,1
0.99471843,1
1.0000001,1
-0.12437617,-1
0.0625326,-1
-0.17114583,-1
-0.06940824,-1
0.15147988,-1
0.9431473,1
0.9803502,1
0.9874571,1
1.0,1
0.97553885,1
-0.15311456,-1
0.60282147,-1
-0.16750658,-1
-0.31916767,-1
-0.31702554,-1
0.99999994,1
1.0,1
0.9267954,1
0.7027814,1
1.0,1
-0.19858763,-1
0.095313415,-1
-0.24751772,-1
0.10174335,-1
-0.3860292,-1
0.89785063,1
0.9161691,1
0.94037366,1
1.0,1
1.0000001,1
0.07235673,-1
-0.11161698,-1
-0.3489937,-1
0.36447203,-1
-0.3193455,-1
1.0000001,1
1.0,1
1.0000001,1
1.0,1
0.98315364,1
-0.3440121,-1
0.76564384,-1
-0.4732091,-1
0.05679989,-1
-0.113285944,-1
0.9840369,1
0.98417383,1
1.0,1
1.0000001,1
1.0000001,1
-0.27297065,-1
-0.24884415,-1
0.09032981,-1
-0.12303284,-1
0.64104027,-1
0.98828036,1
0.7547096,1
0.89733016,1
0.9866482,1
0.92350817,1
-0.119287424,-1
-0.043125518,-1
0.20801808,-1
-0.39863825,-1
0.17228438,-1
0.9794101,1
1.0000002,1
0.9768019,1
1.0000001,1
1.0,1
-0.14369929,-1
-0.37928241,-1
-0.38426742,-1
-0.059719067,-1
0.3096014,-1
0.96486646,1
0.7450621,1
0.9931022,1
0.9753181,1
1.0000001,1
0.516284,-1
-0.27019763,-1
-0.3268229,-1
-0.09590181,-1
0.06649113,-1
0.93567115,1
1.0,1
0.96338254,1
0.98934263,1
1.0,1
-0.19403346,-1
-0.3079444,-1
-0.28986186,-1
0.21918347,-1
-0.17028219,-1
0.9999999,1
0.99999994,1
1.0000001,1
0.8858399,1
0.9970427,1
-0.029934231,-1
-0.19888867,-1
-0.12688096,-1
0.13976386,-1
-0.1850117,-1
0.25861746,1
1.0,1
1.0,1
0.951674,1
0.9436865,1
-0.042815987,-1
0.29497632,-1
0.41339836,-1
0.5527764,-1
0.33838466,-1
0.9876737,1
0.9756282,1
0.9933047,1
1.0,1
0.93449163,1
0.041556936,-1
-0.16584319,-1
0.7095462,-1
0.44254392,-1
-0.27908385,-1
0.9999999,1
1.0,1
1.0,1
0.99806595,1
1.0000001,1
0.080809385,-1
0.140873,-1
-0.10852925,-1
-0.042160112,-1
0.15236399,-1
0.8351231,1
1.0000001,1
0.99999994,1
0.98599863,1
0.97135067,1
-0.12160976,-1
0.8453281,-1
-0.05338275,-1
0.29358745,-1
-0.5202945,-1
0.9343603,1
0.9657319,1
1.0000001,1
0.9655195,1
0.9490898,1
0.5793761,-1
-0.2901611,-1
0.033175677,-1
-0.14429985,-1
0.22818266,-1
1.0,1
0.9392216,1
1.0,1
1.0,1
0.84582096,1
-0.12790604,-1
-0.23570898,-1
-0.013109462,-1
-0.19794331,-1
-0.20179878,-1
1.0,1
1.0,1
1.0,1
0.97792506,1
1.0000001,1
0.06717903,-1
-0.16979389,-1
0.36459413,-1
0.7581195,-1
-0.34206906,-1
0.9999999,1
1.0000001,1
0.9769954,1
0.99104285,1
0.7986701,1
-0.5804157,-1
0.22350639,-1
0.0030582706,-1
0.2728117,-1
-0.19171889,-1
0.91850805,1
0.9853798,1
1.0000001,1
1.0000001,1
1.0000001,1
0.6936003,-1
-0.25081065,-1
0.8160091,-1
-0.09075034,-1
-0.12314719,-1
1.0000001,1
0.96580404,1
1.0000001,1
0.9617426,1
0.9476637,1
0.11287549,-1
0.0012667286,-1
-0.17555857,-1
0.06294512,-1
-0.25853056,-1
1.0000001,1
0.9841517,1
0.79904485,1
0.99999994,1
1.0,1
0.54252386,-1
-0.30741996,-1
-0.0002297051,-1
-0.1405187,-1
0.5213379,-1
0.8400035,1
1.0000001,1
1.0000001,1
0.9444794,1
0.97589225,1
0.07999534,-1
0.25686175,-1
-0.31356078,-1
-0.29815525,-1
0.04569406,-1
0.9773043,1
0.9767501,1
1.0000001,1
0.97117054,1
1.0000001,1
-0.35671178,-1
0.2676129,-1
-0.29093018,-1
-0.17060697,-1
-0.5821963,-1
0.91780597,1
0.9823859,1
0.81653005,1
0.99999994,1
0.8761003,1
-0.28114763,-1
-0.022305707,-1
0.8359804,-1
-0.25185558,-1
0.35230356,-1
1.0,1
0.94052994,1
0.9804418,1
1.0000001,1
1.0,1
-0.09145394,-1
0.75428027,-1
-0.1971382,-1
0.30732435,-1
-0.142101,-1
0.8489317,1
0.99999994,1
1.0000001,1
1.0000001,1
0.92568034,1
0.40019554,-1
0.12593046,-1
0.2476739,-1
-0.07963011,-1
-0.23904546,-1
0.7772134,1
1.0,1
0.95812136,1
0.94074714,1
0.9490252,1
0.052824657,-1
0.43255314,-1
-0.4007629,-1
0.21458305,-1
0.20412904,-1
0.8879187,1
1.0000001,1
0.7972153,1
1.0000001,1
0.9168999,1
-0.5228192,-1
-0.07698403,-1
-0.14685023,-1
0.9340205,-1
-0.03934937,-1
1.0,1
0.9929705,1
1.0,1
1.0,1
0.9828349,1
-0.21310318,-1
-0.20587383,-1
0.063889764,-1
0.58177394,-1
-0.15591906,-1
1.0,1
0.9141665,1
0.93509924,1
0.8946092,1
0.95026934,1
-0.030919919,-1
0.101406306,-1
-0.38597083,-1
-0.18988165,-1
0.66404665,-1
1.0000001,1
0.73416597,1
1.0,1
1.0,1
0.97929144,1
0.096708395,-1
-0.092309766,-1
0.031854708,-1
-0.3317263,-1
-0.033701412,-1
1.0000001,1
0.9999999,1
1.0000001,1
0.923584,1
0.94534516,1
-0.15099701,-1
-0.55153614,-1
0.5562594,-1
-0.023215149,-1
0.2962489,-1
1.0,1
0.985344,1
0.87201077,1
0.89932525,1
1.0000001,1
-0.030647935,-1
-0.23292446,-1
-0.13260145,-1
0.057655975,-1
-0.47687933,-1
1.0,1
0.96427524,1
0.9542524,1
0.9893945,1
0.95815206,1
-0.13923974,-1
-0.058104243,-1
-0.5769764,-1
-0.12581737,-1
0.013587174,-1
1.0000001,1
0.856774,1
1.0000001,1
0.90772855,1
0.9926085,1
0.12702814,-1
-0.37190384,-1
-0.21730606,-1
-0.22083655,-1
0.34696195,-1
0.9240059,1
1.0000001,1
0.6057833,1
0.9308398,1
0.9314292,1
0.73319876,-1
-0.021536762,-1
0.06815926,-1
-0.16535148,-1
-0.051569343,-1
1.0,1
1.0,1
1.0,1
1.0,1
0.987752,1
0.048193008,-1
0.5147908,-1
-0.31693965,-1
-0.034918815,-1
0.069376305,-1
1.0,1
0.94459665,1
0.9779112,1
1.0,1
0.85697466,1
-0.11470547,-1
0.29118648,-1
-0.27506483,-1
0.026320629,-1
-0.20313855,-1
1.0000001,1
0.97620595,1
0.9953682,1
1.0000001,1
0.8349619,1
0.18490481,-1
0.23478524,-1
0.017209636,-1
-0.22465093,-1
0.045250326,-1
0.7340527,1
0.9528095,1
0.9558159,1
1.0000001,1
1.0000001,1
0.024512295,-1
-0.26748705,-1
-0.36228323,-1
-0.39230043,-1
-0.26100296,-1
1.0000001,1
1.0000001,1
0.90143627,1
1.0000001,1
1.0000001,1
-0.3520183,-1
-0.045321625,-1
-0.21445653,-1
0.07419445,-1
-0.23510544,-1
1.0,1
1.0,1
0.8960806,1
1.0000001,1
0.94308674,1
-0.1046925,-1
-0.59558403,-1
-0.042730846,-1
0.34381288,-1
0.19688667,-1
1.0000001,1
0.93272173,1
0.9841574,1
0.99601465,1
0.5951803,1
-0.20141023,-1
-0.45193568,-1
-0.32991308,-1
-0.24395156,-1
-0.12301463,-1
0.97901446,1
0.90682125,1
1.0000001,1
1.0000001,1
0.9744247,1
-0.40869057,-1
0.037874892,-1
-0.20190096,-1
-0.0657588,-1
-0.37901393,-1
0.9974909,1
1.0000001,1
1.0,1
1.0,1
0.9999999,1
0.34581846,-1
-0.0016018377,-1
0.18842256,-1
0.52908206,-1
-0.3553178,-1
0.9999999,1
1.0000001,1
1.0,1
1.0,1
1.0,1
0.11998975,-1
0.805923,-1
0.019697592,-1
-0.4765313,-1
0.6635373,-1
0.8992483,1
1.0000001,1
1.0,1
0.98156726,1
1.0000001,1
-0.0864938,-1
0.5833671,-1
0.1916272,-1
0.5341134,-1
-0.56542367,-1
0.97079486,1
1.0000001,1
0.9906235,1
1.0,1
0.9751196,1
0.3840487,-1
-0.052199896,-1
-0.40874174,-1
0.18277228,-1
-0.20343496,-1
1.0000001,1
1.0,1
0.9818422,1
0.9769495,1
0.89809763,1
-0.13555267,-1
-0.20523967,-1
0.14356557,-1
0.7699171,-1
0.089243025,-1
0.9298489,1
0.37629628,1
0.9625682,1
0.9673388,1
1.0,1
0.15395094,-1
0.043263413,-1
-0.17671065,-1
0.34945092,-1
-0.17305198,-1
0.9774402,1
1.0000001,1
1.0,1
1.0000001,1
0.8439881,1
0.8762249,-1
-0.30009145,-1
-0.20101781,-1
-0.072722346,-1
-0.10620249,-1
1.0000001,1
1.0,1
0.90220296,1
0.99999994,1
1.0000001,1
0.18541878,-1
0.029402617,-1
0.168269,-1
-0.16499011,-1
0.0559056,-1
1.0,1
0.7117976,1
1.0000001,1
0.66604453,1
1.0,1
0.19066077,-1
0.1675784,-1
-0.32526776,-1
-0.2706636,-1
0.40970078,-1
0.99999994,1
0.9253402,1
0.93306464,1
0.8891065,1
1.0,1
-0.111046195,-1
-0.15305848,-1
-0.26023155,-1
-0.1120307,-1
-0.0666453,-1
0.99999994,1
1.0,1
1.0000001,1
1.0000001,1
1.0000001,1
-0.2836972,-1
-0.17043963,-1
-0.1612695,-1
-0.18135473,-1
0.11972127,-1
0.9739538,1
0.8975427,1
1.0,1
0.9785984,1
1.0,1
0.8523433,-1
0.12016238,-1
-0.2968127,-1
0.4328932,-1
0.37357628,-1
0.9999999,1
1.0,1
0.83684146,1
1.0,1
1.0,1
-0.11206403,-1
-0.37010443,-1
-0.14993186,-1
0.5746597,-1
0.0049537667,-1
0.93402094,1
0.99999994,1
1.0,1
1.0,1
0.8654316,1
-0.08298005,-1
0.42237765,-1
0.59740376,-1
-0.065295875,-1
-0.13982311,-1
0.8812958,1
0.9862242,1
0.8498776,1
0.975174,1
0.98596644,1
0.6660583,-1
0.2818342,-1
0.3791942,-1
0.025695542,-1
-0.014138146,-1
0.93427235,1
1.0,1
1.0,1
0.96232516,1
1.0,1
0.16846998,-1
0.23383835,-1
-0.5032899,-1
-0.43078673,-1
-0.27156627,-1
1.0,1
0.77695173,1
0.8227133,1
0.8395754,1
0.94172597,1
-0.006158298,-1
0.32823825,-1
-0.31636634,-1
-0.22617951,-1
-0.07433869,-1
1.0000001,1
1.0000001,1
0.97625625,1
1.0,1
0.7697627,1
0.43293878,-1
-0.18498804,-1
0.2554311,-1
-0.10025025,-1
-0.25294667,-1
1.0000001,1
1.0000001,1
1.0,1
0.9828014,1
0.9730898,1
-0.37457344,-1
0.5604525,-1
0.9153216,-1
-0.09734381,-1
0.40904057,-1
0.99999994,1
1.0,1
1.0000001,1
1.0,1
0.9639999,1
0.42838255,-1
0.75890386,-1
-0.1255775,-1
0.49055597,-1
-0.02247843,-1
1.0,1
1.0,1
1.0000001,1
1.0000001,1
1.0000001,1
-0.36022508,-1
0.6970304,-1
-0.13021334,-1
-0.12115027,-1
-0.20939493,-1
1.0,1
0.93108743,1
1.0000001,1
1.0,1
1.0,1
-0.48049572,-1
0.18561037,-1
-0.110876575,-1
0.270973,-1
0.8758582,-1
0.90086645,1
0.9326605,1
0.8953862,1
0.9462718,1
1.0,1
-0.12501916,-1
-0.37160516,-1
-0.047176797,-1
-0.036524665,-1
0.5598771,-1
1.0,1
0.9549914,1
0.9999999,1
0.6924239,1
1.0,1
0.5163982,-1
0.01734758,-1
-0.47580102,-1
-0.036798697,-1
0.027795108,-1
0.99999994,1
0.95626765,1
0.87406003,1
0.93366843,1
0.919251,1
0.017700924,-1
-0.07262892,-1
0.34112838,-1
-0.12834275,-1
-0.055718742,-1
0.99672,1
0.90748197,1
1.0,1
0.6515186,1
0.9889734,1
0.14927354,-1
0.18620689,-1
-0.17441659,-1
0.4540504,-1
0.11445418,-1
0.9690394,1
1.0000001,1
0.98399353,1
1.0,1
0.8057993,1
-0.3377508,-1
0.43249306,-1
0.07958305,-1
-0.06734104,-1
-0.25230345,-1
0.94119215,1
0.9967178,1
1.0,1
1.0,1
1.0,1
-0.45488122,-1
0.23934779,-1
-0.26989624,-1
-0.35364679,-1
0.4606299,-1
1.0,1
0.9867358,1
0.91315675,1
0.95452803,1
1.0,1
-0.06123772,-1
-0.04329659,-1
-0.25236788,-1
0.42546457,-1
-0.41726017,-1
0.9068504,1
0.8785462,1
0.9999999,1
0.9356934,1
1.0,1
0.018875727,-1
0.5420104,-1
-0.15779784,-1
0.68668634,-1
0.15976548,-1
0.8235865,1
1.0000001,1
0.84059966,1
0.9827066,1
0.822797,1
0.03991557,-1
0.3900967,-1
-0.5227243,-1
-0.16783881,-1
0.16262764,-1
0.7409736,1
0.9278009,1
1.0,1
0.9973324,1
0.9051151,1
-0.60898167,-1
-0.092654884,-1
0.3171919,-1
0.034829497,-1
0.18958035,-1
0.8222752,1
1.0,1
0.95465475,1
1.0,1
0.9369928,1
0.7625365,-1
-0.07762147,-1
0.13872989,-1
0.70765996,-1
-0.02752518,-1
0.97634155,1
0.9498033,1
0.99999994,1
1.0,1
0.7575589,1
0.21230647,-1
-0.24606335,-1
0.49990973,-1
-0.3646334,-1
-0.26120916,-1
1.0000001,1
1.0000001,1
0.99999994,1
0.99999994,1
1.0000001,1
-0.007988947,-1
0.51482826,-1
-0.137631,-1
-0.3592868,-1
-0.14019516,-1
0.9340149,1
0.90124124,1
1.0,1
0.9732535,1
0.9657357,1
0.94302636,-1
-0.451594,-1
-0.35977516,-1
0.18943673,-1
-0.1019498,-1
0.947818,1
1.0,1
0.7846678,1
0.9475085,1
1.0000001,1
-0.4783075,-1
-0.2372861,-1
-0.32278785,-1
-0.24062927,-1
-0.026612997,-1
0.9955908,1
0.716357,1
0.99412656,1
1.0000001,1
1.0000001,1
-0.002281689,-1
-0.1461919,-1
0.1338594,-1
-0.24118371,-1
-0.1651459,-1
0.8541659,1
0.9250486,1
0.9264748,1
0.99999994,1
0.96106505,1
-0.25913933,-1
-0.08524387,-1
0.66798836,-1
0.23350318,-1
0.06562362,-1
0.88215035,1
1.0000001,1
1.0000001,1
0.97846264,1
0.80277747,1
0.18640268,-1
-0.08650749,-1
0.64293295,-1
-0.34132087,-1
-0.1539866,-1
1.0000001,1
0.9918616,1
0.97816354,1
1.0,1
0.9999999,1
0.089202724,-1
0.29610255,-1
-0.00828641,-1
-0.15933925,-1
-0.057268925,-1
1.0000001,1
0.99999994,1
1.0000001,1
0.9415983,1
0.9317437,1
-0.115644224,-1
-0.070810884,-1
0.83223385,-1
-0.3164909,-1
0.40903556,-1
1.0000001,1
0.90479356,1
0.96991926,1
1.0,1
0.90932214,1
-0.16777952,-1
-0.22452287,-1
-0.03583605,-1
-0.32657978,-1
-0.1397303,-1
0.8795798,1
0.95593894,1
1.0,1
1.0,1
1.0000001,1
-0.12511064,-1
0.31388348,-1
-0.25843045,-1
0.77675265,-1
-0.0050526503,-1
0.9999999,1
1.0000001,1
1.0000001,1
0.7244571,1
1.0,1
0.12323722,-1
-0.2186478,-1
0.3586882,-1
-0.07386982,-1
-0.3051901,-1
0.9363236,1
0.9936355,1
0.84387136,1
0.9310476,1
0.8245987,1
-0.08235179,-1
-0.25006,-1
-0.10489947,-1
-0.37519166,-1
0.016521893,-1
0.98192006,1
1.0,1
0.9999999,1
0.91059107,1
0.9471141,1
-0.32678944,-1
0.7386762,-1
-0.1845937,-1
-0.20395862,-1
-0.5247284,-1
1.0,1
1.0000001,1
1.0000001,1
0.8346512,1
1.0000001,1
0.44158718,-1
-0.5609745,-1
0.5862317,-1
-0.25002742,-1
0.19120897,-1
1.0,1
1.0,1
0.7020455,1
1.0000001,1
0.9520919,1
0.24602863,-1
0.17090064,-1
-0.11996441,-1
0.7897602,-1
0.7874275,-1
0.95715445,1
0.9999999,1
0.9734533,1
1.0,1
1.0000001,1
-0.13086723,-1
0.12332728,-1
0.33682638,-1
0.23599333,-1
0.93290496,-1
0.9486645,1
1.0,1
0.9846194,1
1.0000001,1
1.0000001,1
-0.20381624,-1
-0.098473646,-1
-0.026500378,-1
-0.13864988,-1
-0.21671751,-1
1.0,1
1.0,1
1.0000001,1
1.0,1
0.99999994,1
0.90291625,-1
-0.23720483,-1
-0.32898238,-1
-0.2613308,-1
-0.11525353,-1
1.0,1
0.9458304,1
0.92695117,1
1.0,1
0.9389757,1
0.87119615,-1
-0.09629673,-1
0.23580118,-1
-0.116465814,-1
0.42608702,-1
1.0000001,1
1.0,1
1.0000001,1
0.95920825,1
0.88546926,1
-0.36708185,-1
-0.33023295,-1
-0.17832208,-1
-0.16497691,-1
-0.22920583,-1
0.8502935,1
1.0000001,1
0.9716915,1
0.97867703,1
0.88480115,1
-0.28058618,-1
0.03604898,-1
0.65950936,-1
0.018334216,-1
-0.331322,-1
1.0,1
0.8898364,1
0.8691041,1
0.898267,1
0.9787566,1
-0.16740459,-1
-0.3410282,-1
0.11270624,-1
-0.14668386,-1
0.6649325,-1
1.0000001,1
0.98855335,1
1.0,1
0.99168473,1
0.94255704,1
-0.12965333,-1
0.3767016,-1
-0.12230717,-1
-0.15151034,-1
0.7122105,-1
1.0,1
0.9999999,1
0.9787483,1
0.9448662,1
0.7810054,1
-0.13448954,-1
-0.10670172,-1
-0.045279283,-1
0.0023800714,-1
0.573539,-1
1.0,1
0.9921982,1
1.0,1
1.0,1
0.9682401,1
0.31274328,-1
0.4650494,-1
0.10738195,-1
0.11632673,-1
0.48965716,-1
0.98094904,1
1.0,1
1.0000001,1
0.9923025,1
1.0,1
0.13088872,-1
-0.31934354,-1
0.11058588,-1
-0.13489297,-1
0.03764349,-1
0.8500151,1
1.0,1
0.8690452,1
0.97653735,1
0.96806216,1
-0.21357718,-1
-0.07825412,-1
0.7669722,-1
-0.028770829,-1
-0.23437177,-1
1.0000001,1
0.98867005,1
1.0,1
0.97907305,1
0.99999994,1
-0.438605,-1
0.017081685,-1
-0.2926886,-1
0.2413987,-1
0.6705517,-1
0.9815894,1
0.99999994,1
1.0,1
0.9986359,1
1.0,1
0.15269744,-1
0.14796379,-1
0.18720393,-1
0.053533744,-1
0.32654396,-1
0.8162311,1
0.96863323,1
0.98282546,1
0.9693437,1
1.0000001,1
-0.25358537,-1
0.5233903,-1
-0.12053266,-1
-0.17328686,-1
-0.15782201,-1
1.0,1
1.0,1
0.8578601,1
0.92050046,1
1.0,1
-0.2491342,-1
-0.4101866,-1
-0.5807171,-1
-0.060368046,-1
0.12471641,-1
1.0000001,1
1.0,1
0.9819899,1
1.0000001,1
0.9654549,1
-0.33344564,-1
0.24012733,-1
-0.44283143,-1
0.23051035,-1
-0.41111377,-1
1.0000001,1
0.8840111,1
0.9352494,1
0.8872603,1
0.9920824,1
0.046256237,-1
-0.12127332,-1
-0.33014062,-1
0.85944045,-1
-0.25255355,-1
0.9401347,1
0.98987645,1
0.8910238,1
1.0000001,1
1.0,1
-0.10799873,-1
-0.11709118,-1
0.40404376,-1
-0.1630245,-1
-0.21477593,-1
1.0000001,1
0.9999999,1
1.0000001,1
0.9999999,1
1.0,1
-0.17816898,-1
-0.010065489,-1
0.051824488,-1
-0.17244264,-1
0.5212894,-1
0.96054685,1
0.9479118,1
1.0000002,1
1.0,1
0.9622467,1
0.15334047,-1
-0.25609332,-1
0.4716148,-1
0.4990352,-1
-0.061806653,-1
0.91971666,1
1.0,1
0.9999999,1
0.9865768,1
1.0,1
-0.24741298,-1
0.10093012,-1
-0.43077955,-1
0.8128839,-1
-0.10807764,-1
1.0,1
0.96091634,1
1.0,1
0.9383066,1
0.8380908,1
-0.10398935,-1
0.35497233,-1
-0.42687312,-1
-0.106405534,-1
-0.100851946,-1
1.0,1
0.9295049,1
0.9644272,1
1.0,1
1.0,1
0.25989348,-1
0.91061425,-1
-0.22944777,-1
0.073179975,-1
-0.08518729,-1
0.99999994,1
0.9061721,1
0.7578803,1
1.0,1
0.9409022,1
0.024891902,-1
-0.20902117,-1
-0.40542313,-1
-0.41436318,-1
-0.04025645,-1
0.91938627,1
1.0000001,1
0.99999994,1
0.9105676,1
1.0,1
-0.23142485,-1
-0.045312513,-1
0.29861516,-1
-0.15471487,-1
0.118608825,-1
1.0,1
0.95246094,1
0.99999994,1
1.0000001,1
0.79039544,1
0.5594158,-1
-0.3280133,-1
0.36364338,-1
-0.09290583,-1
0.335919,-1
1.0,1
0.93914425,1
0.9999999,1
0.9999999,1
0.92280334,1
-0.13316986,-1
-0.13170606,-1
-0.2012439,-1
0.25176987,-1
-0.18674947,-1
1.0,1
0.99999994,1
0.80578595,1
0.99779665,1
1.0000001,1
-0.28266835,-1
0.07311965,-1
-0.23194325,-1
-0.09226592,-1
0.058464527,-1
1.0000001,1
0.8986101,1
0.9999999,1
1.0000001,1
1.0000001,1
-0.020748496,-1
-0.3246163,-1
-0.2620954,-1
-0.29892808,-1
-0.1387785,-1
0.9093569,1
1.0,1
0.9708127,1
0.94272774,1
0.9785269,1
-0.0048731407,-1
0.6581897,-1
-0.3317689,-1
-0.102347836,-1
-0.04027082,-1
1.0,1
1.0,1
0.9346335,1
1.0000002,1
0.93717104,1
0.42270598,-1
0.03811451,-1
0.14547579,-1
0.5049398,-1
0.77345395,-1
1.0000001,1
0.8581465,1
0.82326806,1
1.0000001,1
0.98523724,1
-0.39571407,-1
-0.36965552,-1
-0.012476693,-1
-0.02738291,-1
-0.41784486,-1
1.0,1
1.0000001,1
0.8814453,1
0.9784113,1
1.0,1
0.045338634,-1
-0.23556185,-1
0.6846045,-1
0.18822639,-1
-0.24220112,-1
0.99802923,1
1.0,1
1.0000001,1
1.0,1
1.0,1
0.330204,-1
-0.31681356,-1
-0.21071155,-1
-0.114438124,-1
0.09820328,-1
0.98699504,1
0.83349824,1
0.96871275,1
0.7255756,1
1.0000001,1
-0.2734076,-1
-0.3541046,-1
-0.057322808,-1
-0.20094289,-1
-0.052688804,-1
1.0,1
1.0000001,1
1.0000001,1
0.89687574,1
1.0,1
-0.4671921,-1
0.8284917,-1
0.9819152,-1
-0.30094874,-1
-0.20811388,-1
1.0000001,1
0.98346776,1
1.0,1
0.91739386,1
1.0000001,1
-0.21108444,-1
-0.043172654,-1
-0.12072888,-1
-0.24764994,-1
0.509903,-1
1.0000001,1
1.0000001,1
0.9002566,1
0.99999994,1
1.0,1
-0.19812828,-1
-0.003639276,-1
-0.5108495,-1
0.7068347,-1
-0.33152974,-1
0.95078754,1
1.0,1
0.9461637,1
0.96383905,1
0.94315016,1
-0.032650176,-1
0.84367394,-1
0.3230842,-1
0.101181746,-1
-0.0018381317,-1
0.9787536,1
0.8789617,1
0.97624964,1
1.0,1
0.96045196,1
-0.13927005,-1
-0.19882888,-1
0.16658752,-1
0.2938856,-1
-0.30733293,-1
0.9820881,1
0.9620307,1
0.95496225,1
1.0,1
1.0,1
-0.32032374,-1
-0.47086105,-1
-0.30130255,-1
0.10251051,-1
-0.03836414,-1
1.0,1
1.0,1
0.9122107,1
0.9679153,1
0.96867204,1
-0.09017886,-1
0.41522545,-1
-0.56461054,-1
-0.05814526,-1
-0.18661638,-1
0.99999994,1
0.9836165,1
1.0,1
1.0000001,1
0.92791766,1
-0.2832038,-1
-0.34651524,-1
-0.44945058,-1
-0.09906874,-1
-0.3625631,-1
0.62565154,1
0.95886475,1
0.99999994,1
1.0,1
0.94018036,1
-0.014418925,-1
-0.04762695,-1
0.23759258,-1
-0.46731365,-1
-0.3218998,-1
1.0,1
1.0,1
1.0000001,1
1.0,1
0.9978542,1
0.090485014,-1
0.17208445,-1
0.46710667,-1
-0.31749633,-1
-0.2347308,-1
1.0,1
1.0,1
1.0,1
1.0000001,1
0.9033258,1
0.5903429,-1
0.6028043,-1
0.6171848,-1
-0.27499083,-1
0.5065272,-1
0.9574312,1
1.0,1
1.0000001,1
1.0,1
0.9302858,1
0.2396083,-1
-0.40571573,-1
0.03890896,-1
0.1378757,-1
0.018940466,-1
1.0,1
1.0000001,1
0.97333425,1
0.9999999,1
0.9734936,1
0.03185193,-1
-0.29513702,-1
0.42385885,-1
-0.081657596,-1
0.05952173,-1
0.95678407,1
0.9215251,1
0.6195816,1
0.9948337,1
0.902934,1
-0.07679304,-1
0.021212704,-1
0.0016849265,-1
0.226198,-1
-0.24158145,-1
0.9616134,1
0.9639378,1
1.0,1
0.8929046,1
0.9904563,1
0.42430452,-1
0.09890516,-1
-0.28190735,-1
-0.11018578,-1
-0.07976989,-1
1.0000001,1
1.0,1
0.9783114,1
1.0,1
1.0,1
0.34530997,-1
0.1020854,-1
0.031708185,-1
-0.36451095,-1
-0.053521145,-1
1.0,1
0.71992725,1
0.8626269,1
0.9733043,1
0.6434001,1
1.0,-1
-0.114894114,-1
-0.19794782,-1
0.52625954,-1
-0.3067365,-1
0.91459167,1
0.81969213,1
0.9232373,1
0.9999999,1
0.99999994,1
0.57727635,-1
0.021584153,-1
-0.25064585,-1
0.3840297,-1
-0.15032266,-1
0.9879204,1
1.0,1
0.60269547,1
0.9015918,1
1.0000001,1
-0.1448015,-1
-0.08298037,-1
0.06721698,-1
-0.16708367,-1
0.34468883,-1
1.0000001,1
1.0000001,1
0.8284351,1
1.0,1
1.0,1
-0.2873571,-1
0.1831261,-1
0.18165347,-1
0.04533084,-1
0.011883678,-1
0.8161013,1
0.9680712,1
1.0,1
1.0,1
0.9808638,1
0.32348442,-1
0.6179985,-1
-0.016898086,-1
0.04091185,-1
0.82575166,-1
0.9456081,1
0.9999999,1
1.0,1
0.81822103,1
1.0000001,1
-0.4707735,-1
-0.28381512,-1
0.044289116,-1
-0.040595695,-1
0.6776672,-1
0.9675276,1
1.0,1
0.96976465,1
1.0,1
1.0,1
-0.15042518,-1
0.3114856,-1
-0.19738589,-1
-0.059983503,-1
-0.09393588,-1
1.0,1
0.99999994,1
0.98038834,1
0.9436305,1
1.0000001,1
0.23782852,-1
-0.14872497,-1
-0.15479653,-1
-0.105827436,-1
0.014131243,-1
1.0,1
0.99944514,1
0.9999999,1
1.0000001,1
1.0,1
0.22187598,-1
0.43305075,-1
-0.34929332,-1
-0.32294068,-1
0.4586307,-1
1.0000001,1
0.9999999,1
0.49228084,1
0.99755675,1
0.99999994,1
-0.39213163,-1
0.02751571,-1
-0.24353142,-1
0.10273989,-1
0.4957242,-1
0.9501089,1
0.12632191,1
0.7685659,1
0.97090507,1
0.92327446,1
-0.24998552,-1
-0.3379465,-1
0.8846327,-1
0.106740355,-1
0.11493036,-1
1.0000001,1
0.977723,1
0.2409269,1
1.0,1
1.0000001,1
-0.48801583,-1
0.058995638,-1
-0.07297973,-1
-0.3503566,-1
-0.24379466,-1
0.79645044,1
0.9835983,1
1.0,1
1.0,1
0.87866956,1
-0.06415739,-1
-0.4833272,-1
-0.09787728,-1
-0.25946507,-1
-0.52419853,-1
1.0,1
1.0000001,1
1.0000001,1
1.0000001,1
1.0000001,1
-0.10683791,-1
0.68458337,-1
0.16784802,-1
-0.080911115,-1
-0.15680887,-1
1.0,1
0.9598546,1
1.0,1
0.9023254,1
0.9734709,1
0.17370372,-1
-0.27733165,-1
-0.31143185,-1
-0.08581975,-1
0.5311103,-1
1.0,1
0.69764847,1
0.97717315,1
0.9653971,1
1.0000001,1
0.8503206,-1
0.5171202,-1
-0.122295275,-1
-0.09358365,-1
0.0121610025,-1
1.0,1
0.74995595,1
0.99081874,1
0.9512504,1
1.0,1
0.16694662,-1
-0.21294941,-1
-0.041623406,-1
0.7486323,-1
-0.08628041,-1
1.0,1
0.9936996,1
1.0,1
1.0,1
1.0,1
0.4229483,-1
-0.5312995,-1
-0.10600378,-1
-0.09777967,-1
0.035804305,-1
0.9599967,1
0.89192265,1
0.9122532,1
1.0,1
1.0000001,1
-0.0683095,-1
0.49484867,-1
0.27761278,-1
-0.18893984,-1
0.3168518,-1
1.0000001,1
1.0,1
1.0000001,1
1.0,1
0.99411136,1
0.80502874,-1
0.0043834643,-1
-0.17303272,-1
0.18850459,-1
-0.21342635,-1
0.95393395,1
1.0,1
0.96105003,1
1.0000001,1
0.92377365,1
-0.20010601,-1
-0.19658843,-1
0.49039155,-1
-0.061059635,-1
-0.5581291,-1
1.0000001,1
1.0,1
0.98690176,1
0.98688155,1
1.0,1
0.7469344,-1
0.92527694,-1
-0.1853797,-1
-0.00183634,-1
-0.36898428,-1
0.987349,1
0.8963053,1
1.0000001,1
0.9711658,1
1.0,1
0.46164376,-1
-0.1370485,-1
-0.31949687,-1
0.2043743,-1
0.30019695,-1
1.0000001,1
0.9655248,1
0.9688641,1
1.0,1
0.9489169,1
0.25193456,-1
-0.06953979,-1
-0.31018347,-1
0.21435806,-1
-0.088142745,-1
1.0000001,1
0.9719145,1
1.0000001,1
1.0000001,1
0.99999994,1
-0.1844554,-1
0.045939967,-1
-0.20593686,-1
0.6910143,-1
0.71504706,-1
1.0,1
0.9082645,1
0.9308601,1
0.9925848,1
1.0,1
-0.24803339,-1
-0.028297935,-1
0.82935137,-1
-0.077270016,-1
-0.04599546,-1
1.0,1
1.0,1
0.9734753,1
0.9274045,1
0.9376682,1
-0.012518594,-1
0.0893659,-1
-0.2980356,-1
-0.19740772,-1
0.0854146,-1
0.9951921,1
1.0,1
0.9938986,1
0.99999994,1
0.8960207,1
0.21298581,-1
-0.2686669,-1
-0.39756066,-1
0.28050515,-1
-0.0024646386,-1
0.7884669,1
0.800384,1
1.0000001,1
0.9544208,1
0.9999999,1
0.36543682,-1
0.12559314,-1
-0.16574563,-1
-0.5168693,-1
0.47544068,-1
0.98964286,1
1.0,1
0.95882845,1
1.0000001,1
0.8178712,1
0.6274045,-1
0.40302688,-1
0.5385542,-1
-0.3947117,-1
-0.09721106,-1
1.0000001,1
0.9570627,1
0.98570234,1
1.0000001,1
0.9489977,1
0.77840346,-1
-0.02474999,-1
-0.092129976,-1
0.17160195,-1
0.52367765,-1
1.0,1
0.9606066,1
1.0000001,1
1.0,1
0.9634633,1
0.90595216,-1
-0.011434454,-1
-0.009223216,-1
-0.023417858,-1
-0.21388626,-1
0.9654217,1
0.9626895,1
1.0000001,1
1.0000001,1
1.0,1
0.017157955,-1
-0.5597397,-1
-0.09436507,-1
0.7106764,-1
-0.16141818,-1
0.9184456,1
1.0000001,1
0.9831674,1
0.9468124,1
0.99999994,1
0.0009445443,-1
0.8145341,-1
-0.26257062,-1
0.20689842,-1
0.0011556228,-1
1.0,1
1.0,1
0.8673779,1
0.9395304,1
0.86847353,1
0.4217647,-1
0.081313975,-1
-0.064577036,-1
0.057896253,-1
-0.5471452,-1
1.0,1
1.0000001,1
0.94503486,1
0.94640756,1
0.8059248,1
0.30034593,-1
-0.18366699,-1
0.013321796,-1
0.1623326,-1
0.4361075,-1
1.0000001,1
0.99999994,1
1.0000001,1
0.82992786,1
0.91558355,1
0.16852197,-1
-0.05586986,-1
0.44894683,-1
-0.40201455,-1
-0.25220603,-1
1.0,1
1.0000001,1
1.0000001,1
1.0000001,1
1.0000001,1
0.33224168,-1
-0.030801555,-1
-0.15468182,-1
-0.11638676,-1
-0.038171038,-1
0.55891454,1
1.0000001,1
1.0000001,1
0.97106636,1
0.8631586,1
0.26602665,-1
-0.0978115,-1
-0.21538725,-1
-0.42047745,-1
0.0886331,-1
0.8987221,1
0.9252541,1
0.9182788,1
0.93044084,1
0.93922096,1
-0.08637947,-1
-0.18742208,-1
-0.02183222,-1
-0.2696836,-1
0.4277472,-1
0.9999999,1
1.0000001,1
1.0000001,1
0.9428467,1
1.0000001,1
-0.46799916,-1
-0.037805017,-1
0.6734158,-1
-0.43497303,-1
-0.18786861,-1
0.8382506,1
0.91003233,1
0.74832636,1
0.9550908,1
0.7175672,1
0.3855758,-1
0.13366003,-1
-0.1287976,-1
-0.2589833,-1
0.47032937,-1
1.0,1
-0.38978094,1
0.9413551,1
0.97721106,1
0.67599744,1
-0.2883955,-1
-0.13036317,-1
0.18142669,-1
0.13827199,-1
-0.18820593,-1
1.0000001,1
0.9999999,1
1.0,1
0.96900576,1
0.8254457,1
-0.20745896,-1
0.3803222,-1
0.3134668,-1
-0.56843656,-1
0.7010375,-1
1.0,1
0.9276528,1
0.9461604,1
0.97434634,1
1.0000001,1
0.43180296,-1
0.29081,-1
-0.3939453,-1
-0.43095115,-1
-0.2728978,-1
0.953901,1
1.0,1
0.9737649,1
1.0,1
1.0000001,1
-0.1583988,-1
-0.40867087,-1
-0.17380956,-1
-0.25798723,-1
0.15323254,-1
0.9999999,1
1.0,1
0.9682172,1
0.9900868,1
0.94544345,1
-0.39082664,-1
0.6222726,-1
0.06499926,-1
-0.37739122,-1
-0.03573659,-1
1.0,1
0.99999994,1
0.988066,1
1.0,1
1.0000001,1
-0.034921303,-1
-0.4507762,-1
0.13055082,-1
-0.13191815,-1
-0.22006966,-1
0.8165726,1
0.99999994,1
0.84404486,1
1.0000001,1
1.0000001,1
-0.33395612,-1
0.69538575,-1
0.050851904,-1
-0.29154366,-1
0.26656923,-1
1.0,1
1.0,1
0.989274,1
1.0,1
1.0000001,1
-0.36947787,-1
-0.0132759055,-1
0.01666594,-1
-0.29556164,-1
0.7036294,-1
1.0,1
0.9590338,1
1.0000001,1
1.0,1
1.0,1
0.5961453,-1
-0.35000578,-1
-0.3081406,-1
0.0247525,-1
-0.11054937,-1
0.9753131,1
0.92625326,1
1.0,1
1.0,1
0.97722137,1
-0.35181037,-1
-0.13488749,-1
-0.059402183,-1
0.33436343,-1
-0.19388278,-1
0.97481626,1
0.95414954,1
0.989698,1
1.0000001,1
0.99805874,1
-0.09154851,-1
0.067457594,-1
-0.2974923,-1
0.013167334,-1
-0.23116772,-1
1.0000001,1
0.99999994,1
0.94867367,1
1.0,1
0.9337744,1
-0.27553025,-1
0.7290303,-1
0.3984436,-1
0.6703436,-1
-0.11256738,-1
0.95078504,1
1.0000001,1
1.0,1
1.0000001,1
0.8115074,1
0.5899091,-1
-0.0480368,-1
0.1610426,-1
-0.32259092,-1
0.10035123,-1
0.97592515,1
0.9742041,1
0.9178837,1
1.0,1
0.9881269,1
0.08188549,-1
-0.552181,-1
0.4903687,-1
-0.42802945,-1
0.12759636,-1
0.9916331,1
0.96808726,1
0.468559,1
0.9680727,1
0.97390276,1
0.23355952,-1
0.2165998,-1
-0.44056156,-1
-0.17111711,-1
0.0070383577,-1
0.9893506,1
0.891331,1
0.94769573,1
1.0,1
1.0,1
0.15709265,-1
0.55389583,-1
0.050618615,-1
-0.0027092414,-1
-0.28712654,-1
1.0,1
1.0,1
0.99999994,1
0.9917753,1
1.0,1
0.49410397,-1
0.3985411,-1
-0.39914176,-1
-0.3719138,-1
-0.23653503,-1
0.9917905,1
0.95938444,1
0.9675665,1
1.0000001,1
0.97625625,1
-0.26520133,-1
0.120046236,-1
-0.07441379,-1
-0.14095664,-1
0.39412588,-1
1.0,1
1.0,1
0.9886497,1
1.0,1
0.96183026,1
-0.39504516,-1
-0.4144597,-1
-0.11694551,-1
0.105511375,-1
-0.16444145,-1
0.9999999,1
0.83918864,1
1.0000001,1
0.99328005,1
0.88700664,1
0.50436634,-1
0.6275697,-1
0.636297,-1
-0.23819095,-1
0.068223745,-1
0.8866285,1
0.8725535,1
0.9734694,1
0.92164445,1
0.89550227,1
-0.21154487,-1
-0.29861242,-1
-0.60403043,-1
-0.46213984,-1
-0.46074843,-1
0.89579284,1
0.9340629,1
0.9137706,1
0.9999999,1
0.8897767,1
-0.32401043,-1
-0.11139507,-1
-0.38918805,-1
-0.30434668,-1
-0.036184706,-1
1.0,1
0.94160396,1
1.0000001,1
0.9815091,1
1.0000001,1
0.19570743,-1
-0.22212858,-1
0.21493056,-1
-0.013215146,-1
0.34664223,-1
1.0,1
1.0000001,1
1.0,1
1.0000001,1
1.0000001,1
-0.14076303,-1
0.44288817,-1
-0.3224207,-1
-0.03787535,-1
-0.02612005,-1
0.782665,1
1.0,1
0.99136686,1
0.8695224,1
1.0000001,1
0.28107646,-1
-0.33827186,-1
0.6827687,-1
-0.18502444,-1
0.34831446,-1
0.99999994,1
1.0000001,1
0.96921766,1
0.93365866,1
1.0000001,1
0.08051308,-1
0.05268281,-1
-0.6618828,-1
-0.11270726,-1
-0.17696595,-1
0.8214688,1
0.8079259,1
0.30766228,1
0.5628285,1
0.9166654,1
-0.4963429,-1
-0.07268469,-1
0.7504436,-1
0.39714447,-1
0.63010806,-1
1.0,1
1.0000001,1
0.9692598,1
0.95445836,1
0.93368846,1
-0.0136196595,-1
-0.07010682,-1
-0.22245035,-1
-0.23516318,-1
-0.54542404,-1
1.0000001,1
1.0,1
0.97097486,1
1.0000001,1
0.9999999,1
-0.19322664,-1
-0.082136855,-1
-0.31034938,-1
-0.08872153,-1
-0.17337658,-1
0.94251984,1
0.90777016,1
1.0000001,1
0.7516986,1
0.93778896,1
-0.14494927,-1
0.06457835,-1
-0.45805353,-1
-0.3036145,-1
0.7780215,-1
1.0000001,1
0.9409522,1
1.0000001,1
0.95246905,1
1.0,1
-0.5294555,-1
0.69842184,-1
0.53544813,-1
0.026082348,-1
-0.08827367,-1
0.997425,1
0.7406734,1
1.0,1
0.9494147,1
1.0000001,1
0.070739724,-1
-0.17806007,-1
-0.08188236,-1
0.6239486,-1
-0.27426827,-1
0.9850109,1
0.8477914,1
1.0,1
1.0000001,1
0.94765395,1
-0.36477625,-1
0.087879404,-1
-0.09474417,-1
0.08076606,-1
0.80051357,-1
1.0000001,1
1.0,1
1.0,1
0.9160481,1
0.9644179,1
0.30570212,-1
-0.2128058,-1
-0.13107765,-1
-0.022029331,-1
-0.4125659,-1
1.0000001,1
1.0000001,1
0.9624786,1
0.9231278,1
0.9605649,1
-0.21640138,-1
0.57388294,-1
-0.2757199,-1
0.070297025,-1
0.18049921,-1
0.99999994,1
1.0,1
1.0,1
1.0,1
1.0,1
-0.0762013,-1
0.01861898,-1
-0.09098691,-1
0.1147118,-1
0.5948949,-1
1.0,1
1.0,1
0.98224914,1
1.0,1
1.0000001,1
-0.31872123,-1
-0.36079377,-1
-0.16359398,-1
0.04030761,-1
0.112186514,-1
1.0000001,1
0.8339221,1
0.976884,1
0.9914021,1
0.9999999,1
0.48461872,-1
-0.37383267,-1
-0.5005305,-1
-0.31228492,-1
-0.3467788,-1
0.9615401,1
1.0000001,1
0.9062992,1
0.9797653,1
0.97852516,1
-0.12150381,-1
-0.12559642,-1
-0.15475471,-1
-0.31557423,-1
-0.12423487,-1
1.0000001,1
1.0000001,1
1.0000001,1
1.0,1
0.99389654,1
-0.23674326,-1
0.44182193,-1
-0.0043881033,-1
-0.38878515,-1
-0.12642924,-1
0.9526154,1
1.0000001,1
0.9176011,1
0.89124745,1
0.8868087,1
0.36519936,-1
-0.031114487,-1
-0.0929267,-1
0.24393271,-1
0.19337592,-1
0.87255806,1
0.9242272,1
0.9730841,1
0.9719717,1
0.8082595,1
-0.27346906,-1
-0.044672515,-1
0.33100158,-1
-0.26600012,-1
-0.22501239,-1
1.0,1
1.0,1
1.0,1
0.947437,1
0.9302417,1
-0.14899713,-1
0.31740102,-1
-0.035407092,-1
-0.033495497,-1
0.7006672,-1
0.9316721,1
0.9817723,1
1.0,1
1.0000001,1
1.0000001,1
-0.26912293,-1
-0.0351285,-1
-0.103839815,-1
0.037007965,-1
0.31932977,-1
0.9137472,1
1.0,1
0.7136643,1
0.95316106,1
0.8564974,1
0.24958456,-1
-0.20777771,-1
0.42872626,-1
-0.09218052,-1
0.50952464,-1
0.986165,1
1.0,1
0.88268816,1
1.0000001,1
1.0,1
0.13857102,-1
-0.4635904,-1
0.102497086,-1
-0.27593148,-1
-0.41100502,-1
1.0,1
0.84568256,1
1.0,1
0.99999994,1
0.9893894,1
-0.10303235,-1
0.8863837,-1
0.4288828,-1
0.22099581,-1
-0.07980874,-1
0.80865633,1
0.98200965,1
0.9999999,1
0.9456344,1
0.9635135,1
0.91193694,-1
0.06258623,-1
-0.36618575,-1
-0.05245195,-1
-0.060890406,-1
1.0000001,1
0.99571794,1
0.98364115,1
1.0000001,1
1.0,1
0.31243762,-1
0.4561241,-1
-0.24488442,-1
0.42477673,-1
0.5018034,-1
0.97265476,1
1.0,1
1.0,1
0.99999994,1
0.92866814,1
-0.16143233,-1
0.038991194,-1
0.0023483837,-1
-0.20274657,-1
0.19593465,-1
1.0000001,1
0.7133371,1
1.0,1
0.99285406,1
0.947383,1
-0.14683583,-1
-0.07601296,-1
0.48130834,-1
0.23265895,-1
0.18108335,-1
0.980035,1
1.0000001,1
1.0,1
0.8740339,1
0.97064126,1
0.10457457,-1
-0.09414965,-1
0.6308008,-1
0.20767306,-1
-0.60224384,-1
0.99999994,1
0.99621266,1
1.0,1
0.985551,1
0.91565543,1
-0.14544411,-1
-0.34124824,-1
0.50277317,-1
-0.17659444,-1
0.39726537,-1
1.0000001,1
0.90831053,1
1.0,1
1.0000001,1
1.0000001,1
-0.12206318,-1
0.063430056,-1
0.044746686,-1
0.5367742,-1
-0.18819559,-1
0.99999994,1
1.0,1
1.0000001,1
0.9616089,1
0.9482795,1
-0.14734848,-1
-0.25630927,-1
-0.0083324965,-1
-0.21771605,-1
-0.12332885,-1
0.9122171,1
1.0,1
0.93303174,1
1.0,1
0.93695396,1
0.68540525,-1
-0.09008749,-1
-0.17190792,-1
-0.09435443,-1
-0.14849095,-1
0.8517434,1
1.0000001,1
0.9805851,1
1.0,1
1.0,1
-0.24121536,-1
-0.30343217,-1
-0.15531857,-1
0.16097742,-1
-0.119595006,-1
0.9746398,1
1.0000002,1
0.9346965,1
0.9692932,1
1.0000001,1
0.9715985,-1
-0.0018216596,-1
-0.22468893,-1
-0.39702865,-1
-0.2642821,-1
0.9713943,1
1.0,1
1.0000001,1
1.0,1
0.97215474,1
-0.2142764,-1
-0.13453463,-1
0.051480185,-1
-0.16014388,-1
0.2179844,-1
1.0,1
0.81466,1
1.0,1
0.9925665,1
1.0000001,1
0.037748504,-1
0.362672,-1
-0.028059255,-1
-0.33963558,-1
-0.079477444,-1
1.0,1
0.99189276,1
0.9898693,1
1.0000001,1
0.98793805,1
0.45726708,-1
0.35608292,-1
-0.24535817,-1
-0.33323592,-1
0.31286985,-1
0.99058425,1
1.0000001,1
1.0,1
0.730296,1
1.0,1
-0.41214737,-1
-0.17330045,-1
0.44853076,-1
-0.3460841,-1
-0.08237387,-1
0.9052068,1
0.94985837,1
1.0000001,1
1.0,1
0.9796661,1
-0.3170906,-1
0.027299682,-1
0.2168092,-1
-0.18462038,-1
-0.12152144,-1
0.92131233,1
1.0,1
1.0,1
1.0,1
0.9331862,1
-0.065165706,-1
-0.47828162,-1
0.08870521,-1
-0.12353328,-1
0.18786795,-1
1.0000001,1
1.0000001,1
0.7819996,1
1.0000001,1
1.0000001,1
0.51591516,-1
0.7390551,-1
-0.4233484,-1
-0.1954992,-1
0.5796496,-1
0.7960226,1
1.0000001,1
0.9274686,1
1.0000001,1
0.79029953,1
-0.23141497,-1
-0.106784664,-1
-0.12088309,-1
0.65672255,-1
0.3521141,-1
1.0,1
1.0,1
0.7410872,1
1.0,1
0.90502506,1
-0.014375713,-1
-0.3303803,-1
-0.05920321,-1
-0.28221998,-1
-0.28771642,-1
0.99162894,1
1.0,1
0.92105263,1
0.72982943,1
1.0000001,1
-0.4781172,-1
0.2780314,-1
-0.11073926,-1
0.69397676,-1
-0.12686862,-1
1.0000001,1
0.8237516,1
0.9517141,1
1.0000001,1
0.99614054,1
0.80976826,-1
-0.26849374,-1
-0.18820496,-1
0.29678386,-1
0.28753215,-1
0.94078577,1
0.7996273,1
0.9885623,1
1.0,1
0.9999999,1
0.728927,-1
-0.14167468,-1
-0.4780141,-1
-0.33819327,-1
-0.2503288,-1
0.95874584,1
0.9597554,1
0.98579305,1
1.0,1
0.9710719,1
-0.579565,-1
-0.022542628,-1
-0.11156795,-1
-0.04355744,-1
0.35855928,-1
1.0,1
0.88166463,1
0.98855466,1
0.78633016,1
1.0,1
-0.040650997,-1
0.09573095,-1
0.68700695,-1
-0.38662162,-1
-0.1864879,-1
0.9913199,1
1.0000001,1
0.92294997,1
0.9764989,1
0.88307905,1
0.23309985,-1
-0.16915122,-1
-0.14793779,-1
-0.32737124,-1
0.22988777,-1
0.97918105,1
1.0,1
0.9831851,1
0.8770285,1
0.9673152,1
0.19919465,-1
0.6091831,-1
0.14564633,-1
0.28588974,-1
-0.440031,-1
1.0,1
0.7683542,1
1.0,1
0.86526936,1
0.96386456,1
0.8646972,-1
0.40103772,-1
-0.15117379,-1
-0.20432638,-1
-0.37866795,-1
0.98086923,1
1.0,1
1.0000001,1
1.0,1
0.92023855,1
-0.4489476,-1
0.075859375,-1
0.019825954,-1
-0.18275376,-1
-0.105093166,-1
1.0,1
0.9685449,1
1.0,1
1.0,1
1.0,1
0.33171442,-1
0.51232666,-1
-0.77612114,-1
0.3727271,-1
0.41805148,-1
1.0000001,1
1.0,1
0.9999999,1
1.0,1
0.96071935,1
-0.1679973,-1
-0.17008741,-1
-0.34487405,-1
0.5672565,-1
-0.14263465,-1
0.9943725,1
1.0000002,1
1.0,1
1.0000001,1
0.8539145,1
-0.36632812,-1
0.7079121,-1
0.021050433,-1
-0.22315532,-1
-0.036035877,-1
0.98127264,1
1.0,1
1.0,1
0.89443266,1
1.0,1
0.13431804,-1
0.8392617,-1
0.008051826,-1
-0.30519897,-1
-0.20832732,-1
1.0000001,1
0.95995736,1
1.0,1
0.9497901,1
0.97807735,1
-0.3155027,-1
0.56723475,-1
-0.058076587,-1
-0.5722591,-1
0.8378105,-1
0.9980657,1
0.9712616,1
1.0000001,1
0.7967618,1
0.74492884,1
0.4968974,-1
-0.27596408,-1
0.11445136,-1
-0.53665423,-1
-0.10011894,-1
0.9616447,1
1.0000001,1
0.97387415,1
1.0000001,1
1.0,1
-0.097138375,-1
0.009571535,-1
-0.19959402,-1
0.037334137,-1
0.11479326,-1
1.0000001,1
0.9584994,1
1.0000001,1
0.92433375,1
1.0,1
0.7704313,-1
0.7418832,-1
-0.3544486,-1
-0.45849034,-1
0.61228746,-1
0.9832006,1
1.0,1
1.0,1
0.8970129,1
0.8910667,1
-0.3450449,-1
-0.050693855,-1
-0.34605575,-1
-0.08603608,-1
-0.44556433,-1
0.9798962,1
0.9799281,1
1.0,1
0.9014763,1
0.9789142,1
0.05574811,-1
-0.24008901,-1
-0.20558839,-1
-0.19656344,-1
-0.4226637,-1
0.87776953,1
1.0000002,1
1.0,1
1.0000001,1
1.0,1
0.43937212,-1
0.30069187,-1
-0.085018426,-1
-0.22884807,-1
0.21941635,-1
0.965004,1
0.8511004,1
0.90605754,1
1.0,1
0.98570454,1
-0.3331598,-1
-0.21126205,-1
-0.04694566,-1
-0.08110379,-1
0.51867545,-1
1.0000001,1
1.0,1
1.0000001,1
0.99999994,1
1.0,1
-0.25153127,-1
0.3937352,-1
0.20664637,-1
-0.33356827,-1
-0.321214,-1
1.0000001,1
0.972119,1
1.0000001,1
1.0000001,1
0.97851706,1
-0.14142543,-1
0.2256664,-1
0.473991,-1
-0.22166628,-1
-0.26812696,-1
0.989734,1
0.96560115,1
0.96460414,1
1.0,1
0.9714323,1
0.69885296,-1
0.12795533,-1
-0.037807655,-1
-0.28983164,-1
0.5329992,-1
0.9413422,1
1.0,1
0.4873088,1
0.99548507,1
1.0000001,1
-0.39843673,-1
0.037083484,-1
0.14480507,-1
0.063861415,-1
-0.047490474,-1
0.99468786,1
0.95778584,1
0.99999994,1
0.9397267,1
0.89833486,1
-0.22689024,-1
-0.18159086,-1
-0.095984034,-1
0.5199761,-1
-0.32411703,-1
0.93855095,1
1.0,1
0.9999999,1
0.9999999,1
0.9305085,1
-0.006751845,-1
-0.25346205,-1
-0.093648806,-1
0.22793147,-1
-0.33857152,-1
0.8999298,1
0.8850044,1
0.9336994,1
1.0,1
1.0000001,1
-0.07640127,-1
-0.41763562,-1
-0.06874073,-1
-0.383723,-1
0.09555867,-1
0.8586699,1
0.76328385,1
0.88706446,1
0.95059013,1
0.9491257,1
-0.23863421,-1
-0.47651386,-1
-0.24533251,-1
-0.18943691,-1
-0.5771839,-1
1.0,1
0.98376614,1
1.0,1
0.951813,1
1.0000001,1
0.34796494,-1
-0.10855728,-1
0.10102661,-1
0.8953824,-1
-0.22280201,-1
0.98068064,1
1.0,1
1.0000001,1
0.9146254,1
0.84742177,1
-0.19089752,-1
-0.3091048,-1
-0.040063657,-1
-0.50541866,-1
-0.4725034,-1
0.796263,1
0.98586535,1
0.9543752,1
0.98191833,1
1.0000001,1
-0.14426263,-1
0.0692332,-1
-0.29125714,-1
0.35608897,-1
-0.22787064,-1
1.0,1
0.9416904,1
0.73889405,1
0.80411416,1
0.91575384,1
-0.30987254,-1
-0.24720195,-1
-0.067525916,-1
0.7210382,-1
-0.21221924,-1
0.8737666,1
0.99999994,1
0.9585874,1
1.0,1
1.0,1
-0.3339873,-1
-0.49864098,-1
0.6108989,-1
0.5438054,-1
-0.17937554,-1
1.0,1
0.9335345,1
0.9906348,1
0.98570144,1
1.0000001,1
0.25413334,-1
-0.2639312,-1
0.15196994,-1
-0.06875601,-1
-0.023441058,-1
0.90025157,1
0.9316538,1
0.9821864,1
0.860784,1
1.0000001,1
0.097552486,-1
0.1895448,-1
-0.40316144,-1
0.020649824,-1
0.67490107,-1
1.0000001,1
0.9757631,1
1.0,1
0.9744848,1
1.0,1
0.19913454,-1
0.015753279,-1
-0.24315439,-1
-0.076603875,-1
0.5348761,-1
0.9999999,1
0.97443277,1
1.0000002,1
1.0,1
1.0000001,1
-0.2738449,-1
-0.1892082,-1
0.06483166,-1
-0.44261858,-1
-0.02361994,-1
1.0000001,1
1.0000001,1
0.89452094,1
0.98700744,1
1.0,1
-0.039322942,-1
-0.14322789,-1
-0.23332441,-1
-0.17227994,-1
-0.057015553,-1
1.0000001,1
0.99999994,1
0.91315717,1
0.902254,1
1.0,1
0.075942576,-1
0.046912927,-1
0.8252218,-1
-0.30862048,-1
-0.14424181,-1
0.9646795,1
0.99999994,1
1.0,1
1.0,1
1.0,1
-0.25360253,-1
0.07538357,-1
0.56985366,-1
0.6750529,-1
-0.20239502,-1
1.0,1
1.0,1
0.99999994,1
1.0000001,1
0.9347734,1
-0.37058,-1
0.68121123,-1
-0.43550327,-1
0.24638425,-1
-0.36911955,-1
0.97449213,1
1.0000001,1
0.99999994,1
1.0000001,1
1.0,1
-0.23869826,-1
-0.19799432,-1
-0.06388701,-1
0.26898825,-1
-0.1966158,-1
1.0,1
1.0,1
1.0,1
1.0000001,1
0.9940972,1
0.29901138,-1
-0.06396139,-1
0.30747172,-1
-0.3085857,-1
0.7859371,-1
0.9917302,1
0.99999994,1
0.99651486,1
0.9999999,1
1.0,1
-0.22857553,-1
0.16222754,-1
0.27852443,-1
0.29399204,-1
-0.17976591,-1
1.0,1
0.9587222,1
0.9616392,1
0.9618352,1
1.0000001,1
0.42790943,-1
0.96868384,-1
-0.3084548,-1
0.5732118,-1
0.3297726,-1
1.0,1
1.0,1
0.9685694,1
1.0000001,1
1.0000001,1
-0.6319068,-1
-0.16006912,-1
-0.23272125,-1
0.75460416,-1
-0.49526915,-1
1.0000001,1
1.0,1
0.99999994,1
1.0,1
1.0000001,1
0.952623,-1
-0.06763984,-1
-0.43820775,-1
0.20598722,-1
0.17271952,-1
1.0,1
0.989632,1
0.95334435,1
0.9800255,1
1.0,1
0.5101725,-1
0.26000282,-1
-0.12799862,-1
-0.3821586,-1
-0.22355205,-1
0.9696668,1
1.0,1
0.9999999,1
1.0,1
1.0,1
-0.0562281,-1
-0.36719757,-1
-0.21800059,-1
-0.044037104,-1
0.15137914,-1
0.97251624,1
0.9697208,1
0.81642973,1
0.9999999,1
0.93764365,1
0.081757724,-1
-0.46033055,-1
0.20204386,-1
-0.036769215,-1
0.19690853,-1
0.96954775,1
1.0,1
1.0,1
1.0000001,1
0.9767531,1
-0.26305962,-1
-0.23754211,-1
-0.15053989,-1
-0.050818313,-1
0.1630632,-1
0.94461524,1
0.92854095,1
1.0,1
0.99999994,1
0.95835626,1
0.059269316,-1
-0.25576112,-1
0.24475302,-1
-0.37606475,-1
-0.2471525,-1
0.95672554,1
0.99343723,1
1.0,1
0.9397605,1
0.98577005,1
0.0878467,-1
-0.13639002,-1
-0.4455911,-1
-0.24596947,-1
-0.06395998,-1
0.97722673,1
1.0,1
0.7846059,1
1.0,1
1.0,1
-0.13407794,-1
-0.19770792,-1
-0.3006385,-1
-0.052954905,-1
-0.28551668,-1
0.9908279,1
0.9818743,1
0.99999994,1
1.0000001,1
1.0000001,1
-0.17860034,-1
-0.0422647,-1
-0.02594182,-1
-0.27452868,-1
-0.25833726,-1
1.0,1
0.9815078,1
1.0000001,1
1.0,1
1.0,1
0.016226057,-1
-0.19748348,-1
0.6796082,-1
-0.19964004,-1
-0.284171,-1
0.9988771,1
0.8993442,1
1.0,1
0.99999994,1
0.9969874,1
0.008453794,-1
-0.22950743,-1
0.026189782,-1
-0.18968877,-1
-0.03677776,-1
1.0,1
0.919345,1
0.85833704,1
1.0,1
0.9133439,1
0.2186557,-1
0.698128,-1
-0.11644538,-1
-0.1989729,-1
0.06903913,-1
1.0,1
1.0,1
1.0000001,1
0.9919372,1
0.96148187,1
0.5655848,-1
-0.49620295,-1
-0.03065638,-1
0.059571728,-1
0.28388253,-1
0.92916054,1
0.9928593,1
1.0000001,1
1.0000001,1
1.0000001,1
0.04971899,-1
0.112017095,-1
-0.56814593,-1
0.69391716,-1
0.32874715,-1
0.9779142,1
0.96695846,1
1.0,1
1.0,1
1.0,1
-0.2581664,-1
0.30810696,-1
0.07512811,-1
-0.2208021,-1
0.28721327,-1
1.0,1
0.95429724,1
1.0,1
0.98215264,1
1.0000001,1
-0.3398919,-1
0.35461217,-1
-0.1490563,-1
-0.030624447,-1
0.021930806,-1
0.96821046,1
0.9752869,1
0.97193885,1
0.90628064,1
0.8231348,1
-0.1961286,-1
-0.14273144,-1
-0.24323611,-1
-0.43991607,-1
-0.13847908,-1
1.0000001,1
1.0,1
1.0,1
1.0000001,1
1.0,1
0.33941546,-1
0.033793364,-1
-0.23433511,-1
0.26689452,-1
0.022625698,-1
1.0,1
0.9107941,1
0.97154284,1
0.9761008,1
0.95555305,1
0.31350902,-1
0.18547438,-1
-0.50098497,-1
0.52287203,-1
-0.15871508,-1
1.0,1
1.0,1
0.8124478,1
1.0,1
0.9919229,1
0.31052902,-1
-0.19454618,-1
-0.36972496,-1
-0.13156876,-1
-0.09116569,-1
0.9305302,1
0.97770697,1
1.0,1
0.98290664,1
1.0,1
0.012165411,-1
0.09499302,-1
0.14861768,-1
-0.088094674,-1
-0.13151819,-1
0.9583171,1
0.93188876,1
0.88979805,1
0.95575523,1
0.9352144,1
-0.053166177,-1
-0.6016657,-1
-0.22707017,-1
0.30437705,-1
-0.43050146,-1
1.0,1
0.96095407,1
1.0,1
1.0000001,1
0.96225613,1
-0.08460306,-1
0.11237881,-1
-0.27227616,-1
0.12369712,-1
1.0,-1
0.929368,1
0.7508048,1
0.9801186,1
0.9999999,1
1.0,1
-0.034964293,-1
0.23541708,-1
-0.28580856,-1
-0.19673891,-1
-0.11432584,-1
0.90361845,1
1.0,1
0.952959,1
0.9664087,1
0.72667336,1
-0.36415437,-1
-0.20027381,-1
-0.16652384,-1
0.46018475,-1
0.29209694,-1
0.88276273,1
0.96760404,1
1.0,1
1.0,1
0.99999994,1
0.37111524,-1
-0.06728201,-1
-0.14274146,-1
-0.53273696,-1
-0.14813223,-1
1.0,1
0.94973975,1
1.0000001,1
0.92975146,1
0.98718876,1
-0.03707394,-1
0.03698022,-1
0.058802046,-1
0.49144036,-1
-0.26796538,-1
0.99351984,1
0.9162442,1
1.0000001,1
0.9946236,1
0.9895093,1
0.6428717,-1
0.31133348,-1
0.32761344,-1
0.34142998,-1
-0.6881674,-1
0.9228437,1
0.9999999,1
1.0000001,1
0.9400609,1
0.9498026,1
-0.043642033,-1
0.67697823,-1
-0.25627548,-1
0.31539658,-1
0.25049636,-1
1.0,1
0.9591388,1
1.0,1
1.0000001,1
1.0,1
-0.31278872,-1
0.77824455,-1
0.23136245,-1
-0.3034254,-1
-0.41154712,-1
1.0,1
0.77739656,1
0.9317108,1
1.0,1
1.0000001,1
-0.17441867,-1
0.060395636,-1
-0.53112346,-1
-0.19850215,-1
-0.2679348,-1
0.99999994,1
0.97364545,1
1.0000001,1
0.9818136,1
0.93255645,1
-0.16201067,-1
0.038904887,-1
0.23429523,-1
0.59875995,-1
-0.009090963,-1
1.0,1
0.83315533,1
1.0000001,1
1.0,1
1.0000001,1
-0.27502188,-1
-0.3103404,-1
0.25764397,-1
-0.2903812,-1
0.4843698,-1
0.8690636,1
1.0000002,1
1.0,1
1.0,1
1.0000001,1
0.09943291,-1
-0.13383144,-1
-0.34138066,-1
-0.48030952,-1
-0.5125396,-1
1.0,1
0.7821533,1
0.98363745,1
0.82034606,1
0.8057059,1
-0.14837115,-1
0.2535204,-1
-0.21703504,-1
-0.060829148,-1
-0.55262905,-1
1.0,1
1.0,1
1.0000001,1
0.9675485,1
0.99999994,1
-0.14501402,-1
0.6497642,-1
-0.030161763,-1
0.005115013,-1
0.5823259,-1
1.0,1
0.9412666,1
1.0,1
0.99999994,1
1.0000001,1
-0.08783846,-1
-0.209582,-1
0.09641048,-1
0.07665173,-1
-0.08709616,-1
0.9391989,1
1.0,1
0.9415521,1
0.7329286,1
1.0000001,1
-0.31530032,-1
-0.032005787,-1
-0.166251,-1
0.0021580164,-1
-0.25906292,-1
0.990993,1
1.0,1
0.9183095,1
0.9613527,1
1.0000001,1
0.96147907,-1
-0.31102818,-1
0.41472715,-1
0.7908532,-1
-0.14340726,-1
0.72731566,1
0.9746149,1
0.7379067,1
0.60082597,1
0.74286604,1
-0.39163464,-1
-0.48031744,-1
-0.3213066,-1
-0.2802567,-1
0.3193182,-1
0.93593353,1
1.0,1
0.99999994,1
1.0000001,1
1.0,1
0.5144157,-1
-0.25921878,-1
0.6159483,-1
-0.14289404,-1
0.028435221,-1
1.0000001,1
0.963089,1
1.0000001,1
0.9999999,1
0.9425453,1
0.49117237,-1
-0.5072667,-1
-0.104444645,-1
-0.059619397,-1
-0.12806454,-1
0.9308352,1
1.0000001,1
1.0,1
1.0000001,1
1.0000001,1
0.72066563,-1
-0.06958777,-1
-0.10208881,-1
0.37087408,-1
0.033777405,-1
0.7231782,1
1.0,1
0.87715113,1
1.0,1
1.0,1
0.21126549,-1
-0.13715136,-1
0.75385433,-1
-0.0541385,-1
0.024380146,-1
0.8279353,1
1.0000001,1
0.7779611,1
1.0,1
0.9907501,1
-0.14860386,-1
-0.08404551,-1
0.90661967,-1
-0.26089904,-1
-0.43804404,-1
0.9891243,1
0.8878899,1
1.0000001,1
0.95219314,1
0.9757334,1
-0.09683866,-1
-0.22709596,-1
-0.30469316,-1
-0.3842741,-1
-0.20284823,-1
0.9574993,1
1.0000001,1
0.94575006,1
0.92302454,1
0.97761464,1
0.41356012,-1
-0.2191183,-1
-0.30601242,-1
0.9506486,-1
0.23472326,-1
0.899671,1
1.0,1
1.0,1
1.0,1
0.6985967,1
-0.063010156,-1
0.20400235,-1
0.025644407,-1
0.21875016,-1
0.21912563,-1
0.93167496,1
0.89550257,1
0.7679375,1
1.0,1
1.0000001,1
-0.116726786,-1
0.32428268,-1
0.31456402,-1
0.29566976,-1
0.38337263,-1
1.0000001,1
0.9310687,1
1.0,1
0.99887246,1
0.98046905,1
-0.14590445,-1
-0.32377088,-1
-0.08906939,-1
0.24905203,-1
-0.035838865,-1
0.8758168,1
0.99999994,1
1.0000001,1
0.89627516,1
0.8086372,1
0.3030929,-1
0.5452195,-1
0.13390625,-1
0.08050264,-1
0.45962933,-1
0.84389913,1
0.9470741,1
0.98039156,1
1.0,1
1.0,1
-0.048044927,-1
-0.057086386,-1
0.38922164,-1
-0.08155124,-1
-0.26505616,-1
0.9770418,1
1.0,1
0.90755993,1
0.98494774,1
0.89443463,1
0.6326331,-1
-0.29638323,-1
-0.12854636,-1
-0.32330656,-1
0.054439865,-1
1.0,1
0.9999999,1
1.0,1
1.0000001,1
1.0000001,1
0.8436279,-1
-0.07723452,-1
-0.12598802,-1
-0.33699238,-1
-0.11655856,-1
1.0,1
0.8340966,1
0.83702546,1
0.96560365,1
1.0,1
0.86903054,-1
-0.17612539,-1
-0.21060926,-1
-0.25640133,-1
0.4418508,-1
0.9843833,1
1.0,1
0.977631,1
1.0000001,1
0.9999999,1
0.55113643,-1
-0.23735638,-1
0.25414243,-1
-0.28231448,-1
0.692848,-1
1.0000001,1
1.0000001,1
0.88636196,1
0.93940276,1
1.0,1
-0.30104253,-1
0.19408222,-1
0.80184317,-1
-0.07805105,-1
-0.022996642,-1
0.98225653,1
0.9486271,1
1.0000001,1
1.0000001,1
0.906413,1
-0.18894883,-1
-0.079012305,-1
0.05766706,-1
-0.05200703,-1
-0.29199877,-1
1.0,1
1.0000001,1
0.9999999,1
0.9414325,1
1.0,1
0.113597035,-1
0.36413226,-1
-0.40583718,-1
-0.31926063,-1
0.25056383,-1
0.940132,1
0.8933888,1
0.99999994,1
1.0,1
0.9834093,1
0.25126353,-1
0.08553725,-1
0.411478,-1
-0.27639675,-1
0.5460054,-1
0.96445227,1
0.9730542,1
0.9999999,1
1.0,1
1.0,1
0.21425267,-1
-0.14407024,-1
-0.33702022,-1
0.81636506,-1
-0.3783023,-1
0.9791308,1
0.9860354,1
0.9872522,1
1.0,1
1.0000001,1
0.5388861,-1
-0.33470798,-1
0.4411597,-1
-0.48619097,-1
-0.6415336,-1
0.99352545,1
1.0,1
0.77242386,1
0.8881532,1
0.9858592,1
0.70556474,-1
0.7059163,-1
0.20795244,-1
-0.38494152,-1
-0.20740859,-1
1.0,1
0.98195267,1
0.98440033,1
0.9746113,1
0.99999994,1
-0.13340889,-1
0.9377913,-1
-0.3140845,-1
-0.1233086,-1
-0.11161836,-1
0.89599305,1
0.9607202,1
0.9999999,1
0.9928325,1
0.9743619,1
-0.099938534,-1
0.71061903,-1
0.08320095,-1
-0.14814885,-1
-0.31160966,-1
1.0000001,1
0.970435,1
0.9983589,1
1.0,1
0.98772514,1
-0.1545634,-1
0.03139023,-1
-0.3313197,-1
-0.13838288,-1
-0.12659444,-1
0.9348731,1
0.99999994,1
0.9936466,1
1.0,1
0.8495815,1
-0.058750562,-1
-0.0033954254,-1
-0.0960216,-1
0.5701707,-1
-0.04328746,-1
1.0000001,1
1.0000001,1
1.0,1
0.8445965,1
1.0,1
0.5666655,-1
0.8361876,-1
0.26538536,-1
0.26698288,-1
0.5906901,-1
0.917961,1
1.0,1
0.98261076,1
1.0000001,1
1.0,1
0.7271619,-1
-0.0011933495,-1
-0.16907784,-1
-0.16283838,-1
-0.18783455,-1
1.0000001,1
0.9561417,1
1.0000001,1
0.9235559,1
1.0000001,1
-0.25020093,-1
0.76086104,-1
0.69324756,-1
0.03265879,-1
0.105688676,-1
1.0,1
0.8573138,1
0.9846891,1
0.9910561,1
0.9864915,1
-0.3098811,-1
0.072853826,-1
0.3937419,-1
-0.3113349,-1
0.3897312,-1
1.0,1
0.94499606,1
1.0,1
1.0000001,1
1.0000001,1
0.013306512,-1
0.5003324,-1
-0.41596967,-1
0.24683675,-1
0.1310712,-1
0.95852506,1
0.9419446,1
0.9310383,1
0.9435321,1
0.97752094,1
0.38580918,-1
0.17638415,-1
-0.06004399,-1
-0.12497199,-1
-0.39118505,-1
0.9170987,1
0.95645434,1
0.4748401,1
0.84321105,1
0.97713685,1
-0.20467594,-1
-0.28704244,-1
-0.38220057,-1
0.5452529,-1
-0.03208394,-1
0.9489576,1
0.8541289,1
0.98284656,1
0.99999994,1
1.0,1
0.28430885,-1
0.014871621,-1
0.44140497,-1
-0.0840299,-1
0.013999553,-1
1.0000001,1
1.0,1
1.0,1
0.98090047,1
0.99999994,1
-0.5380814,-1
0.048228934,-1
-0.4220666,-1
-0.014296398,-1
-0.30051982,-1
1.0,1
0.9999999,1
0.9368447,1
1.0,1
1.0000001,1
0.5609421,-1
0.14423369,-1
-0.35255504,-1
-0.05124333,-1
0.33045948,-1
0.9522736,1
0.9676593,1
1.0000001,1
0.8121839,1
0.99009126,1
0.16272587,-1
0.8025722,-1
-0.40629992,-1
-0.17168963,-1
-0.5121693,-1
0.9999999,1
0.80638087,1
0.8110254,1
1.0,1
0.9500602,1
0.08532848,-1
0.21195936,-1
-0.22526583,-1
0.08483902,-1
0.27118254,-1
1.0,1
0.9808112,1
1.0000001,1
1.0000001,1
0.97994137,1
-0.3097348,-1
-0.046869345,-1
-0.06566984,-1
-0.16474938,-1
-0.27704442,-1
0.9460725,1
0.9310817,1
0.9826976,1
0.8907861,1
1.0000001,1
-0.14501843,-1
0.35411417,-1
-0.62853324,-1
-0.121319145,-1
-0.077735685,-1
1.0000001,1
1.0,1
0.9235272,1
0.9789975,1
0.9858979,1
0.002779302,-1
0.35497764,-1
-0.13903216,-1
0.40108818,-1
-0.07152896,-1
