0.96810037,1
0.82912254,1
1.0,1
1.0000001,1
0.99999994,1
-0.17809246,-1
0.37628764,-1
-0.38919398,-1
-0.41201553,-1
0.6867676,-1
0.9018369,1
0.9999999,1
1.0000001,1
1.0,1
0.98034745,1
0.31525227,-1
-0.31731623,-1
-0.17626199,-1
0.08969916,-1
0.55292594,-1
1.0,1
0.032977283,1
1.0,1
0.80026454,1
0.9736261,1
0.5576719,-1
0.28375486,-1
-0.21166837,-1
-0.35444388,-1
-0.4946684,-1
0.828914,1
1.0000001,1
0.9783528,1
1.0000001,1
1.0,1
0.5886395,-1
0.4872824,-1
0.30413252,-1
-0.22781882,-1
-0.5985213,-1
1.0000001,1
0.87019104,1
0.8189122,1
0.8899472,1
1.0000001,1
0.19273885,-1
-0.2575393,-1
-0.24250473,-1
-0.31065422,-1
0.33302817,-1
1.0000001,1
-0.21286416,1
0.9259555,1
0.40948105,1
0.90839523,1
-0.00028332486,-1
0.49314824,-1
0.61947745,-1
-0.27697554,-1
-0.46386892,-1
0.96489894,1
0.82129836,1
0.8363956,1
0.9126746,1
0.23507369,1
0.5243819,-1
-0.4734309,-1
0.021288376,-1
-0.31993103,-1
-0.13411126,-1
1.0000001,1
0.9737408,1
0.7805638,1
0.72301763,1
1.0000001,1
-0.3332892,-1
-0.21142136,-1
0.3444887,-1
0.84151524,-1
0.38582495,-1
1.0,1
0.87521034,1
1.0000001,1
1.0,1
0.88561606,1
-0.17124066,-1
-0.05631466,-1
-0.28903434,-1
0.38820073,-1
-0.6043032,-1
1.0000001,1
0.9429125,1
0.8941676,1
1.0,1
0.8461868,1
-0.45193782,-1
-0.32578915,-1
-0.23331654,-1
0.6050839,-1
0.02544384,-1
0.85900474,1
1.0,1
1.0,1
1.0,1
0.83313423,1
-0.37331975,-1
0.21106635,-1
-0.40184417,-1
0.7946987,-1
0.51850957,-1
1.0,1
0.8737173,1
0.96300316,1
1.0,1
0.7706477,1
-0.25488538,-1
-0.26501706,-1
-0.15531258,-1
0.71921873,-1
-0.23085424,-1
1.0000001,1
0.97908074,1
0.9346077,1
-0.032948438,1
0.90402204,1
0.668052,-1
0.53709954,-1
-0.49283716,-1
0.09942152,-1
-0.43429855,-1
1.0000001,1
1.0,1
0.9167075,1
-0.45945647,1
1.0000001,1
0.9693811,-1
-0.23481178,-1
-0.45422834,-1
-0.07365208,-1
-0.3249029,-1
0.9999999,1
1.0000001,1
1.0000001,1
0.88595915,1
0.99999994,1
-0.39746672,-1
0.46056062,-1
0.2604036,-1
0.004185797,-1
0.64948785,-1
0.88945174,1
0.8405492,1
1.0,1
1.0,1
0.87280977,1
0.037071846,-1
0.8608499,-1
-0.29119292,-1
0.17223851,-1
-0.5267212,-1
0.89835405,1
1.0,1
1.0,1
0.57933587,1
0.8191167,1
0.33787805,-1
-0.37692025,-1
-0.12493394,-1
0.25848004,-1
-0.40962842,-1
0.91925055,1
1.0000001,1
0.7928575,1
1.0,1
0.9645369,1
-0.09765168,-1
0.5961869,-1
-0.6131971,-1
0.29496282,-1
-0.3022954,-1
0.98699653,1
1.0000001,1
1.0,1
0.7953448,1
0.8176063,1
-0.48122415,-1
-0.4869703,-1
-0.4010516,-1
-0.27108052,-1
-0.20570028,-1
1.0000001,1
0.91125107,1
1.0,1
1.0,1
1.0000001,1
-0.39561248,-1
0.088479035,-1
-0.10342075,-1
0.24559177,-1
-0.5073851,-1
0.79919636,1
0.99999994,1
0.87957877,1
0.7735493,1
1.0,1
-0.30517843,-1
-0.46175683,-1
-0.28792158,-1
0.4751046,-1
-0.08603677,-1
0.7950698,1
1.0000001,1
0.8910232,1
0.2735816,1
0.7984881,1
0.43882525,-1
-0.021878732,-1
0.69320863,-1
0.20365009,-1
-0.17334153,-1
0.9999999,1
1.0,1
1.0000001,1
0.92792267,1
0.68677527,1
0.4881874,-1
-0.1823008,-1
0.61459553,-1
0.3930645,-1
-0.23408169,-1
1.0000001,1
0.99999994,1
0.91019994,1
0.94879645,1
0.7491566,1
0.17448758,-1
-0.4767006,-1
0.11887725,-1
-0.049283706,-1
-0.09717819,-1
1.0000001,1
0.98745775,1
0.8990193,1
0.99999994,1
0.96321887,1
-0.1514865,-1
-0.5603751,-1
-0.5999191,-1
-0.21171148,-1
-0.5960819,-1
0.7717232,1
0.96628803,1
0.90960866,1
0.84730774,1
0.918149,1
0.59604985,-1
-0.3226706,-1
0.684025,-1
-0.008676955,-1
-0.40044445,-1
0.88127506,1
0.9686733,1
1.0,1
1.0,1
1.0,1
-0.6633039,-1
0.58993167,-1
-0.5757282,-1
-0.37841007,-1
0.80724037,-1
0.9478329,1
1.0000001,1
1.0000001,1
0.9242525,1
0.7932909,1
-0.19823104,-1
-0.4868375,-1
0.5809165,-1
0.08224875,-1
-0.6718822,-1
0.82974267,1
1.0000001,1
0.96292746,1
0.84449416,1
0.9205349,1
0.083989255,-1
-0.3164353,-1
0.1531691,-1
0.2029086,-1
-0.011031531,-1
0.96425647,1
1.0,1
1.0000001,1
0.92393565,1
1.0,1
-0.30056217,-1
-0.5677466,-1
-0.5773757,-1
-0.4991505,-1
0.5201564,-1
0.98811704,1
0.9019798,1
1.0,1
1.0,1
0.65453255,1
-0.15219793,-1
0.08122703,-1
0.66757643,-1
-0.16815169,-1
-0.24282825,-1
0.7471676,1
0.9331192,1
1.0,1
0.44565505,1
1.0,1
-0.21574283,-1
-0.095881335,-1
-0.04646902,-1
-0.43224904,-1
-0.13092393,-1
1.0000001,1
1.0000001,1
1.0,1
1.0000001,1
0.93411595,1
0.35834345,-1
0.120265454,-1
0.29765865,-1
-0.36038882,-1
0.34041446,-1
1.0,1
0.8460862,1
0.82491904,1
0.9103809,1
1.0,1
0.31951183,-1
0.12948771,-1
-0.36655933,-1
-0.33974573,-1
-0.13106337,-1
0.9587429,1
1.0,1
0.48084226,1
1.0000001,1
0.95417446,1
-0.3223919,-1
-0.023399955,-1
-0.37677613,-1
-0.22390184,-1
-0.22061785,-1
1.0000001,1
0.57319695,1
0.77488285,1
0.5661723,1
1.0,1
-0.023194924,-1
-0.18310653,-1
0.25618896,-1
0.55221975,-1
0.0093983365,-1
0.39882892,1
1.0,1
0.8986698,1
0.99999994,1
0.99999994,1
-0.46320197,-1
-0.5745303,-1
-0.14034943,-1
0.111255445,-1
-0.08231897,-1
1.0,1
0.8534389,1
0.92256314,1
0.71229506,1
1.0,1
-0.28714558,-1
-0.4771211,-1
-0.5290176,-1
-0.31604293,-1
0.789449,-1
1.0000001,1
0.9115933,1
1.0,1
1.0,1
0.5554674,1
-0.3895508,-1
-0.10963189,-1
0.26265624,-1
-0.2920354,-1
-0.44784597,-1
0.45573023,1
1.0000001,1
1.0,1
0.8765719,1
1.0,1
-0.5945623,-1
-0.09445641,-1
0.40960214,-1
0.22794968,-1
0.39378262,-1
1.0,1
0.93346095,1
0.18337178,1
0.9322142,1
0.065504,1
-0.1633018,-1
-0.30352166,-1
0.92713004,-1
0.93691736,-1
-0.026364973,-1
1.0000001,1
0.9486688,1
0.8985246,1
0.9603975,1
1.0000001,1
0.64591557,-1
-0.16792569,-1
-0.0014280485,-1
-0.021615354,-1
-0.03571639,-1
1.0,1
1.0,1
0.4243256,1
1.0000001,1
1.0,1
-0.2888133,-1
-0.23649968,-1
-0.2289102,-1
-0.025735281,-1
-0.4451085,-1
0.98092955,1
0.9304102,1
1.0,1
0.9457245,1
1.0,1
0.42885605,-1
-0.2510188,-1
0.012642584,-1
-0.14171241,-1
0.44643408,-1
0.82845396,1
0.99999994,1
1.0000001,1
1.0000001,1
1.0,1
-0.17894866,-1
0.3207919,-1
-0.48243898,-1
-0.10989309,-1
-0.43533987,-1
0.54951936,1
0.91690063,1
1.0,1
0.2181224,1
0.99999994,1
0.58224696,-1
0.3633187,-1
-0.056150395,-1
0.23102883,-1
0.47370577,-1
0.8476422,1
1.0,1
1.0,1
1.0000001,1
0.9999999,1
-0.13851443,-1
0.21829186,-1
-0.15229669,-1
0.25374487,-1
-0.060511086,-1
1.0000001,1
0.99999994,1
0.99999994,1
0.92151767,1
0.958762,1
-0.14715,-1
-0.4897288,-1
0.55197203,-1
-0.3844235,-1
-0.41733408,-1
0.82350034,1
0.8529987,1
0.9661779,1
0.675201,1
0.99999994,1
-0.36620963,-1
0.66725004,-1
0.6815795,-1
0.6063198,-1
0.8242785,-1
0.4928262,1
-0.010445041,1
0.8224043,1
0.3727355,1
0.91131216,1
-0.043658264,-1
0.7095183,-1
-0.08351829,-1
0.15807949,-1
0.8790718,-1
1.0,1
1.0000001,1
0.78544277,1
0.9999999,1
0.99999994,1
-0.0050891642,-1
0.032838777,-1
0.33079195,-1
-0.35953638,-1
0.4157284,-1
1.0000001,1
0.80938816,1
0.5617465,1
0.9706275,1
0.71725094,1
0.2886216,-1
-0.0070472145,-1
-0.084024414,-1
-0.18278274,-1
-0.6800357,-1
0.8731836,1
1.0000001,1
1.0,1
0.9309463,1
1.0000001,1
0.05385076,-1
-0.2673344,-1
0.45823777,-1
-0.3330612,-1
0.91433233,-1
1.0,1
0.9852266,1
0.7782975,1
0.77128243,1
0.98285604,1
0.81915456,-1
0.2476497,-1
0.3757624,-1
-0.353213,-1
-0.35488346,-1
0.39710662,1
1.0000001,1
0.9640312,1
0.88044,1
0.9095342,1
-0.16115595,-1
-0.20352274,-1
0.12323164,-1
0.29789308,-1
0.28053305,-1
1.0,1
1.0,1
0.8313008,1
1.0,1
0.9487877,1
-0.012092482,-1
-0.25687042,-1
0.64384454,-1
-0.15311863,-1
-0.2174283,-1
0.9999999,1
1.0,1
0.9999999,1
1.0000001,1
1.0000001,1
-0.1267825,-1
0.3716334,-1
0.6108693,-1
-0.34599042,-1
0.6554233,-1
0.8683373,1
0.83648413,1
0.4069041,1
1.0,1
1.0,1
0.9134035,-1
0.66179395,-1
0.10393739,-1
0.895416,-1
-0.1446763,-1
0.8338407,1
1.0000001,1
0.6517645,1
1.0,1
1.0,1
-0.21162994,-1
-0.052401252,-1
-0.5884298,-1
-0.29345924,-1
-0.5242851,-1
1.0000001,1
0.7985854,1
-0.04747644,1
0.8969827,1
0.43527156,1
0.34635967,-1
-0.32261407,-1
-0.15573211,-1
-0.3508642,-1
-0.44536915,-1
0.6509141,1
1.0000001,1
0.96550494,1
0.87357277,1
0.6971467,1
-0.33351055,-1
0.032847837,-1
-0.27331588,-1
-0.41962498,-1
-0.09445858,-1
0.9999999,1
0.53255385,1
0.90225136,1
0.9348981,1
0.9424436,1
0.44573402,-1
-0.09102069,-1
0.7540653,-1
-0.12832141,-1
-0.115178116,-1
1.0,1
1.0,1
1.0000001,1
1.0,1
1.0,1
-0.43362644,-1
0.77610004,-1
0.18519989,-1
-0.37102684,-1
-0.118035935,-1
1.0,1
1.0,1
0.99999994,1
0.96299183,1
0.99999994,1
0.03280029,-1
-0.22214812,-1
-0.14703509,-1
-0.073999494,-1
-0.44645882,-1
1.0,1
1.0,1
0.47246212,1
1.0,1
0.88956124,1
-0.10861172,-1
0.06480746,-1
-0.3158737,-1
0.68503046,-1
-0.22368954,-1
0.83084923,1
0.71292996,1
1.0000001,1
1.0000001,1
0.81327146,1
-0.075119406,-1
-0.08187446,-1
-0.012645848,-1
0.7067128,-1
-0.3944427,-1
0.7178871,1
0.91907763,1
1.0,1
1.0000001,1
0.7460679,1
-0.32586426,-1
0.33873695,-1
0.10136536,-1
-0.5853718,-1
0.2538181,-1
0.86323637,1
1.0000001,1
1.0000001,1
1.0,1
1.0000001,1
0.3480099,-1
0.6624579,-1
0.7711567,-1
0.39148867,-1
0.142761,-1
0.60518813,1
0.9142026,1
0.9630705,1
1.0,1
0.9313446,1
-0.022567552,-1
0.24262229,-1
0.18631832,-1
-0.0702918,-1
-0.39455193,-1
0.94198614,1
1.0,1
0.99999994,1
1.0,1
0.64450866,1
0.1451041,-1
0.16172153,-1
0.53110665,-1
0.33257857,-1
0.6389703,-1
0.99999994,1
1.0,1
0.961777,1
1.0,1
0.9978542,1
-0.15875587,-1
0.69160366,-1
-0.4889315,-1
0.8618477,-1
0.03579321,-1
1.0,1
-0.029406296,1
1.0000001,1
1.0000001,1
0.9784297,1
0.544738,-1
-0.46750554,-1
-0.11693237,-1
0.15801752,-1
-0.48043242,-1
1.0,1
1.0000001,1
1.0000001,1
1.0,1
1.0000001,1
-0.022607092,-1
-0.4409785,-1
-0.13477422,-1
0.17884013,-1
0.65676945,-1
1.0,1
0.77624476,1
1.0000001,1
1.0000001,1
0.83998996,1
0.6951867,-1
-0.4443915,-1
0.5280074,-1
0.6993163,-1
0.2949019,-1
0.9999999,1
1.0000001,1
0.708638,1
1.0,1
0.95444417,1
-0.56002843,-1
0.6832938,-1
-0.23997611,-1
0.6255303,-1
0.32764277,-1
0.69135565,1
1.0,1
0.97815454,1
1.0000001,1
1.0,1
-0.48058066,-1
0.2162956,-1
-0.05388919,-1
-0.6488814,-1
0.37107036,-1
0.9162818,1
1.0000001,1
0.9229272,1
1.0,1
1.0,1
0.77667266,-1
-0.11484232,-1
0.5717333,-1
-0.18721506,-1
0.100308396,-1
1.0,1
0.9552506,1
1.0,1
1.0,1
0.8028464,1
0.31917602,-1
-0.044044722,-1
-0.30037796,-1
-0.17385808,-1
0.46188772,-1
1.0,1
0.8727313,1
0.667285,1
0.9864285,1
0.7833409,1
-0.4654223,-1
-0.2381499,-1
-0.45039147,-1
0.14034703,-1
0.6830246,-1
1.0,1
0.99999994,1
0.9823785,1
0.9999999,1
0.8959068,1
-0.17991415,-1
-0.31958577,-1
0.31293255,-1
-0.19686271,-1
-0.064418696,-1
0.95904654,1
1.0000001,1
0.9084286,1
1.0000001,1
1.0,1
-0.51595813,-1
0.07445404,-1
0.42418337,-1
0.49808148,-1
-0.14437921,-1
1.0000001,1
0.9344517,1
0.5248328,1
1.0,1
0.9877273,1
-0.5202439,-1
0.03028065,-1
0.05174883,-1
0.33882076,-1
-0.16943769,-1
1.0000001,1
0.8881999,1
0.9553197,1
1.0,1
1.0,1
0.33040762,-1
-0.3787478,-1
-0.26821452,-1
-0.50116825,-1
0.21245429,-1
0.7479341,1
1.0,1
1.0,1
0.9515105,1
1.0000001,1
0.044925578,-1
0.0059060208,-1
0.28107285,-1
-0.24907051,-1
-0.41663277,-1
1.0,1
0.88481843,1
0.74777114,1
1.0000001,1
0.9999999,1
0.74024826,-1
0.07520951,-1
0.0570417,-1
-0.0992659,-1
0.018348064,-1
1.0000001,1
1.0,1
0.88589954,1
1.0000001,1
0.9626133,1
-0.00862181,-1
0.5747338,-1
-0.2504098,-1
0.14693953,-1
-0.18766314,-1
1.0000001,1
0.9423608,1
0.9275876,1
1.0000001,1
0.94546056,1
0.7578368,-1
0.4493547,-1
0.21921837,-1
-0.41224858,-1
0.8836685,-1
1.0,1
0.91897756,1
0.80080277,1
0.9310322,1
0.88825196,1
0.29712412,-1
-0.033973463,-1
0.8337863,-1
0.28639293,-1
0.27003372,-1
0.99999994,1
1.0000001,1
0.97472733,1
0.93731993,1
0.39129388,1
-0.05555735,-1
0.13996306,-1
-0.0889966,-1
-0.19584137,-1
-0.023962285,-1
0.95334256,1
1.0,1
0.82376325,1
1.0,1
1.0,1
0.5144629,-1
-0.03194468,-1
0.8774923,-1
0.72173065,-1
-0.23170711,-1
0.647866,1
0.9481845,1
1.0,1
0.41121712,1
1.0000001,1
0.45941013,-1
0.17873582,-1
0.09931523,-1
0.19247411,-1
0.1530935,-1
0.99999994,1
1.0,1
1.0000001,1
0.82605404,1
1.0,1
-0.1890446,-1
-0.23057826,-1
0.052926693,-1
0.05080717,-1
0.6344285,-1
1.0000001,1
0.928794,1
0.80432266,1
0.9169892,1
0.9801099,1
0.25238082,-1
0.59625137,-1
-0.26262614,-1
-0.10045376,-1
-0.0702583,-1
-0.37948215,1
0.92449737,1
0.96629333,1
0.99999994,1
1.0,1
-0.117383115,-1
0.66134554,-1
0.051156413,-1
-0.35607,-1
-0.15280387,-1
1.0000001,1
0.94773376,1
0.8893533,1
0.96900684,1
0.9255032,1
0.57198155,-1
-0.35052612,-1
-0.03223835,-1
-0.13724758,-1
-0.22189,-1
0.8342552,1
0.92067397,1
1.0000001,1
0.43617722,1
0.97078973,1
-0.061831903,-1
0.07457504,-1
0.726427,-1
-0.06961029,-1
-0.17493139,-1
0.99999994,1
1.0,1
0.29618937,1
0.7389445,1
0.9038843,1
-0.24335766,-1
-0.17940411,-1
-0.30169174,-1
-0.17932744,-1
-0.64045304,-1
1.0,1
0.93453926,1
1.0,1
0.6566745,1
1.0,1
-0.07257028,-1
0.075129785,-1
0.12952547,-1
0.042228963,-1
-0.4910036,-1
1.0,1
0.4234289,1
0.9884093,1
1.0,1
0.99999994,1
0.85544413,-1
-0.18088852,-1
0.05252609,-1
-0.32277125,-1
0.89294535,-1
0.88801646,1
1.0,1
0.8938998,1
1.0000001,1
1.0000001,1
0.8312852,-1
-0.50624585,-1
-0.03960758,-1
-0.38469237,-1
-0.5416272,-1
1.0000001,1
0.87514687,1
0.8969786,1
0.9139132,1
0.60071397,1
-0.12351941,-1
-0.16627376,-1
-0.23102292,-1
0.48296532,-1
-0.11085482,-1
0.83901674,1
0.8552972,1
0.97347087,1
0.97743416,1
1.0000001,1
0.17211615,-1
-0.22121164,-1
-0.260378,-1
-0.07054182,-1
0.65810245,-1
0.8922923,1
1.0,1
1.0000001,1
0.75846165,1
1.0,1
-0.045760557,-1
-0.07249286,-1
-0.17607562,-1
-0.23261662,-1
0.59548104,-1
0.95624864,1
1.0000001,1
1.0000001,1
0.9274527,1
0.9091615,1
0.7041503,-1
-0.29017645,-1
0.5699303,-1
-0.24213223,-1
0.21155253,-1
0.89762914,1
0.18890095,1
0.490635,1
1.0000002,1
1.0,1
-0.10101632,-1
-0.32422757,-1
-0.08181719,-1
-0.50484073,-1
0.3438438,-1
-0.12653019,1
1.0,1
0.96010983,1
0.55086136,1
0.9152349,1
0.07095143,-1
-0.37991336,-1
-0.3408177,-1
-0.1540002,-1
-0.401682,-1
0.8147984,1
0.72028875,1
1.0,1
1.0000001,1
0.92069715,1
-0.28206655,-1
-0.18835275,-1
-0.36158806,-1
-0.20874722,-1
0.7108445,-1
0.91486514,1
1.0,1
0.9128822,1
1.0,1
0.34930685,1
0.17696437,-1
-0.43445644,-1
-0.41117775,-1
-0.5484827,-1
-0.40276065,-1
0.7055565,1
1.0000001,1
1.0,1
0.99999994,1
1.0,1
-0.47457805,-1
0.7449427,-1
-0.34349734,-1
0.38381904,-1
0.063583136,-1
0.86832696,1
1.0000001,1
0.8047287,1
1.0,1
0.99999994,1
0.21598811,-1
-0.16762523,-1
-0.1952226,-1
-0.4569324,-1
0.65979993,-1
0.90678483,1
0.73768395,1
1.0000001,1
0.6209125,1
0.17442812,1
-0.30606756,-1
-0.0042502075,-1
0.74566597,-1
0.07844289,-1
-0.39765766,-1
1.0,1
0.9700374,1
1.0,1
1.0,1
0.1529415,1
0.41521728,-1
-0.23317996,-1
0.22819382,-1
0.12861857,-1
-0.50073594,-1
0.9128957,1
0.9357737,1
1.0,1
0.79137725,1
1.0,1
-0.110370174,-1
0.40796927,-1
-0.15014444,-1
-0.24820939,-1
-0.52166426,-1
0.87238,1
0.88738745,1
1.0000001,1
0.99999994,1
1.0,1
0.25559673,-1
-0.033647746,-1
-0.332337,-1
0.2834223,-1
0.7828758,-1
1.0000001,1
1.0,1
0.96697557,1
1.0000001,1
0.96212906,1
-0.49866632,-1
-0.21670452,-1
0.23410994,-1
0.074589,-1
-0.044065706,-1
0.7206986,1
0.80195636,1
1.0,1
1.0,1
1.0000001,1
-0.3376043,-1
-0.16540523,-1
-0.15953556,-1
0.08563763,-1
-0.30402923,-1
0.96833503,1
1.0000001,1
0.8711283,1
1.0,1
0.9742892,1
0.8138656,-1
0.08483483,-1
-0.5497384,-1
0.078152075,-1
-0.07659788,-1
0.94848853,1
0.7979151,1
1.0,1
0.9635544,1
1.0,1
-0.56520355,-1
-0.16099684,-1
-0.16235465,-1
0.4099476,-1
0.30286673,-1
0.34898704,1
1.0000001,1
0.8680979,1
1.0000001,1
1.0000001,1
-0.04055102,-1
0.84891,-1
-0.21277685,-1
-0.31549165,-1
0.5348551,-1
0.81776834,1
1.0000001,1
0.5851384,1
0.89407915,1
1.0,1
-0.029497925,-1
0.22463115,-1
0.26080975,-1
0.25144926,-1
-0.3021969,-1
0.9040178,1
0.08933968,1
1.0,1
0.93567806,1
0.99999994,1
0.32849428,-1
-0.21988629,-1
0.87766975,-1
-0.057173215,-1
0.26437974,-1
1.0000001,1
1.0,1
1.0000001,1
0.95967263,1
1.0000001,1
0.90127873,-1
0.3632955,-1
0.6563769,-1
0.8474593,-1
-0.21758197,-1
1.0,1
1.0,1
0.41063875,1
1.0,1
1.0,1
-0.27688956,-1
0.19432785,-1
-0.21688478,-1
0.010916909,-1
-0.3479934,-1
0.65757996,1
1.0000001,1
1.0,1
1.0,1
0.9494784,1
-0.2474393,-1
-0.37694246,-1
0.60560966,-1
0.5096542,-1
-0.1905881,-1
0.9999999,1
0.9359373,1
1.0,1
1.0,1
0.965257,1
-0.04060189,-1
-0.17539427,-1
0.18194364,-1
-0.0060550515,-1
0.2480056,-1
-0.058789562,1
1.0000001,1
1.0,1
1.0,1
1.0,1
0.6479481,-1
-0.2988619,-1
0.18989085,-1
-0.11486798,-1
0.35412964,-1
0.8567947,1
0.8584236,1
0.8168013,1
1.0000001,1
1.0,1
0.95708585,-1
-0.5610869,-1
-0.40805283,-1
0.2674041,-1
0.09161529,-1
1.0,1
1.0000001,1
0.9256795,1
1.0000001,1
1.0000001,1
-0.4722028,-1
0.05254085,-1
0.13473666,-1
0.94192696,-1
-0.36380845,-1
0.95425546,1
1.0,1
0.9877444,1
0.34353644,1
0.70612776,1
0.49668983,-1
0.6409274,-1
-0.32675445,-1
-0.098759025,-1
-0.18644683,-1
0.19489023,1
0.95688784,1
1.0,1
1.0000001,1
1.0,1
-0.16249497,-1
-0.16710123,-1
0.11944076,-1
0.19358037,-1
-0.357089,-1
1.0,1
1.0000001,1
0.7237841,1
0.96269256,1
0.9818971,1
0.15072569,-1
-0.32568744,-1
-0.40344247,-1
-0.51283795,-1
-0.466849,-1
1.0,1
1.0000001,1
0.8442046,1
1.0000001,1
0.9570689,1
0.4220657,-1
-0.42647108,-1
-0.14859268,-1
-0.5553958,-1
-0.054528274,-1
0.6301658,1
1.0,1
1.0,1
1.0,1
0.87529993,1
-0.4654382,-1
0.0010343082,-1
-0.1620901,-1
0.8955946,-1
-0.193192,-1
1.0,1
0.59364384,1
1.0000001,1
0.93135667,1
0.34787747,1
0.19099092,-1
0.03741334,-1
-0.11530349,-1
0.119410865,-1
-0.15875375,-1
1.0,1
1.0000001,1
0.87952834,1
0.7602474,1
0.70611763,1
-0.6335091,-1
0.16721596,-1
-0.28631043,-1
0.5604596,-1
0.89817643,-1
1.0000001,1
0.8323112,1
1.0,1
1.0000001,1
0.55849653,1
-0.14602035,-1
0.15680683,-1
0.70132065,-1
0.29807338,-1
-0.44111228,-1
1.0,1
1.0,1
0.3434816,1
1.0,1
1.0,1
0.38933185,-1
-0.17569488,-1
0.61894333,-1
0.56155306,-1
-0.114510216,-1
0.98779035,1
0.6509478,1
0.58519214,1
0.95564616,1
1.0,1
0.054606307,-1
-0.28375307,-1
-0.47265017,-1
-0.09209975,-1
-0.30334613,-1
0.9596993,1
1.0000001,1
0.9999999,1
0.969281,1
0.9753988,1
0.18110064,-1
-0.18248247,-1
0.31495622,-1
-0.06049733,-1
-0.3250456,-1
1.0000001,1
0.93755704,1
1.0,1
1.0,1
0.7858745,1
-0.09629821,-1
0.14719236,-1
0.07368679,-1
-0.24917705,-1
-0.48978323,-1
1.0000001,1
0.6060441,1
1.0000001,1
1.0,1
0.9357073,1
-0.3142988,-1
-0.15319669,-1
0.29680997,-1
-0.45492047,-1
0.053661022,-1
0.8699161,1
0.96486044,1
0.9622777,1
0.94080466,1
0.7954002,1
0.21199942,-1
0.52117616,-1
0.006104889,-1
0.14861262,-1
0.13439658,-1
1.0000001,1
1.0000001,1
0.975656,1
-0.039267544,1
0.9302239,1
0.021223482,-1
0.37029788,-1
0.06575165,-1
-0.16183364,-1
-0.5018626,-1
1.0,1
1.0000001,1
0.9290279,1
0.30830917,1
1.0,1
-0.14784375,-1
0.4677254,-1
-0.55779266,-1
0.8457413,-1
0.6686162,-1
0.8941316,1
0.8969814,1
1.0,1
1.0000001,1
1.0,1
-0.16463815,-1
0.87160146,-1
0.79477406,-1
-0.13447589,-1
-0.2864413,-1
0.8281606,1
0.7454506,1
0.8436522,1
1.0000001,1
1.0000001,1
0.4523983,-1
-0.13866757,-1
0.051920805,-1
-0.05142333,-1
0.69403654,-1
0.9164971,1
0.5940817,1
0.78582424,1
0.87036633,1
0.7925077,1
-0.29086083,-1
-0.5077841,-1
0.30136496,-1
-0.25345635,-1
0.26607713,-1
1.0000001,1
0.9805824,1
1.0000001,1
1.0,1
0.88198173,1
-0.3442639,-1
0.21661171,-1
0.12237005,-1
0.43106705,-1
0.25251228,-1
0.8346708,1
0.54799694,1
1.0000001,1
1.0000001,1
-0.53152764,1
-0.18102743,-1
-0.11360101,-1
0.6034071,-1
0.10346912,-1
-0.56963706,-1
0.9291917,1
0.82147485,1
0.82254165,1
0.99999994,1
0.8904935,1
0.024255898,-1
-0.40854868,-1
-0.23678969,-1
0.9756899,-1
-0.19663897,-1
0.8343351,1
1.0,1
1.0,1
1.0000001,1
0.99999994,1
0.3251657,-1
-0.31296054,-1
-0.39261433,-1
-0.4927596,-1
-0.13985263,-1
0.38960674,1
1.0,1
0.99999994,1
0.8013707,1
1.0000001,1
0.07790688,-1
0.086749166,-1
0.66538817,-1
0.4619333,-1
-0.5251599,-1
1.0000001,1
0.6677809,1
1.0000001,1
0.985188,1
1.0000001,1
0.6099785,-1
0.57751185,-1
-0.5723554,-1
-0.12617041,-1
0.15280111,-1
0.99125975,1
1.0000001,1
0.6021135,1
0.42336762,1
0.94453114,1
-0.17159706,-1
-0.13087256,-1
-0.17199564,-1
-0.26633817,-1
0.053220056,-1
0.9345041,1
1.0000001,1
1.0,1
0.9515563,1
0.9046473,1
-0.043061137,-1
-0.31018654,-1
-0.2539964,-1
-0.33904696,-1
-0.30771843,-1
1.0,1
0.72408074,1
1.0,1
1.0000001,1
0.934256,1
0.14538495,-1
-0.39661065,-1
0.95463365,-1
-0.5424474,-1
-0.42962828,-1
1.0000001,1
1.0000001,1
1.0,1
1.0,1
1.0000001,1
0.004163436,-1
0.5053997,-1
-0.16800192,-1
-0.09994762,-1
-0.12049699,-1
0.6478036,1
1.0000001,1
1.0000001,1
0.9010257,1
1.0000001,1
0.20964931,-1
-0.47771078,-1
-0.30886507,-1
0.6540394,-1
0.12932485,-1
0.839292,1
0.9999999,1
0.063152686,1
1.0000001,1
0.9291002,1
0.5500498,-1
-0.12088845,-1
0.07669754,-1
0.10215504,-1
0.5803097,-1
0.93108326,1
1.0,1
1.0000001,1
0.99999994,1
0.773701,1
-0.29864523,-1
-0.4298764,-1
-0.25771573,-1
0.95989424,-1
0.3587315,-1
0.8242298,1
1.0,1
0.9186663,1
1.0,1
0.15121217,1
-0.1892673,-1
-0.048373498,-1
0.7048834,-1
-0.21162339,-1
0.91587746,-1
0.685786,1
0.938671,1
0.1163259,1
0.83119583,1
1.0,1
-0.21168925,-1
-0.5262762,-1
-0.046286363,-1
0.14287822,-1
0.1385979,-1
1.0000001,1
0.9308964,1
1.0000001,1
0.90739226,1
1.0000001,1
0.7716438,-1
0.054207493,-1
-0.15567304,-1
0.42113212,-1
0.80202895,-1
1.0,1
0.29635373,1
1.0000001,1
1.0,1
1.0,1
0.21322204,-1
-0.23986775,-1
-0.3721888,-1
0.85794014,-1
0.9381532,-1
1.0,1
0.88033307,1
1.0,1
0.7974751,1
0.6363798,1
0.58574533,-1
-0.19279622,-1
0.44642925,-1
0.64254093,-1
0.7853768,-1
0.8092544,1
1.0,1
0.4928774,1
1.0000001,1
1.0,1
0.11536844,-1
0.65296185,-1
-0.0026388527,-1
-0.22911406,-1
0.5703881,-1
0.90861666,1
0.5119788,1
1.0000001,1
1.0,1
1.0,1
0.58176285,-1
-0.4604953,-1
0.5257376,-1
-0.31160772,-1
-0.45056015,-1
0.9771056,1
1.0,1
1.0,1
1.0,1
0.77190614,1
0.5961229,-1
-0.1745743,-1
-0.37139425,-1
-0.33886105,-1
-0.041525032,-1
0.96902585,1
0.99999994,1
0.5020102,1
1.0,1
0.99999994,1
0.08309118,-1
0.4248731,-1
0.15166737,-1
-0.18291244,-1
0.678618,-1
1.0000001,1
1.0,1
1.0000001,1
0.8234778,1
1.0000001,1
-0.19447969,-1
0.88346684,-1
-0.033221304,-1
0.3922291,-1
0.7016343,-1
1.0,1
1.0000001,1
0.8616472,1
1.0,1
1.0,1
-0.1488696,-1
-0.07067108,-1
-0.22740918,-1
0.8199609,-1
-0.35411212,-1
0.9842056,1
1.0000001,1
1.0,1
0.7638599,1
1.0,1
-0.29225352,-1
0.3609239,-1
-0.13678525,-1
-0.21839584,-1
-0.07922263,-1
0.9348724,1
1.0000001,1
0.9999999,1
1.0000001,1
1.0000001,1
0.08913226,-1
-0.120314546,-1
-0.33102793,-1
0.01683883,-1
0.570063,-1
1.0,1
0.8153569,1
1.0000001,1
1.0000001,1
0.88995826,1
0.09903356,-1
0.14383925,-1
0.5765922,-1
-0.41879773,-1
-0.29918808,-1
1.0,1
0.99999994,1
0.89525366,1
0.9486921,1
1.0,1
0.6933603,-1
0.47556764,-1
-0.44352177,-1
0.07286192,-1
0.20793049,-1
0.5003872,1
1.0,1
1.0000001,1
1.0000001,1
0.99999994,1
-0.057747804,-1
0.2256017,-1
0.7593966,-1
-0.44717708,-1
0.2094717,-1
0.78397727,1
1.0000001,1
0.70253104,1
1.0,1
1.0,1
0.6458366,-1
0.527131,-1
0.5714141,-1
-0.29806867,-1
0.6916483,-1
-0.10341584,1
0.9830075,1
0.86161166,1
1.0000001,1
1.0000001,1
-0.15599464,-1
0.1124235,-1
-0.05130626,-1
-0.14752729,-1
0.030351784,-1
1.0000001,1
0.0695309,1
0.96202016,1
0.7480846,1
1.0000001,1
-0.087949224,-1
0.9642328,-1
-0.5458596,-1
-0.5487863,-1
0.72474617,-1
0.8137222,1
1.0000001,1
1.0,1
0.95214736,1
1.0,1
0.24416825,-1
-0.118767425,-1
-0.4606419,-1
0.21526085,-1
0.5315284,-1
1.0,1
1.0,1
0.9063985,1
0.93890417,1
1.0,1
0.14888348,-1
0.3312747,-1
0.21273836,-1
-0.06772096,-1
-0.13264512,-1
1.0,1
0.89979094,1
1.0000001,1
1.0,1
0.54973763,1
0.15822363,-1
0.47432142,-1
-0.011116856,-1
-0.21302496,-1
-0.06609784,-1
0.95800036,1
0.9520158,1
1.0000001,1
0.69450366,1
0.7351461,1
-0.595751,-1
-0.08500838,-1
-0.41045666,-1
-0.05457166,-1
0.09424547,-1
1.0,1
1.0,1
0.8055519,1
1.0,1
0.65501064,1
-0.2123574,-1
-0.05938221,-1
-0.08832348,-1
0.9617709,-1
-0.27716643,-1
0.98199946,1
0.7592027,1
1.0,1
1.0,1
0.9703393,1
-0.31420687,-1
-0.41865212,-1
0.6983528,-1
0.48400512,-1
-0.087509215,-1
0.11392995,1
1.0,1
0.9227141,1
1.0,1
1.0000001,1
-0.3181822,-1
-0.17670974,-1
-0.15969646,-1
0.7375279,-1
-0.16518472,-1
0.65671504,1
1.0000001,1
0.91096914,1
1.0,1
1.0,1
0.73627603,-1
-0.60454035,-1
0.33934793,-1
-0.27527437,-1
0.44764557,-1
1.0000001,1
0.43943912,1
0.7954042,1
1.0,1
0.8324574,1
-0.30715466,-1
0.57080764,-1
0.37687418,-1
-0.0062436783,-1
0.05873401,-1
0.60034907,1
1.0,1
0.9376729,1
0.6628529,1
0.57568777,1
0.05907865,-1
0.04567704,-1
0.25634202,-1
0.46766838,-1
0.75228125,-1
1.0,1
0.8714551,1
0.8829426,1
1.0000001,1
1.0,1
-0.18018612,-1
0.090823,-1
0.12859376,-1
0.67124903,-1
-0.11756914,-1
0.82167834,1
1.0,1
0.92959124,1
1.0,1
1.0,1
0.7903895,-1
0.06779377,-1
0.13393447,-1
0.07288827,-1
0.26318014,-1
1.0,1
1.0000001,1
1.0000001,1
0.82446307,1
0.0472513,1
-0.6966669,-1
-0.3867566,-1
-0.18844022,-1
-0.02953935,-1
-0.17069207,-1
1.0,1
1.0000001,1
1.0,1
1.0000001,1
0.8959474,1
0.6038711,-1
-0.411484,-1
0.3572563,-1
0.013389804,-1
-0.12513417,-1
1.0000001,1
0.7705831,1
1.0,1
0.89535135,1
-0.24788974,1
-0.241472,-1
0.68465173,-1
-0.4651558,-1
-0.018985398,-1
0.5955815,-1
0.78645754,1
1.0,1
0.98684245,1
0.35207555,1
1.0000001,1
-0.09493981,-1
0.075188324,-1
0.13928837,-1
-0.3412043,-1
0.5769435,-1
0.8667277,1
0.81411797,1
1.0000001,1
0.95561314,1
1.0,1
-0.3352741,-1
-0.38486037,-1
-0.11097041,-1
0.25503963,-1
-0.0649256,-1
1.0,1
0.9282191,1
0.5280149,1
0.9696244,1
0.80102867,1
-0.22769836,-1
-0.083313584,-1
0.792632,-1
-0.20449363,-1
0.10894395,-1
1.0000001,1
0.56099653,1
1.0,1
0.89638686,1
1.0,1
0.23141615,-1
-0.1840166,-1
-0.16659626,-1
-0.2525106,-1
-0.26932824,-1
0.6487648,1
1.0000001,1
0.32815725,1
0.8807078,1
0.32807946,1
-0.3010535,-1
-0.18707567,-1
0.16906455,-1
-0.38408154,-1
0.3742542,-1
0.7887001,1
1.0,1
0.9530607,1
0.96533144,1
0.9531729,1
-0.0518533,-1
-0.27172983,-1
-0.5358768,-1
-0.1679045,-1
-0.24933544,-1
0.87389565,1
0.65796053,1
1.0,1
0.72221184,1
0.7232286,1
-0.5253693,-1
-0.3111909,-1
-0.42927974,-1
0.17155981,-1
-0.5246466,-1
0.933411,1
0.92153645,1
1.0,1
1.0,1
0.8612728,1
-0.16186729,-1
0.41533226,-1
-0.68467456,-1
-0.1449516,-1
-0.09596269,-1
1.0000001,1
1.0,1
1.0000001,1
1.0000001,1
0.03230065,1
-0.3026697,-1
-0.49219394,-1
0.038675547,-1
-0.0515536,-1
0.67877257,-1
0.65049005,1
1.0000001,1
1.0000001,1
1.0,1
0.9999999,1
0.11769584,-1
0.78371274,-1
-0.5198122,-1
-0.3303269,-1
0.36093003,-1
1.0,1
1.0,1
0.9895518,1
0.8321366,1
1.0000001,1
-0.12835169,-1
-0.19639024,-1
0.6004113,-1
-0.27191994,-1
0.11977269,-1
0.93280286,1
0.8559803,1
1.0000001,1
1.0000001,1
1.0000001,1
-0.35341114,-1
-0.2835163,-1
-0.008257752,-1
-0.14093718,-1
-0.4852458,-1
0.37583426,1
0.9235363,1
0.950785,1
0.95859957,1
0.97531027,1
-0.15610884,-1
0.52525556,-1
0.9451293,-1
0.87091565,-1
0.6684945,-1
0.9357503,1
1.0,1
0.9894359,1
1.0,1
0.9636539,1
-0.37275454,-1
-0.17597441,-1
-0.13583238,-1
0.023548406,-1
0.15878099,-1
0.8725698,1
-0.18497089,1
0.805521,1
0.97037023,1
1.0,1
0.44121742,-1
0.38034606,-1
0.88365006,-1
-0.122599415,-1
-0.26968986,-1
0.69820666,1
0.8758706,1
0.44595504,1
1.0,1
-0.013183346,1
-0.3391121,-1
0.21612316,-1
0.4354263,-1
-0.14538684,-1
-0.09451085,-1
1.0,1
0.55211836,1
1.0000001,1
1.0,1
1.0,1
0.3817844,-1
-0.4703641,-1
0.5880916,-1
-0.04445937,-1
-0.3440576,-1
0.5439957,1
1.0000001,1
1.0,1
0.77258277,1
0.88191926,1
-0.32684293,-1
0.6941727,-1
-0.26661888,-1
-0.19405533,-1
0.57155126,-1
0.9073321,1
0.9312712,1
1.0,1
1.0,1
1.0000001,1
0.32432696,-1
0.014604314,-1
-0.2850778,-1
-0.06874903,-1
0.23673068,-1
0.6349772,1
0.98634017,1
0.90739954,1
1.0000001,1
0.8422735,1
-0.33492672,-1
-0.22610919,-1
-0.25312316,-1
0.26402852,-1
-0.466527,-1
1.0000001,1
1.0000001,1
0.037292134,1
0.7648409,1
1.0,1
-0.40460935,-1
0.08910326,-1
-0.45050478,-1
-0.11849304,-1
-0.19447313,-1
1.0,1
0.8746966,1
0.9776189,1
1.0000001,1
1.0000001,1
-0.26092815,-1
-0.13384648,-1
-0.10814779,-1
-0.12639175,-1
0.19225134,-1
0.918099,1
1.0000001,1
1.0,1
0.91417205,1
1.0000001,1
0.45475888,-1
-0.032547306,-1
-0.60950124,-1
0.788648,-1
0.677539,-1
0.94252425,1
0.8076825,1
1.0000001,1
1.0,1
1.0,1
0.016075976,-1
-0.5093959,-1
-0.15339369,-1
0.08278481,-1
0.35269567,-1
0.9904731,1
1.0,1
0.92599595,1
0.93060845,1
0.9878483,1
-0.111161366,-1
-0.15932406,-1
-0.30859345,-1
-0.05374127,-1
-0.38093236,-1
1.0,1
1.0,1
0.8568255,1
0.50299925,1
1.0000001,1
0.69540495,-1
-0.09377674,-1
0.7514783,-1
-0.24050398,-1
0.41826278,-1
0.610542,1
-0.079668395,1
0.94612765,1
1.0000001,1
1.0,1
-0.3745454,-1
-0.42301965,-1
-0.18238184,-1
-0.20194948,-1
-0.011079418,-1
0.8219357,1
1.0000001,1
0.6783621,1
1.0000001,1
1.0,1
-0.15140565,-1
-0.6830878,-1
-0.32938406,-1
0.018835904,-1
-0.06363998,-1
1.0000001,1
0.9200529,1
1.0,1
0.9999999,1
0.27240616,1
-0.43351924,-1
0.2203978,-1
-0.30996785,-1
-0.18065974,-1
-0.09965669,-1
1.0,1
1.0,1
1.0000001,1
0.9319804,1
1.0000001,1
0.082574785,-1
-0.22194201,-1
-0.19785672,-1
0.29540414,-1
-0.34918916,-1
0.9327056,1
0.94793546,1
1.0000001,1
1.0,1
0.95351505,1
-0.061280884,-1
-0.2377769,-1
-0.20939608,-1
0.06475323,-1
0.71237755,-1
1.0,1
0.87889045,1
0.7421268,1
1.0000001,1
0.9147136,1
-0.37432262,-1
0.9020584,-1
0.61376894,-1
0.017359508,-1
0.4537073,-1
0.92683464,1
1.0000001,1
0.6067571,1
1.0,1
1.0,1
-0.0899717,-1
-0.18724649,-1
-0.19406883,-1
0.069821745,-1
0.40951556,-1
1.0,1
0.91933733,1
1.0000001,1
0.94946915,1
1.0000001,1
0.29058784,-1
-0.36824456,-1
0.06392459,-1
-0.18594812,-1
0.46859705,-1
-0.059891064,1
0.9836948,1
1.0000001,1
-0.12616,1
1.0,1
-0.012822688,-1
0.1781103,-1
-0.18849462,-1
0.16582097,-1
0.19495985,-1
1.0000001,1
0.92920834,1
1.0000001,1
0.30091015,1
-0.090293325,1
-0.07256001,-1
-0.18850492,-1
-0.1634405,-1
-0.09219132,-1
-0.24791124,-1
1.0,1
0.9092944,1
1.0000001,1
0.7262672,1
0.9251229,1
-0.27590218,-1
0.5983324,-1
-0.3040863,-1
-0.19450128,-1
-0.3993574,-1
0.3990342,1
0.86380315,1
1.0000001,1
1.0000001,1
1.0,1
-0.08764899,-1
-0.097599715,-1
-0.38034868,-1
-0.63833165,-1
0.9705941,-1
1.0,1
0.807717,1
1.0,1
1.0000001,1
0.7827998,1
0.80691314,-1
-0.13584682,-1
-0.45638272,-1
0.53801334,-1
0.58449525,-1
0.99999994,1
1.0,1
1.0,1
1.0,1
0.9197527,1
0.42066428,-1
-0.52379256,-1
0.23585849,-1
-0.31295028,-1
0.15319575,-1
0.7804756,1
0.99999994,1
0.94696206,1
0.65695846,1
1.0000001,1
0.05342021,-1
-0.0725205,-1
-0.18794617,-1
-0.16859624,-1
0.036946278,-1
0.99999994,1
0.8033789,1
0.4664927,1
0.783838,1
1.0,1
0.055007793,-1
-0.3798269,-1
0.45504224,-1
0.15438172,-1
-0.41196823,-1
0.8625062,1
0.9141257,1
1.0000001,1
0.89693177,1
0.8924767,1
0.49727103,-1
-0.090509765,-1
-0.3885785,-1
-0.33971816,-1
0.7695233,-1
1.0000001,1
-0.083101265,1
0.9585479,1
1.0,1
0.9365147,1
-0.27573043,-1
-0.11233476,-1
-0.48154432,-1
0.73444045,-1
0.9884459,-1
1.0,1
1.0,1
0.9634506,1
0.92111343,1
1.0,1
-0.48380238,-1
-0.29998937,-1
0.2597381,-1
0.5957232,-1
0.17771824,-1
1.0,1
1.0,1
1.0,1
1.0000001,1
0.99360466,1
0.46173295,-1
0.1916856,-1
0.8614683,-1
0.9629084,-1
-0.14112361,-1
1.0,1
1.0000001,1
1.0,1
0.8559141,1
0.7442232,1
0.05637881,-1
-0.19582911,-1
-0.6464595,-1
0.77756286,-1
-0.097957134,-1
1.0000001,1
0.89949656,1
1.0000001,1
0.809238,1
1.0,1
0.0793299,-1
0.528738,-1
-0.50804484,-1
0.120476924,-1
-0.19851948,-1
1.0000001,1
1.0,1
1.0000001,1
1.0000001,1
0.905727,1
-0.099981956,-1
-0.22656561,-1
0.10541635,-1
0.0915995,-1
0.5583396,-1
1.0,1
0.91660285,1
0.8833182,1
1.0000001,1
1.0,1
0.34769145,-1
0.31172916,-1
0.21382532,-1
0.6937921,-1
0.3633383,-1
0.91237754,1
1.0000001,1
0.890283,1
0.85583085,1
0.76082164,1
-0.45976612,-1
0.43151975,-1
-0.18450141,-1
0.38608003,-1
0.007650114,-1
1.0000001,1
0.65194964,1
0.7503413,1
1.0,1
0.940874,1
-0.024626343,-1
0.3689048,-1
0.21004663,-1
-0.24999027,-1
0.35625124,-1
0.91153646,1
1.0,1
1.0,1
1.0,1
0.9800891,1
0.13235916,-1
-0.43588665,-1
0.9742844,-1
-0.30496037,-1
0.520005,-1
1.0,1
0.92165023,1
0.09960121,1
0.9437035,1
1.0000001,1
0.7315972,-1
-0.31796867,-1
0.296533,-1
0.45990786,-1
0.18281907,-1
0.99999994,1
0.9775061,1
0.99999994,1
0.9666528,1
0.99999994,1
0.77873945,-1
0.18303752,-1
0.4494962,-1
-0.21307258,-1
0.36705592,-1
1.0,1
1.0000001,1
0.5651508,1
0.80397683,1
1.0,1
0.44894683,-1
-0.056930196,-1
0.22193666,-1
0.7580128,-1
-0.33437172,-1
1.0000001,1
0.8924661,1
0.9624004,1
0.9999999,1
0.7718272,1
-0.5464362,-1
-0.27293888,-1
-0.14804444,-1
-0.45079547,-1
-0.26183882,-1
0.83173853,1
1.0000001,1
1.0000001,1
1.0,1
0.8254763,1
-0.16699636,-1
-0.40646333,-1
-0.28692326,-1
-0.46585646,-1
-0.10472956,-1
0.89446914,1
1.0,1
0.15947938,1
1.0,1
1.0000002,1
-0.30822536,-1
-0.06827199,-1
-0.38721055,-1
0.566818,-1
-0.1744522,-1
0.97204286,1
0.87263685,1
0.8606783,1
1.0000001,1
0.9030269,1
0.3008061,-1
0.6636258,-1
-0.21647505,-1
-0.48731285,-1
0.041337922,-1
1.0,1
1.0,1
0.36399004,1
1.0,1
1.0,1
-0.57574946,-1
-0.094110735,-1
-0.12376572,-1
-0.034799233,-1
0.5173206,-1
0.6738443,1
1.0000001,1
0.9429478,1
0.9100491,1
0.34233093,1
0.20898895,-1
-0.5493092,-1
-0.23377614,-1
-0.297164,-1
0.013019368,-1
0.9999999,1
0.960366,1
1.0,1
-0.57819664,1
0.63098943,1
0.73383796,-1
-0.42284438,-1
0.3140293,-1
0.07511838,-1
0.49223492,-1
1.0000001,1
1.0,1
0.95732707,1
0.8665629,1
1.0000001,1
0.39943027,-1
-0.079918936,-1
0.41483858,-1
-0.14455856,-1
-0.51926976,-1
1.0,1
0.78660464,1
0.9999999,1
1.0000001,1
1.0,1
0.8988721,-1
-0.098346926,-1
0.36467305,-1
0.11776712,-1
0.050896786,-1
1.0000001,1
0.94044185,1
1.0,1
1.0,1
0.9128465,1
0.5542965,-1
0.68338245,-1
0.52450204,-1
-0.026770001,-1
0.6767379,-1
0.8660298,1
1.0,1
0.87164235,1
1.0,1
0.9999999,1
0.3168973,-1
-0.2971195,-1
-0.2939111,-1
-0.11529142,-1
-0.36011654,-1
0.15575692,1
1.0,1
1.0000001,1
0.9076854,1
1.0000001,1
0.028786557,-1
0.61091024,-1
-0.43403724,-1
0.41397202,-1
0.008045507,-1
1.0000001,1
1.0000001,1
1.0000001,1
0.9726992,1
1.0,1
0.042210538,-1
-0.32473537,-1
0.07244485,-1
0.40848792,-1
-0.050887264,-1
1.0,1
1.0,1
0.94162565,1
1.0000001,1
0.94235885,1
-0.02768251,-1
0.3482732,-1
0.6115754,-1
-0.40922904,-1
-0.1221251,-1
1.0,1
0.831838,1
1.0,1
0.9407523,1
0.9322497,1
-0.58597976,-1
0.25338635,-1
-0.11049807,-1
-0.43029115,-1
-0.4421439,-1
1.0,1
1.0000001,1
1.0000001,1
0.64303696,1
1.0000001,1
-0.274569,-1
-0.2994742,-1
-0.14789817,-1
0.03479628,-1
0.06308249,-1
1.0000001,1
0.79369104,1
1.0000001,1
0.9687053,1
1.0,1
-0.36641264,-1
0.3151923,-1
-0.2113326,-1
0.039604206,-1
0.30142033,-1
0.9059439,1
0.97399473,1
1.0000001,1
1.0,1
1.0000001,1
-0.21294579,-1
-0.36792696,-1
0.216819,-1
0.11842715,-1
0.7316978,-1
0.9875421,1
0.679232,1
0.99999994,1
1.0,1
0.9814818,1
-0.2012091,-1
-0.13846073,-1
-0.024041396,-1
0.024825564,-1
0.48861027,-1
0.9718829,1
0.9870355,1
1.0,1
1.0,1
1.0,1
-0.21913116,-1
-0.7068784,-1
0.68370336,-1
-0.39029536,-1
-0.1898686,-1
0.8155515,1
1.0000001,1
1.0000001,1
0.82652223,1
1.0000001,1
-0.502,-1
0.43611047,-1
-0.14670298,-1
-0.099209026,-1
0.019295653,-1
0.7223713,1
0.7418673,1
1.0,1
1.0,1
0.8581894,1
0.11987539,-1
0.7160448,-1
-0.5451064,-1
-0.14861837,-1
-0.033138108,-1
0.8975816,1
1.0,1
1.0000001,1
0.92224944,1
1.0000001,1
0.15727991,-1
0.34296745,-1
0.09933636,-1
0.2634706,-1
-0.4357633,-1
0.9245357,1
0.7746172,1
0.99999994,1
1.0,1
0.923163,1
-0.16563271,-1
0.91665846,-1
0.5511014,-1
0.25975743,-1
-0.21853079,-1
1.0,1
0.9348418,1
1.0,1
0.93799335,1
1.0000001,1
-0.084177844,-1
-0.40413505,-1
0.00029444724,-1
-0.17267734,-1
0.82754344,-1
0.9999999,1
0.96403867,1
0.25683868,1
1.0000001,1
0.985042,1
-0.24987908,-1
-0.6072539,-1
0.13522413,-1
-0.5749425,-1
-0.13853179,-1
0.9510894,1
0.6257597,1
1.0,1
0.79569614,1
0.99999994,1
0.63297904,-1
-0.17768417,-1
-0.18260275,-1
-0.20442729,-1
-0.14997257,-1
0.99999994,1
1.0,1
-0.4054733,1
-0.15972608,1
1.0,1
0.67526174,-1
0.08393852,-1
0.6052162,-1
0.2589377,-1
0.83909786,-1
0.90272427,1
1.0000001,1
1.0,1
1.0,1
0.97835433,1
0.12007098,-1
0.39362243,-1
-0.2460116,-1
-0.31999263,-1
-0.29434842,-1
0.93514645,1
1.0,1
1.0,1
0.74075687,1
0.99999994,1
0.45592552,-1
-0.022462906,-1
0.482425,-1
-0.40133843,-1
0.06570858,-1
0.92771584,1
0.7914201,1
1.0,1
1.0,1
1.0000001,1
-0.46076214,-1
0.2984308,-1
-0.0024598395,-1
-0.55514544,-1
0.5223565,-1
0.7922567,1
0.93214744,1
0.49546576,1
1.0000001,1
1.0,1
0.8224522,-1
-0.32833484,-1
0.1916976,-1
0.08894291,-1
0.70189583,-1
1.0000001,1
0.99999994,1
1.0,1
0.7566915,1
1.0000002,1
0.13722052,-1
-0.3063157,-1
0.8400264,-1
-0.12495573,-1
-0.5153754,-1
0.9303571,1
0.93177193,1
0.99999994,1
1.0,1
1.0000001,1
-0.08678333,-1
0.036699895,-1
-0.61511195,-1
0.34151712,-1
-0.61877733,-1
0.9767182,1
0.9493082,1
0.9270549,1
0.7403029,1
0.640835,1
0.07571346,-1
0.81374824,-1
0.58087194,-1
-0.28834498,-1
-0.2978336,-1
1.0,1
1.0000001,1
0.8598445,1
1.0,1
0.87502146,1
-0.010773918,-1
0.7122771,-1
0.5348814,-1
-0.3523229,-1
0.16951989,-1
0.8140892,1
0.80185306,1
0.9549048,1
0.7178224,1
1.0000001,1
0.44541302,-1
0.05355204,-1
0.29855227,-1
0.3201198,-1
-0.36860728,-1
0.9596332,1
1.0000001,1
0.87553835,1
1.0,1
-0.2611143,1
-0.004257199,-1
-0.04097824,-1
-0.34570673,-1
-0.44328016,-1
0.21970367,-1
1.0000001,1
1.0,1
1.0,1
0.9965628,1
0.9999999,1
-0.35497546,-1
-0.27570412,-1
-0.2037906,-1
0.61407304,-1
-0.053908225,-1
0.7223347,1
0.95361847,1
0.8939742,1
-0.19931325,1
1.0000001,1
-0.29715884,-1
-0.3060229,-1
0.016470894,-1
0.029283037,-1
0.84148705,-1
0.8494256,1
0.62873054,1
0.9025198,1
1.0,1
1.0,1
-0.45244578,-1
-0.5333992,-1
-0.5819688,-1
-0.6526343,-1
0.26087266,-1
1.0,1
1.0,1
0.93525445,1
1.0000001,1
1.0000001,1
0.63133335,-1
0.75211614,-1
-0.25634605,-1
0.24617353,-1
0.26569188,-1
0.9263034,1
0.86873955,1
1.0000001,1
0.8911152,1
0.96104676,1
0.33373952,-1
0.16348399,-1
-0.07677926,-1
-0.3152345,-1
0.7499233,-1
1.0000001,1
0.27252313,1
1.0,1
1.0000001,1
1.0000001,1
0.8404846,-1
0.93494284,-1
0.72653323,-1
-0.40059382,-1
-0.29268542,-1
0.9782197,1
0.9683412,1
0.97448754,1
0.9929801,1
1.0000001,1
-0.2763688,-1
0.76165986,-1
-0.36487114,-1
-0.43195027,-1
0.16861843,-1
1.0,1
0.99999994,1
1.0000001,1
1.0,1
0.9243937,1
0.13484369,-1
0.66876435,-1
-0.11411231,-1
0.22392294,-1
0.081288576,-1
1.0,1
1.0000001,1
1.0,1
0.9989791,1
1.0,1
-0.407298,-1
0.2678915,-1
-0.06803195,-1
0.85231924,-1
0.22865245,-1
1.0000001,1
1.0,1
0.9495314,1
1.0000001,1
1.0,1
0.38198933,-1
0.9659864,-1
0.10898804,-1
-0.32694528,-1
-0.43323526,-1
0.8834608,1
0.74246716,1
0.94139194,1
0.96685106,1
1.0000001,1
0.673445,-1
-0.40749598,-1
-0.09288489,-1
-0.36163905,-1
0.1658706,-1
1.0,1
1.0,1
1.0,1
1.0,1
1.0000001,1
-0.23584555,-1
0.5462301,-1
0.022398248,-1
0.48214573,-1
-0.2704084,-1
0.8425224,1
1.0,1
1.0,1
0.9999999,1
0.7153787,1
-0.05078355,-1
-0.16676633,-1
0.76953804,-1
-0.1768168,-1
0.55276424,-1
0.940359,1
1.0,1
0.69453853,1
0.7187865,1
0.110280655,1
-0.39816794,-1
0.36393002,-1
0.7207872,-1
-0.14008936,-1
-0.22907594,-1
1.0,1
1.0,1
0.9100144,1
0.7357089,1
0.8542089,1
-0.4646461,-1
-0.21193579,-1
-0.24602322,-1
-0.128607,-1
-0.3009875,-1
1.0,1
0.92474073,1
0.8930447,1
0.5119414,1
0.9457688,1
0.09498134,-1
-0.26188788,-1
-0.0746521,-1
-0.37308192,-1
0.63205767,-1
0.85443395,1
1.0000001,1
0.92771506,1
0.7047155,1
1.0,1
0.29290682,-1
0.3823623,-1
-0.28959447,-1
-0.0894554,-1
-0.11882946,-1
0.99999994,1
0.8443187,1
1.0,1
1.0,1
-0.3197624,1
-0.42280588,-1
0.8209288,-1
0.46263605,-1
0.37827832,-1
-0.059262887,-1
0.9179281,1
1.0,1
1.0000001,1
1.0000001,1
1.0000001,1
-0.13919465,-1
-0.112179875,-1
-0.44512826,-1
-0.35668743,-1
0.7390523,-1
0.97067773,1
0.8514727,1
0.92411625,1
0.7334267,1
0.6465763,1
-0.4616067,-1
0.7703895,-1
0.56179965,-1
-0.18157952,-1
0.40393263,-1
1.0000001,1
1.0000001,1
0.7853151,1
0.89035136,1
0.8577641,1
-0.6671064,-1
0.22603643,-1
0.337644,-1
0.6354665,-1
-0.4089546,-1
0.9999999,1
0.99999994,1
1.0000001,1
0.99999994,1
0.109504245,1
-0.479125,-1
0.045710552,-1
-0.4231276,-1
-0.24654898,-1
0.03260615,-1
0.92248917,1
1.0,1
0.78802174,1
1.0000001,1
0.8734974,1
-0.37947115,-1
0.056116164,-1
-0.24644603,-1
-0.1980647,-1
-0.064478524,-1
1.0,1
1.0,1
1.0000001,1
0.9881142,1
0.8209659,1
0.52731144,-1
0.10962265,-1
0.46032515,-1
0.46852446,-1
0.50777507,-1
1.0000001,1
0.9999999,1
0.43730927,1
0.86822724,1
0.9999999,1
0.4267208,-1
0.45956025,-1
0.23027979,-1
0.46591344,-1
-0.33081833,-1
1.0000001,1
1.0000001,1
1.0,1
1.0,1
1.0000001,1
-0.13984184,-1
0.5687931,-1
-0.014834365,-1
0.033853337,-1
-0.3359714,-1
1.0,1
1.0000001,1
1.0,1
0.9157305,1
0.96232486,1
-0.5300746,-1
0.66224575,-1
-0.5180261,-1
-0.35241944,-1
0.28946018,-1
0.9999999,1
0.7166423,1
1.0000001,1
1.0,1
1.0,1
0.7763322,-1
0.2707064,-1
0.0008283612,-1
0.061448824,-1
-0.099137485,-1
1.0000001,1
0.963692,1
1.0000001,1
0.7966585,1
0.89493996,1
-0.19230747,-1
-0.19482549,-1
0.67510724,-1
-0.55647177,-1
0.11811871,-1
0.9481252,1
0.84151196,1
1.0,1
0.7819038,1
1.0000001,1
0.6113745,-1
-0.36964786,-1
0.6049836,-1
-0.015955567,-1
0.94948256,-1
0.94575846,1
0.9663158,1
0.8981856,1
1.0000001,1
1.0,1
-0.01699092,-1
0.15881144,-1
-0.13735005,-1
-0.38923535,-1
0.4349579,-1
0.74178916,1
1.0000001,1
0.63078296,1
1.0,1
0.71878207,1
0.48029068,-1
-0.5738957,-1
0.15285467,-1
-0.2634223,-1
-0.1256671,-1
0.9718698,1
0.71655005,1
1.0,1
0.9051157,1
1.0000001,1
0.18405229,-1
0.31953114,-1
-0.5060977,-1
-0.21454282,-1
0.06787943,-1
1.0,1
1.0,1
0.640632,1
1.0,1
0.9361763,1
-0.16263719,-1
0.24033019,-1
0.28363484,-1
0.9483086,-1
-0.37066334,-1
1.0,1
1.0,1
1.0000001,1
1.0000001,1
1.0000001,1
-0.032677706,-1
-0.36246505,-1
0.10745139,-1
-0.57694125,-1
0.45103022,-1
0.85734797,1
1.0,1
0.8926682,1
0.4606302,1
1.0000001,1
0.7034415,-1
0.43143392,-1
0.6156228,-1
0.6064336,-1
0.027670927,-1
0.56794834,1
1.0,1
0.99437386,1
0.5699117,1
0.9763803,1
-0.62898946,-1
-0.19524212,-1
-0.13689716,-1
-0.059113525,-1
-0.44164702,-1
0.99999994,1
1.0000002,1
-0.031363763,1
0.997921,1
0.977854,1
-0.4991158,-1
-0.22465438,-1
-0.41306248,-1
-0.18840915,-1
-0.48219714,-1
0.9374027,1
-0.038025264,1
1.0000001,1
0.90398896,1
0.764129,1
0.11993524,-1
0.034966864,-1
-0.13741358,-1
0.59611064,-1
0.06103565,-1
1.0,1
0.9501378,1
0.9848931,1
1.0,1
0.87015,1
-0.51623976,-1
-0.15483229,-1
-0.2532908,-1
-0.5024812,-1
-0.5852935,-1
1.0,1
0.93421435,1
1.0,1
1.0000001,1
0.76739794,1
-0.72129,-1
-0.3032559,-1
0.7007128,-1
0.5779174,-1
0.49197835,-1
1.0,1
0.7464886,1
1.0,1
1.0000001,1
1.0000001,1
0.37192398,-1
-0.1549381,-1
0.5177109,-1
0.1459655,-1
0.50055057,-1
0.8205668,1
1.0,1
0.48062757,1
1.0,1
1.0,1
0.05027097,-1
-0.026672926,-1
-0.092910714,-1
-0.37592626,-1
-0.44712004,-1
0.83538884,1
1.0,1
1.0,1
0.9236239,1
1.0,1
0.36271122,-1
0.1679606,-1
-0.48649368,-1
-0.53219056,-1
0.29399815,-1
1.0000001,1
0.79306006,1
1.0,1
1.0,1
0.62282604,1
0.7421684,-1
-0.35840192,-1
-0.087467074,-1
0.88405246,-1
0.21682492,-1
0.9409142,1
0.87432903,1
0.9087905,1
1.0,1
0.51972646,1
-0.1764592,-1
-0.09860668,-1
-0.19195169,-1
0.33344746,-1
-0.109296076,-1
0.06354579,1
0.8967933,1
0.81853133,1
0.7980307,1
0.89262056,1
-0.10117609,-1
-0.43792665,-1
-0.373942,-1
0.0244379,-1
0.0127344215,-1
-0.04452379,1
-0.33278847,1
0.8692359,1
0.85432845,1
0.9795511,1
0.093312904,-1
0.19979005,-1
-0.33848605,-1
0.24450298,-1
-0.117791355,-1
1.0,1
1.0000001,1
0.9147631,1
0.92312545,1
1.0000001,1
0.019394925,-1
-0.13052854,-1
0.16880578,-1
-0.13803114,-1
-0.1504585,-1
-0.24618243,1
1.0,1
0.94909245,1
1.0000001,1
1.0000001,1
0.18649353,-1
0.44874212,-1
0.3045132,-1
-0.5154418,-1
-0.40153638,-1
0.6706134,1
0.97372425,1
0.97198665,1
0.8632615,1
0.7857053,1
-0.26503325,-1
-0.36073133,-1
0.46961027,-1
0.3897133,-1
0.61619765,-1
1.0000001,1
0.9107865,1
1.0000001,1
0.7917998,1
1.0000001,1
0.12536912,-1
0.8542492,-1
0.121611916,-1
-0.41989383,-1
0.7161938,-1
0.8417799,1
1.0000001,1
1.0,1
0.92217094,1
0.76665044,1
0.6272748,-1
0.6013744,-1
-0.017203813,-1
0.05293345,-1
-0.25877595,-1
0.8063454,1
0.8313703,1
1.0,1
1.0000001,1
1.0,1
0.28889668,-1
-0.14105363,-1
-0.41007376,-1
-0.48110524,-1
-0.25836325,-1
0.8519676,1
0.81915474,1
0.12824047,1
0.92382836,1
1.0,1
-0.30885133,-1
0.2138484,-1
0.129869,-1
-0.21433504,-1
-0.14286815,-1
1.0000001,1
0.56077325,1
1.0,1
1.0000001,1
1.0,1
0.5745914,-1
-0.257668,-1
-0.08239479,-1
-0.08692,-1
0.20226255,-1
0.9545006,1
1.0,1
0.952821,1
0.96097684,1
1.0000001,1
-0.073973976,-1
-0.2025187,-1
0.28152734,-1
0.49032345,-1
0.25119802,-1
0.86929256,1
0.7347998,1
0.9574828,1
0.7111243,1
0.9125646,1
-0.29568624,-1
-0.2744176,-1
-0.34757823,-1
0.7415733,-1
0.79937905,-1
1.0000001,1
0.87783796,1
0.9148355,1
1.0,1
0.7488664,1
-0.09846017,-1
0.6765481,-1
-0.05046797,-1
0.30689454,-1
-0.05992927,-1
1.0,1
0.99999994,1
0.79903907,1
1.0000001,1
1.0000001,1
0.79128206,-1
0.4756508,-1
-0.10978143,-1
-0.14260103,-1
0.58625305,-1
1.0,1
0.97595906,1
0.9999999,1
1.0000001,1
1.0000001,1
-0.08935724,-1
-0.18414801,-1
-0.42931172,-1
0.21670304,-1
-0.07245693,-1
1.0,1
0.98812425,1
1.0000001,1
1.0000001,1
0.8491832,1
-0.42301282,-1
0.047387023,-1
-0.12323344,-1
0.21566927,-1
-0.24986969,-1
1.0,1
1.0,1
0.8969908,1
-0.10119851,1
0.94096756,1
0.24200605,-1
-0.05387827,-1
0.25750726,-1
0.095770285,-1
0.8793748,-1
1.0,1
1.0,1
1.0000001,1
0.86021924,1
0.9196203,1
0.8675023,-1
0.63278604,-1
0.8824911,-1
0.72623646,-1
-0.072075255,-1
0.91460925,1
1.0,1
1.0000001,1
0.99999994,1
0.8771982,1
0.8190313,-1
0.19482411,-1
0.4406352,-1
-0.2982758,-1
-0.20152918,-1
1.0000001,1
0.9999999,1
1.0000001,1
0.9015779,1
0.96104646,1
-0.101223506,-1
-0.12551,-1
-0.5841251,-1
-0.14233364,-1
0.36511806,-1
1.0,1
0.9999999,1
0.7882755,1
0.95769596,1
1.0,1
0.76494974,-1
0.5874596,-1
-0.20293139,-1
-0.17142002,-1
0.19692811,-1
1.0,1
1.0000001,1
0.8062678,1
1.0,1
1.0,1
0.1964605,-1
-0.22972848,-1
-0.35129997,-1
-0.41040665,-1
-0.115730025,-1
1.0,1
1.0,1
0.96098167,1
0.95237964,1
1.0,1
0.017139584,-1
-0.312328,-1
0.9180125,-1
-0.4845703,-1
0.15365788,-1
0.8353716,1
0.9999999,1
0.7631556,1
0.9650472,1
0.94793236,1
-0.5052916,-1
0.62866163,-1
-0.0008672536,-1
0.38370433,-1
0.2599367,-1
1.0,1
1.0000001,1
1.0,1
0.8050173,1
1.0000001,1
-0.20940575,-1
-0.2474458,-1
0.06608095,-1
-0.07403599,-1
-0.5443944,-1
0.99999994,1
1.0000001,1
1.0000001,1
1.0000001,1
1.0000001,1
0.16021042,-1
0.26456127,-1
-0.046942327,-1
-0.030727966,-1
0.18935703,-1
0.8919626,1
1.0000001,1
0.8816436,1
0.9999999,1
1.0,1
-0.421749,-1
0.5992366,-1
-0.15184824,-1
0.24024384,-1
0.5135362,-1
1.0000001,1
1.0,1
1.0000001,1
0.5917511,1
0.98629993,1
-0.51271945,-1
0.5514327,-1
-0.22800265,-1
0.587328,-1
-0.08963538,-1
0.40912056,1
0.99999994,1
1.0,1
1.0,1
0.86708856,1
0.5220627,-1
-0.17665619,-1
-0.30005503,-1
-0.31178084,-1
0.13660575,-1
0.88914514,1
0.8814664,1
0.9760309,1
0.82483274,1
1.0,1
-0.37208712,-1
-0.15270112,-1
0.025677385,-1
-0.085206635,-1
0.6645603,-1
1.0,1
0.8261453,1
1.0000001,1
0.87846166,1
1.0000001,1
-0.06088186,-1
-0.24550863,-1
0.12221304,-1
0.1353955,-1
0.46101794,-1
0.82955265,1
0.8994798,1
1.0,1
-0.052685123,1
0.9444226,1
-0.20937179,-1
0.4934807,-1
0.59550184,-1
0.5405037,-1
-0.3034991,-1
0.8538657,1
0.7771414,1
0.81436086,1
0.71569437,1
0.9073341,1
-0.22801219,-1
-0.40852612,-1
0.6745129,-1
-0.56234324,-1
-0.18291907,-1
0.18564273,1
1.0,1
0.903085,1
0.9667244,1
1.0,1
0.23067436,-1
0.19692889,-1
0.9246297,-1
-0.07426057,-1
-0.48911974,-1
1.0000001,1
1.0000001,1
0.99999994,1
1.0,1
0.9307892,1
0.062024042,-1
0.035752036,-1
-0.3825874,-1
0.3832386,-1
0.23577869,-1
0.961951,1
0.9999999,1
0.838217,1
0.9803793,1
0.9353166,1
-0.060458478,-1
0.14761387,-1
-0.3370381,-1
-0.41089258,-1
-0.10449186,-1
1.0000001,1
0.9350468,1
1.0000001,1
1.0,1
0.99999994,1
-0.403145,-1
-0.47081035,-1
-0.27375987,-1
0.67367464,-1
0.32588404,-1
1.0000001,1
0.9299259,1
0.92992747,1
0.9563627,1
0.6989283,1
-0.4809761,-1
-0.40801808,-1
0.62821996,-1
-0.33322367,-1
-0.15713519,-1
0.5712926,1
0.99999994,1
1.0000001,1
0.84330577,1
0.98141646,1
0.419656,-1
-0.28586516,-1
-0.07872486,-1
-0.37153402,-1
-0.541888,-1
1.0,1
0.8748499,1
0.6387426,1
0.52900904,1
0.9511957,1
-0.20713519,-1
0.7695562,-1
-0.6751227,-1
0.042661842,-1
-0.373299,-1
1.0000001,1
1.0000001,1
0.9469677,1
0.9676427,1
0.8793399,1
0.8198939,-1
0.3353117,-1
-0.26884252,-1
0.07981319,-1
-0.6792255,-1
0.9415461,1
0.78277725,1
0.9888291,1
1.0,1
1.0,1
-0.43482924,-1
0.4948801,-1
0.22949445,-1
0.45744804,-1
-0.48178506,-1
1.0,1
0.6449868,1
1.0,1
0.9491846,1
1.0000001,1
-0.10099831,-1
-0.4461413,-1
-0.28687257,-1
-0.123961955,-1
0.10403831,-1
0.9999999,1
1.0,1
1.0000001,1
0.7589667,1
1.0,1
-0.25816706,-1
-0.6150237,-1
-0.77194995,-1
-0.12139535,-1
0.77030224,-1
1.0,1
1.0,1
1.0000001,1
1.0,1
0.9211523,1
0.45041257,-1
0.11126403,-1
-0.19109,-1
0.44155183,-1
0.36958152,-1
0.8672427,1
0.9218287,1
0.95307,1
0.7765384,1
1.0,1
-0.6106335,-1
-0.52615213,-1
-0.29757214,-1
-0.30503893,-1
0.6393776,-1
0.9228243,1
0.9273497,1
1.0,1
0.6156751,1
0.82494175,1
-0.13414569,-1
0.86577255,-1
-0.17817871,-1
-0.14960319,-1
-0.4067327,-1
1.0000001,1
1.0,1
0.3027256,1
1.0000001,1
1.0000001,1
-0.0780159,-1
-0.34260777,-1
-0.15973304,-1
-0.066480264,-1
0.04613712,-1
1.0000001,1
1.0,1
0.95561665,1
0.92958385,1
0.99999994,1
-0.3714837,-1
-0.019562826,-1
0.7107283,-1
0.05215049,-1
0.40556392,-1
1.0000001,1
0.80970967,1
0.87689734,1
0.92096406,1
0.7774354,1
-0.5575118,-1
-0.10018198,-1
-0.07230656,-1
0.09120469,-1
-0.45432827,-1
0.8568234,1
0.7341868,1
1.0000001,1
1.0000001,1
0.6970837,1
0.7731164,-1
-0.31563786,-1
0.9791003,-1
-0.22565657,-1
-0.0108861085,-1
1.0,1
0.80078185,1
0.9072796,1
0.92930245,1
0.99999994,1
-0.36487994,-1
0.19947238,-1
-0.06433109,-1
-0.3791867,-1
0.34365913,-1
1.0,1
0.20732118,1
0.99999994,1
1.0000001,1
1.0,1
0.9494144,-1
-0.44861573,-1
-0.6011923,-1
-0.005204577,-1
-0.47824162,-1
0.90491116,1
1.0,1
0.9999999,1
0.6078339,1
1.0000001,1
0.12500139,-1
-0.29468885,-1
0.91632015,-1
0.675446,-1
-0.19446129,-1
0.76165605,1
0.93496877,1
0.9914782,1
0.99999994,1
1.0000001,1
-0.07300514,-1
0.80866265,-1
0.276664,-1
0.18064506,-1
0.43728986,-1
0.95544815,1
1.0,1
1.0000001,1
0.97687066,1
0.88849604,1
0.81657565,-1
0.6192449,-1
0.28263715,-1
0.11552578,-1
-0.003971237,-1
0.90930116,1
1.0000001,1
0.7957034,1
0.6014615,1
0.9688921,1
0.44913498,-1
-0.3137827,-1
0.39010164,-1
0.46077305,-1
0.13787678,-1
0.9999999,1
1.0000001,1
1.0,1
0.92503035,1
1.0000001,1
-0.27190733,-1
-0.21474804,-1
-0.49759033,-1
0.5527744,-1
0.3326882,-1
0.7957197,1
1.0000001,1
0.9661005,1
0.89538205,1
1.0,1
-0.07083865,-1
0.20363575,-1
0.08006457,-1
-0.6597137,-1
-0.4020766,-1
0.9303094,1
0.8805086,1
0.9673002,1
0.88032967,1
0.92251307,1
-0.18740104,-1
0.008427227,-1
0.38706544,-1
0.04865156,-1
-0.5279001,-1
0.9462923,1
0.85978085,1
1.0000002,1
1.0,1
0.027136486,1
0.078014,-1
-0.069431305,-1
0.406873,-1
-0.33390886,-1
-0.020252299,-1
1.0000001,1
0.11760302,1
0.87751037,1
0.912665,1
0.6910683,1
-0.46417865,-1
-0.2599477,-1
-0.6525489,-1
-0.13202448,-1
0.44238746,-1
1.0,1
0.96561074,1
1.0,1
0.960653,1
0.9999999,1
-0.4619854,-1
-0.4606899,-1
-0.51183045,-1
-0.28338975,-1
0.03980579,-1
0.6548934,1
1.0,1
0.7470932,1
0.76418465,1
0.99999994,1
0.3553424,-1
-0.121795475,-1
0.2631509,-1
0.5551753,-1
0.8011994,-1
1.0,1
0.99999994,1
0.8153493,1
0.968709,1
1.0,1
-0.58044076,-1
-0.37030935,-1
-0.22670642,-1
-0.47961476,-1
-0.3287288,-1
1.0,1
1.0,1
0.98930305,1
1.0,1
1.0,1
0.3412078,-1
-0.08834231,-1
0.09627076,-1
-0.4052176,-1
-0.181354,-1
1.0,1
0.9561683,1
0.9228059,1
1.0000001,1
0.99999994,1
0.1758775,-1
-0.1613972,-1
0.72868997,-1
-0.53866595,-1
-0.3215546,-1
0.7708954,1
1.0000001,1
1.0000001,1
0.7428066,1
0.81374913,1
-0.3705584,-1
-0.022241756,-1
-0.4357086,-1
-0.15171829,-1
0.6859846,-1
0.6840174,1
0.9708531,1
1.0,1
0.8478079,1
1.0,1
-0.0015352007,-1
0.19389641,-1
0.7387741,-1
-0.13321732,-1
0.17684361,-1
0.99999994,1
0.97264427,1
1.0,1
0.89064723,1
1.0,1
0.17992505,-1
0.047980785,-1
-0.0076467334,-1
0.87933546,-1
-0.07309419,-1
0.99999994,1
1.0,1
0.93355113,1
0.7739478,1
0.9999999,1
0.90830564,-1
-0.051536698,-1
-0.14973947,-1
-0.17750947,-1
-0.15688477,-1
0.9999999,1
1.0000001,1
0.60225827,1
1.0,1
1.0,1
0.08033365,-1
0.5762849,-1
-0.25174725,-1
0.63374805,-1
-0.6069185,-1
0.94897676,1
1.0000001,1
1.0,1
0.99999994,1
1.0,1
-0.0060804915,-1
0.44565153,-1
-0.39536214,-1
-0.20286025,-1
0.34166384,-1
1.0000001,1
0.9440557,1
0.9121831,1
1.0,1
1.0000001,1
-0.2137053,-1
0.05373888,-1
0.24979608,-1
0.3200748,-1
0.015241049,-1
1.0000001,1
1.0000001,1
0.82046527,1
0.99999994,1
0.65222925,1
0.44539157,-1
-0.3244502,-1
0.18468624,-1
-0.11175472,-1
0.76131773,-1
0.70551324,1
1.0000001,1
1.0,1
1.0000001,1
1.0,1
0.65955174,-1
0.5032276,-1
0.142552,-1
0.42691198,-1
-0.19975117,-1
0.50651073,1
0.94652987,1
0.879312,1
0.932616,1
1.0000001,1
0.083943225,-1
-0.4592559,-1
0.5947722,-1
-0.38684675,-1
0.17511076,-1
0.90317094,1
1.0,1
0.82855344,1
1.0,1
0.90624416,1
0.23011245,-1
-0.035631057,-1
0.23799057,-1
0.03396194,-1
0.041402973,-1
1.0,1
0.9648516,1
0.7635554,1
1.0,1
1.0,1
-0.11389057,-1
-0.2674824,-1
-0.558736,-1
-0.09628579,-1
0.23238884,-1
0.9999999,1
0.72429115,1
0.7329224,1
1.0,1
0.9999999,1
-0.05715593,-1
0.27078316,-1
-0.26473033,-1
0.18225773,-1
-0.03351377,-1
0.8221398,1
0.17226984,1
0.92222255,1
1.0000001,1
-0.03545274,1
-0.21354873,-1
0.75840765,-1
0.45081225,-1
-0.101052836,-1
0.08891368,-1
1.0000001,1
1.0,1
1.0000001,1
0.45152748,1
0.9052682,1
0.32744324,-1
-0.05528405,-1
-0.3657912,-1
0.4913233,-1
-0.16091202,-1
0.97643656,1
0.8901685,1
1.0,1
1.0000001,1
-0.044776063,1
0.30396083,-1
-0.54132545,-1
0.06238515,-1
0.33571693,-1
-0.08408025,-1
0.98677164,1
1.0,1
0.9657861,1
1.0000001,1
1.0,1
-0.45015234,-1
0.6206209,-1
-0.122529045,-1
0.94250983,-1
0.5122349,-1
1.0000001,1
0.61919034,1
1.0,1
0.724069,1
0.81299853,1
-0.06763806,-1
-0.09003995,-1
0.2506815,-1
-0.5416293,-1
0.8177723,-1
0.58160406,1
0.69460356,1
1.0000001,1
1.0000001,1
0.968314,1
-0.5809655,-1
-0.2364309,-1
0.042874366,-1
0.8728704,-1
-0.54901654,-1
0.786771,1
1.0000001,1
0.9582537,1
1.0000001,1
0.25283337,1
0.6887539,-1
0.3970802,-1
-0.272301,-1
0.25815377,-1
0.20014037,-1
1.0,1
0.8054566,1
1.0000001,1
0.9999999,1
0.9244177,1
0.23488636,-1
-0.2782243,-1
-0.06931826,-1
-0.13466722,-1
-0.10117317,-1
0.903662,1
0.99999994,1
0.99999994,1
0.84050506,1
0.99999994,1
0.23941386,-1
-0.07826294,-1
0.1514028,-1
0.7808396,-1
-0.10226121,-1
0.99999994,1
0.8563679,1
1.0000001,1
0.99999994,1
0.8236132,1
-0.4201477,-1
0.37999573,-1
-0.18634178,-1
0.36037502,-1
-0.57571924,-1
1.0,1
0.9999999,1
0.82114106,1
0.9674646,1
0.99999994,1
0.13359696,-1
-0.3345861,-1
-0.2534349,-1
0.4680078,-1
-0.0022179128,-1
1.0,1
0.50623256,1
1.0,1
0.99999994,1
0.2657541,1
0.2263879,-1
0.62277275,-1
-0.14432189,-1
0.44711962,-1
0.7935112,-1
0.9352946,1
1.0,1
0.9393109,1
0.8318028,1
0.9824123,1
0.26023293,-1
-0.062908754,-1
-0.5015869,-1
0.20223457,-1
0.60480654,-1
0.62865055,1
0.84456635,1
0.9799096,1
0.9385165,1
0.8850892,1
0.4181179,-1
0.41736737,-1
-0.046255205,-1
0.025798073,-1
-0.6710746,-1
0.96975803,1
0.95691,1
0.9094155,1
1.0,1
0.93002886,1
0.11255757,-1
-0.23288098,-1
-0.22568962,-1
-0.15825935,-1
-0.30340225,-1
0.82143867,1
0.9588064,1
1.0,1
1.0000001,1
0.9196575,1
-0.2089711,-1
-0.3230385,-1
0.92876285,-1
0.15445854,-1
-0.38502783,-1
1.0000001,1
1.0,1
1.0000001,1
0.71286553,1
0.8383152,1
0.13436936,-1
-0.29927883,-1
0.22251233,-1
-0.36957455,-1
0.039590955,-1
1.0000001,1
0.9058433,1
1.0000001,1
0.9443641,1
0.99999994,1
0.2573807,-1
-0.17384821,-1
0.13481255,-1
-0.1472192,-1
0.495905,-1
0.9320115,1
1.0,1
0.9532511,1
0.37972847,1
1.0,1
0.519537,-1
-0.39329728,-1
0.07094368,-1
0.06209715,-1
0.13725105,-1
1.0000001,1
0.95596683,1
1.0000001,1
1.0,1
0.8888473,1
-0.2874405,-1
-0.11726868,-1
-0.076742694,-1
0.7587254,-1
0.32154536,-1
0.96746725,1
1.0,1
0.34203568,1
1.0,1
0.9999999,1
0.8269607,-1
0.75294834,-1
-0.41196325,-1
-0.10569464,-1
0.79077476,-1
0.742117,1
0.9999999,1
0.746231,1
1.0,1
0.9627991,1
-0.08464517,-1
0.31984234,-1
-0.25172856,-1
-0.11756688,-1
-0.083470576,-1
1.0000001,1
1.0,1
1.0,1
1.0000001,1
0.9027189,1
-0.013555505,-1
-0.21250382,-1
0.96898955,-1
0.16202065,-1
0.7202158,-1
0.8926546,1
1.0,1
0.9426238,1
1.0000001,1
1.0,1
0.060452778,-1
-0.15989856,-1
-0.28052616,-1
0.102715895,-1
-0.33011806,-1
0.9181284,1
0.8642984,1
0.9843587,1
1.0,1
0.7711666,1
0.02499804,-1
-0.059803583,-1
-0.27423182,-1
0.13318166,-1
0.30953196,-1
1.0000001,1
0.5997372,1
0.94149643,1
1.0,1
0.92622423,1
0.4169608,-1
0.08400295,-1
-0.5460614,-1
0.052177828,-1
-0.47544625,-1
1.0,1
1.0,1
0.851684,1
0.8256148,1
0.889827,1
0.7305082,-1
-0.053694326,-1
-0.006418995,-1
0.20013751,-1
0.689196,-1
0.74861395,1
1.0000001,1
0.9686601,1
0.9999999,1
0.48577952,1
0.3568133,-1
-0.30617902,-1
0.18413718,-1
-0.12399681,-1
0.19154982,-1
0.36085472,1
1.0,1
0.8793232,1
0.49401873,1
1.0000001,1
-0.061140463,-1
-0.3843113,-1
-0.15832092,-1
-0.093058735,-1
-0.19083251,-1
0.693192,1
1.0,1
0.99999994,1
0.8839184,1
0.3334945,1
-0.01346156,-1
-0.2428367,-1
0.8394217,-1
0.45785543,-1
0.04699183,-1
0.99121356,1
1.0000001,1
0.8005417,1
1.0,1
1.0000001,1
0.83000565,-1
-0.35239008,-1
-0.48078322,-1
0.084903896,-1
-0.53346324,-1
0.8070771,1
0.5037029,1
1.0,1
0.9828306,1
0.9999999,1
0.25572103,-1
0.3314346,-1
-0.1810191,-1
0.025562711,-1
0.19622332,-1
0.9341003,1
1.0,1
1.0000001,1
0.91145265,1
1.0,1
0.48879638,-1
-0.3544274,-1
0.14586855,-1
-0.5812686,-1
-0.03710214,-1
0.99999994,1
0.9826645,1
1.0,1
0.8729099,1
1.0,1
-0.057274096,-1
-0.27029005,-1
0.36610666,-1
0.31476107,-1
-0.07695661,-1
0.88657933,1
1.0,1
0.8566504,1
0.93636656,1
1.0,1
0.30147493,-1
-0.16599499,-1
0.19768861,-1
-0.19658114,-1
-0.39809373,-1
0.8458543,1
0.94803524,1
1.0,1
1.0,1
1.0,1
0.11009704,-1
0.16697854,-1
-0.36733335,-1
-0.08909839,-1
-0.29289308,-1
1.0000001,1
0.97789353,1
0.9423199,1
-0.29304093,1
1.0,1
0.7380455,-1
-0.08893207,-1
-0.17757745,-1
-0.03275555,-1
-0.5594294,-1
1.0,1
1.0000001,1
0.93049425,1
0.85426086,1
1.0000001,1
-0.3708413,-1
0.07545472,-1
0.016479744,-1
-0.41847074,-1
-0.16569829,-1
1.0000001,1
0.9731904,1
0.842829,1
1.0,1
0.7698267,1
-0.24234384,-1
0.19752617,-1
-0.224797,-1
-0.2810484,-1
0.7422312,-1
1.0,1
-0.1051553,1
0.5253531,1
1.0,1
0.8313576,1
-0.36798817,-1
-0.29096237,-1
0.3531818,-1
-0.18943633,-1
0.23059645,-1
0.87521154,1
1.0,1
0.65373206,1
0.93790644,1
0.99999994,1
0.22449501,-1
0.014474424,-1
0.12177803,-1
0.044894423,-1
-0.20843005,-1
0.8634449,1
0.97861564,1
0.46749756,1
0.8206522,1
0.8506587,1
-0.15265526,-1
-0.20452975,-1
0.9923687,-1
-0.270345,-1
-0.12107793,-1
-0.044937007,1
1.0,1
0.3012306,1
1.0,1
1.0000001,1
-0.43950483,-1
-0.14454967,-1
-0.3470325,-1
-0.13751107,-1
-0.23484206,-1
0.77937007,1
1.0,1
1.0000002,1
1.0,1
0.9591992,1
-0.07109466,-1
0.83893037,-1
-0.3869661,-1
0.14739901,-1
-0.7122586,-1
0.9999999,1
0.73597634,1
1.0000001,1
1.0000001,1
0.92061603,1
0.39915943,-1
-0.4891245,-1
-0.32052,-1
-0.090160914,-1
0.32875833,-1
1.0,1
1.0,1
1.0,1
1.0000001,1
1.0,1
-0.1613014,-1
-0.46782634,-1
0.3422849,-1
0.4331377,-1
0.50706,-1
1.0000001,1
0.8923334,1
0.94550717,1
0.70214224,1
0.847366,1
0.1016083,-1
-0.32283214,-1
-0.25934944,-1
-0.17093469,-1
0.64749926,-1
0.94152004,1
1.0000001,1
0.666699,1
1.0000001,1
0.8606187,1
0.84784293,-1
0.18622878,-1
-0.22821687,-1
-0.1606051,-1
-0.23373765,-1
0.9402072,1
0.82818717,1
0.9658452,1
0.94522804,1
0.82547045,1
-0.24269016,-1
-0.25023738,-1
0.051427122,-1
-0.19665255,-1
-0.099765524,-1
0.47765106,1
0.9691323,1
1.0000001,1
1.0000001,1
0.8173161,1
-0.18847337,-1
-0.2313012,-1
0.21475153,-1
-0.3214492,-1
0.14563546,-1
0.80702055,1
1.0000001,1
0.95798486,1
1.0000001,1
0.869736,1
-0.21819383,-1
0.3882854,-1
-0.38698027,-1
-0.21350224,-1
-0.16388708,-1
1.0000001,1
0.92128,1
1.0,1
0.87314546,1
0.11993644,1
-0.25965595,-1
-0.05426414,-1
0.07132207,-1
0.20913711,-1
0.13860504,-1
0.8754758,1
0.93605894,1
0.84277487,1
1.0,1
0.8291096,1
-0.31515747,-1
-0.060000557,-1
-0.26602745,-1
-0.20946218,-1
-0.58483475,-1
1.0,1
0.99999994,1
0.90786487,1
0.91820806,1
0.8452646,1
-0.23431414,-1
0.110211186,-1
-0.4205091,-1
0.17242846,-1
-0.31933612,-1
1.0,1
1.0,1
1.0,1
1.0,1
1.0,1
-0.2729996,-1
-0.24613628,-1
-0.4285192,-1
-0.23647523,-1
0.50708914,-1
1.0,1
0.81916106,1
0.8050805,1
1.0,1
1.0,1
-0.63872564,-1
0.215108,-1
0.19084173,-1
0.028567651,-1
-0.028918505,-1
0.94442147,1
0.86174685,1
0.96059555,1
1.0,1
1.0,1
-0.22070388,-1
-0.43480104,-1
0.082878746,-1
0.021319008,-1
-0.3432485,-1
1.0,1
1.0000001,1
1.0,1
0.7035715,1
0.9265005,1
0.060391627,-1
0.6162164,-1
-0.18113586,-1
-0.43041646,-1
0.5848618,-1
1.0,1
0.97648996,1
1.0,1
1.0000001,1
0.8030703,1
-0.46003905,-1
-0.519493,-1
0.35113,-1
-0.13675533,-1
-0.25594327,-1
0.99999994,1
1.0000001,1
1.0000001,1
1.0,1
0.7720473,1
0.14839704,-1
-0.66907763,-1
-0.20668115,-1
-0.003953131,-1
0.3242295,-1
0.97725594,1
0.5130014,1
1.0,1
0.20670071,1
0.9788745,1
0.29795653,-1
-0.3487808,-1
-0.2778315,-1
-0.1920536,-1
0.9619892,-1
1.0,1
1.0,1
0.69222236,1
0.99999994,1
1.0000001,1
-0.5062006,-1
-0.19040512,-1
-0.19254747,-1
-0.60309595,-1
-0.089481376,-1
0.7567642,1
1.0000001,1
0.98159236,1
0.9999999,1
1.0000001,1
-0.33740914,-1
-0.023753097,-1
0.2543153,-1
0.33014867,-1
-0.34395888,-1
1.0000001,1
0.99999994,1
1.0000001,1
0.5881593,1
0.991464,1
-0.2611666,-1
0.78546256,-1
-0.07304072,-1
0.25529006,-1
-0.18100847,-1
1.0,1
0.85644335,1
1.0000001,1
1.0,1
0.52332455,1
-0.26036012,-1
-0.13281886,-1
0.6888706,-1
-0.100272186,-1
-0.058431994,-1
1.0000001,1
0.9217775,1
1.0,1
0.91269964,1
1.0,1
-0.45245385,-1
-0.38849884,-1
-0.013499915,-1
0.739284,-1
-0.19234043,-1
0.8797088,1
1.0,1
1.0,1
0.17760578,1
0.8301821,1
-0.10241878,-1
-0.17520545,-1
0.644084,-1
-0.56204504,-1
-3.2722226e-06,-1
1.0,1
0.8094131,1
1.0,1
1.0000001,1
1.0000001,1
-0.5886026,-1
-0.39866012,-1
0.18072423,-1
-0.043954533,-1
-0.5098634,-1
1.0,1
0.8421086,1
1.0000001,1
1.0000001,1
1.0000001,1
-0.43032205,-1
-0.2041703,-1
-0.16036196,-1
-0.24288926,-1
0.61500794,-1
0.54713404,1
1.0000001,1
0.77373123,1
0.958741,1
1.0000001,1
-0.47672743,-1
-0.08579037,-1
-0.27096537,-1
-0.26616392,-1
0.03654914,-1
-0.18018176,1
1.0,1
0.96615916,1
0.76541585,1
1.0000001,1
0.2529479,-1
0.4306379,-1
-0.10803529,-1
-0.1784322,-1
-0.35216397,-1
1.0,1
1.0,1
0.7983913,1
0.68675774,1
0.9999999,1
-0.14425924,-1
-0.024998942,-1
0.27579188,-1
0.61348504,-1
0.4798423,-1
1.0,1
0.9088782,1
0.9515997,1
1.0,1
0.94896466,1
-0.5285977,-1
0.03140206,-1
-0.16126718,-1
-0.27436918,-1
0.17702198,-1
0.9642456,1
0.9607996,1
1.0000001,1
1.0000001,1
0.99999994,1
0.08345505,-1
0.6163127,-1
-0.22991355,-1
-0.1086914,-1
0.15000229,-1
0.9514171,1
1.0000001,1
1.0000001,1
0.99347705,1
1.0,1
-0.40251306,-1
0.13796248,-1
-0.08065054,-1
-0.35642368,-1
-0.44485345,-1
1.0,1
1.0,1
1.0,1
0.89715767,1
1.0000001,1
0.4241174,-1
-0.38553098,-1
-0.057627413,-1
0.23075442,-1
-0.03650757,-1
1.0,1
0.99999994,1
0.6053638,1
1.0000001,1
0.7980137,1
0.12637328,-1
0.12811759,-1
-0.62759334,-1
0.34733975,-1
-0.255898,-1
1.0,1
0.99999994,1
0.84249604,1
1.0,1
1.0000001,1
0.2351247,-1
-0.5230675,-1
-0.5505308,-1
-0.07130518,-1
-0.15839042,-1
1.0000001,1
0.8456523,1
0.85122645,1
0.91393423,1
0.98176867,1
-0.3008859,-1
0.36428857,-1
-0.1248475,-1
0.73969406,-1
-0.5948873,-1
0.8926299,1
0.78715813,1
0.8888169,1
1.0,1
1.0,1
0.13257906,-1
-0.12619975,-1
0.38356605,-1
0.068919994,-1
-0.0008909835,-1
0.80410135,1
0.9670031,1
1.0,1
1.0000001,1
0.7246232,1
-0.30436105,-1
0.49314228,-1
-0.566375,-1
-0.45294547,-1
-0.39736643,-1
0.9038706,1
1.0,1
1.0000001,1
0.76810104,1
1.0,1
-0.051745046,-1
-0.34655032,-1
-0.11867833,-1
0.2819126,-1
-0.030175025,-1
1.0,1
0.8900581,1
0.78238773,1
1.0,1
0.34442455,1
-0.16708091,-1
-0.17581558,-1
0.73747826,-1
-0.215952,-1
-0.20940225,-1
0.84092075,1
0.8633031,1
0.95045877,1
0.5019168,1
0.5943855,1
-0.24754722,-1
0.8767382,-1
-0.068163715,-1
-0.28574792,-1
-0.44520932,-1
0.8643212,1
0.9868881,1
1.0000001,1
0.99999994,1
0.81961864,1
0.86953,-1
-0.26893488,-1
0.8755118,-1
0.17659114,-1
-0.07318111,-1
0.5639871,1
1.0000001,1
0.9369843,1
1.0000001,1
0.949154,1
-0.3251612,-1
0.25775778,-1
-0.21291254,-1
-0.5539025,-1
0.84442985,-1
1.0,1
0.95915514,1
1.0,1
0.5948132,1
1.0,1
-0.58905494,-1
0.65629935,-1
-0.33645886,-1
0.36326134,-1
-0.30444175,-1
1.0,1
1.0000001,1
1.0,1
0.9696835,1
1.0,1
-0.12950137,-1
0.17972034,-1
0.35228652,-1
-0.28757316,-1
-0.3662414,-1
0.09543726,1
0.99999994,1
1.0,1
0.768351,1
0.5589749,1
-0.024104124,-1
-0.6137307,-1
-0.23548457,-1
0.31216243,-1
0.4384667,-1
0.88767445,1
0.8969482,1
1.0000001,1
0.8721736,1
0.8263355,1
-0.009170357,-1
0.00036064596,-1
0.40717992,-1
0.6242067,-1
0.12676296,-1
-0.15268359,1
1.0,1
0.99999994,1
1.0000001,1
0.9578606,1
-0.39362738,-1
0.90652055,-1
0.49437594,-1
-0.23190843,-1
-0.15960899,-1
0.89884526,1
0.82412446,1
1.0,1
0.7935209,1
0.95746106,1
-0.36016467,-1
0.21688375,-1
0.0423331,-1
0.77635807,-1
-0.3676665,-1
0.8934972,1
1.0,1
0.25538594,1
1.0000001,1
0.8972028,1
-0.227019,-1
-0.54445606,-1
-0.48730648,-1
0.105198406,-1
-0.182815,-1
-0.21247563,1
0.8349744,1
1.0,1
0.96100134,1
0.879871,1
-0.13067952,-1
0.06283212,-1
0.2364577,-1
0.17891441,-1
-0.25121087,-1
1.0000001,1
1.0,1
0.7504849,1
1.0,1
0.2670914,1
-0.02279728,-1
-0.18911417,-1
-0.07762222,-1
-0.46522576,-1
0.08872893,-1
1.0000001,1
1.0000001,1
1.0000001,1
0.9211223,1
1.0,1
0.1858678,-1
-0.23800482,-1
0.072453246,-1
0.05983759,-1
-0.29030722,-1
1.0,1
1.0,1
0.52616566,1
1.0,1
1.0,1
-0.29122475,-1
-0.35203868,-1
-0.07193174,-1
-0.26260266,-1
0.3468597,-1
1.0000001,1
0.97869885,1
0.9320799,1
0.88276535,1
0.9999999,1
0.44177765,-1
-0.22895591,-1
-0.10932527,-1
0.1002421,-1
-0.48728397,-1
0.8907817,1
0.9428575,1
0.9999999,1
1.0000001,1
0.9490048,1
0.16131881,-1
-0.34566745,-1
0.83374673,-1
-0.27291954,-1
-0.16493197,-1
0.9743521,1
1.0,1
0.75712013,1
1.0,1
1.0,1
0.3590639,-1
-0.23350191,-1
-0.21013884,-1
0.19338752,-1
0.44067547,-1
1.0,1
0.9856173,1
0.959552,1
0.8718602,1
0.9824689,1
0.7954969,-1
0.10560298,-1
0.32633796,-1
-0.339229,-1
-0.58143616,-1
1.0000001,1
0.923615,1
0.9999999,1
0.92009485,1
0.97602916,1
0.441707,-1
0.679453,-1
-0.5134442,-1
0.6611083,-1
-0.17195795,-1
1.0000001,1
1.0,1
0.9646729,1
0.9814337,1
1.0,1
-0.33509713,-1
-0.43247032,-1
-0.13972339,-1
0.21403389,-1
-0.24679969,-1
0.8790908,1
0.7104957,1
-0.11547998,1
1.0,1
0.4527426,1
-0.3002941,-1
-0.26388705,-1
0.7124473,-1
0.5407412,-1
0.77069277,-1
0.94869924,1
1.0000001,1
0.60251397,1
0.89983785,1
1.0000002,1
-0.2989128,-1
0.06277134,-1
-0.01889438,-1
-0.056096025,-1
0.54808336,-1
0.4055134,1
0.99999994,1
0.79413575,1
0.814699,1
1.0,1
-0.36670104,-1
-0.30367246,-1
-0.14827491,-1
0.6325682,-1
-0.055470128,-1
1.0,1
0.94935465,1
0.59309715,1
1.0,1
1.0,1
0.018181982,-1
-0.270726,-1
0.4834203,-1
-0.10325261,-1
0.8632011,-1
0.8633054,1
1.0,1
1.0000001,1
1.0000001,1
1.0,1
-0.65162003,-1
-0.029826576,-1
-0.28606865,-1
-0.2506691,-1
-0.54079056,-1
0.99999994,1
1.0,1
0.91981757,1
1.0000001,1
0.9894926,1
0.5068515,-1
0.26859385,-1
1.0000001,-1
-0.31571013,-1
0.15482658,-1
1.0,1
1.0000001,1
0.36926308,1
1.0,1
1.0,1
0.12265908,-1
0.0052689705,-1
-0.40472916,-1
-0.16152799,-1
0.029428832,-1
0.96934736,1
0.8084367,1
0.9174542,1
1.0000001,1
0.8591861,1
-0.3347851,-1
0.110325016,-1
-0.30933753,-1
-0.47609192,-1
0.73302096,-1
0.51258665,1
0.95145476,1
1.0,1
0.69563866,1
0.99999994,1
0.1623335,-1
0.65406704,-1
-0.30274904,-1
-0.33394346,-1
-0.5382868,-1
0.92270446,1
1.0,1
0.3961076,1
0.9908267,1
0.90541095,1
-0.16786844,-1
-0.07524013,-1
0.957082,-1
-0.11828716,-1
-0.3497708,-1
0.8110961,1
0.83531326,1
1.0000001,1
0.9501763,1
1.0000001,1
0.44567776,-1
-0.12758298,-1
-0.024164798,-1
-0.46620768,-1
-0.5746894,-1
0.9479399,1
0.74823886,1
1.0,1
1.0000001,1
-0.10533723,1
-0.4416392,-1
-0.21995327,-1
0.08955259,-1
-0.37464735,-1
0.19481672,-1
1.0,1
0.9999999,1
0.7039395,1
1.0000001,1
0.8152092,1
-0.0020539425,-1
-0.10422007,-1
-0.27417064,-1
0.027928902,-1
-0.2507476,-1
0.98927647,1
0.8716461,1
1.0000001,1
0.15752168,1
0.99999994,1
0.7285902,-1
-0.3146639,-1
0.21689357,-1
0.04616485,-1
0.92163354,-1
0.9135559,1
1.0,1
1.0,1
0.7693531,1
0.7239254,1
-0.38436824,-1
0.009004422,-1
-0.10580295,-1
0.19180016,-1
0.5828347,-1
1.0000001,1
1.0,1
1.0,1
0.5553272,1
0.32338724,1
-0.19488585,-1
0.81334853,-1
-0.17023236,-1
-0.21061651,-1
-0.099521734,-1
1.0,1
0.99999994,1
0.99999994,1
1.0000001,1
1.0,1
0.16990143,-1
0.59237266,-1
0.27592462,-1
0.4940075,-1
-0.035545617,-1
0.94256055,1
1.0,1
0.6250717,1
0.98740464,1
0.99999994,1
0.06755325,-1
0.1943237,-1
-0.19871038,-1
0.2998346,-1
0.78627634,-1
0.8657844,1
1.0,1
1.0,1
0.86432153,1
0.6399486,1
-0.021260675,-1
-0.21503438,-1
0.14060508,-1
0.7135514,-1
0.30672973,-1
1.0000001,1
1.0000001,1
1.0000001,1
1.0,1
1.0,1
-0.24003404,-1
0.03920032,-1
0.6294862,-1
0.33653843,-1
0.03850743,-1
1.0000001,1
1.0000001,1
1.0,1
0.66240895,1
0.8947756,1
0.5733455,-1
-0.14574046,-1
0.49132425,-1
-0.45700306,-1
0.41405785,-1
0.89739716,1
-0.023522355,1
1.0,1
1.0000001,1
1.0,1
-0.18276483,-1
0.26739424,-1
0.034653828,-1
-0.41728485,-1
-0.0060327523,-1
0.51147246,1
0.9021495,1
-0.04433709,1
0.9999999,1
0.9759522,1
-0.46497932,-1
0.19402458,-1
-0.09582378,-1
-0.17587875,-1
-0.056780092,-1
1.0,1
0.24028136,1
0.9999999,1
0.8467313,1
0.83810717,1
-0.3057514,-1
-0.22480418,-1
-0.5889254,-1
0.8310974,-1
0.44675443,-1
0.83266264,1
1.0000001,1
0.8118612,1
0.2982683,1
1.0,1
-0.52487004,-1
-0.29220587,-1
0.1687522,-1
-0.32188874,-1
-0.24482079,-1
0.99999994,1
1.0,1
1.0000001,1
0.9127913,1
0.7570044,1
-0.007295964,-1
-0.008460783,-1
0.4481538,-1
-0.34835002,-1
-0.32828847,-1
0.69261724,1
0.9198959,1
-0.025403012,1
0.4745262,1
0.9532952,1
0.15182467,-1
-0.14709853,-1
0.13848059,-1
0.3399798,-1
0.7843831,-1
0.99999994,1
1.0,1
0.39952976,1
0.8047717,1
1.0000001,1
-0.46617216,-1
-0.12945236,-1
-0.34426683,-1
-0.35926375,-1
-0.18157059,-1
1.0,1
0.95406264,1
1.0000001,1
1.0,1
1.0000001,1
-0.122068554,-1
0.88620967,-1
-0.21168825,-1
-0.61347854,-1
0.78047085,-1
0.9674084,1
1.0000001,1
1.0,1
0.8413715,1
1.0000001,1
0.36277723,-1
0.9593555,-1
0.7820273,-1
-0.26623026,-1
-0.13972184,-1
1.0000001,1
0.89565015,1
1.0000001,1
1.0,1
0.9338366,1
-0.118118495,-1
0.0037167044,-1
0.6564337,-1
0.3117647,-1
-0.2095437,-1
1.0,1
1.0000002,1
1.0000001,1
0.34387705,1
1.0000001,1
-0.51982766,-1
-0.04565416,-1
-0.040554293,-1
-0.022853067,-1
-0.3380244,-1
1.0,1
1.0000001,1
0.69525397,1
1.0000001,1
0.93532383,1
0.06921561,-1
0.24281862,-1
0.26589134,-1
0.45556194,-1
0.043868642,-1
1.0000001,1
0.8602927,1
0.9056569,1
0.92297137,1
0.8384183,1
0.81994224,-1
0.5970235,-1
-0.20982322,-1
-0.5198643,-1
0.47973782,-1
1.0,1
0.8878282,1
0.94990814,1
0.40614605,1
0.9999999,1
-0.312133,-1
0.070880435,-1
-0.3296308,-1
0.79902744,-1
0.44766608,-1
1.0,1
0.99999994,1
1.0,1
1.0000001,1
0.7887802,1
-0.24405025,-1
0.58163553,-1
0.29564154,-1
0.08619008,-1
-0.042217083,-1
1.0,1
0.75392854,1
0.94367933,1
0.8744089,1
-0.2094106,1
-0.023021782,-1
-0.26590583,-1
0.23905428,-1
0.20428205,-1
0.81995165,-1
1.0,1
1.0,1
1.0,1
1.0,1
1.0000001,1
-0.20972571,-1
-0.70022136,-1
-0.6501065,-1
-0.2915585,-1
0.19373374,-1
1.0,1
0.75321585,1
-0.24549471,1
0.91136366,1
1.0,1
0.7257617,-1
0.67964005,-1
-0.20046711,-1
0.20874538,-1
-0.48754668,-1
0.7889493,1
1.0000001,1
0.9999999,1
1.0,1
0.9299242,1
0.18784763,-1
-0.19816835,-1
-0.066362746,-1
-0.10292809,-1
0.6327537,-1
0.99999994,1
0.7999453,1
0.99999994,1
1.0,1
0.8770738,1
-0.531069,-1
-0.31652072,-1
0.5117299,-1
-0.25738752,-1
0.35836783,-1
0.9234264,1
1.0,1
1.0000001,1
1.0,1
1.0000001,1
-0.4173412,-1
0.120966926,-1
-0.36621344,-1
-0.17343728,-1
0.49583802,-1
1.0000001,1
1.0,1
0.7668738,1
0.9028478,1
0.8728566,1
-0.24700384,-1
-0.49932238,-1
0.4249804,-1
-0.2653321,-1
-0.11996416,-1
1.0000001,1
1.0000001,1
-0.28221387,1
0.9999999,1
0.62748593,1
0.0760388,-1
0.07600978,-1
0.7724828,-1
-0.5832034,-1
0.27886024,-1
0.97551215,1
0.99999994,1
0.75412685,1
0.90977323,1
0.9043357,1
0.9288918,-1
-0.08404276,-1
-0.52760595,-1
0.14857352,-1
0.2792124,-1
0.92774093,1
1.0,1
0.91548014,1
0.8808428,1
0.8163273,1
0.31092602,-1
-0.04239976,-1
0.6282164,-1
-0.04922858,-1
0.8952821,-1
1.0000001,1
1.0,1
0.4818248,1
0.99291104,1
0.99999994,1
0.16718577,-1
-0.16833946,-1
-0.15748304,-1
0.35096908,-1
-0.25304478,-1
1.0,1
0.96159095,1
0.95567006,1
0.8832294,1
1.0,1
-0.4907831,-1
-0.10805241,-1
-0.05390079,-1
0.7751653,-1
0.54094553,-1
0.70537513,1
1.0,1
1.0000001,1
0.8656041,1
1.0,1
-0.15305236,-1
0.25336516,-1
0.005892775,-1
-0.3376435,-1
0.07784756,-1
0.9588767,1
0.9614068,1
0.9816059,1
1.0,1
0.99342924,1
0.25804344,-1
0.74641436,-1
0.12653996,-1
0.5358687,-1
-0.1831279,-1
1.0000001,1
0.98140115,1
0.6320259,1
1.0000001,1
0.8975724,1
0.4224658,-1
-0.18791415,-1
-0.26788583,-1
-0.40018463,-1
0.45256624,-1
0.9871407,1
-0.0071997982,1
0.99999994,1
1.0000001,1
0.86247927,1
0.56068087,-1
0.70017153,-1
0.04071432,-1
0.87745947,-1
-0.54134303,-1
0.8513984,1
0.91624236,1
1.0,1
0.84180474,1
0.99999994,1
0.42047065,-1
0.06504608,-1
-0.003125295,-1
0.08137873,-1
-0.39840946,-1
0.88590324,1
0.8836879,1
1.0000001,1
1.0000001,1
0.8196488,1
0.297794,-1
0.35083896,-1
0.08784839,-1
0.07803338,-1
-0.11389873,-1
0.7325067,1
0.9552861,1
0.95079124,1
1.0,1
0.47121936,1
-0.31506145,-1
0.19414543,-1
-0.41341114,-1
-0.2940033,-1
-0.20363629,-1
0.8574539,1
0.5114152,1
1.0,1
0.967036,1
1.0,1
0.60864806,-1
0.5019707,-1
-0.22915411,-1
0.43689635,-1
0.8298241,-1
0.68277,1
0.9354406,1
1.0000001,1
0.09904921,1
0.98626226,1
-0.22746466,-1
-0.29388005,-1
0.593009,-1
-0.22136466,-1
-0.14050592,-1
0.9999999,1
0.08508419,1
0.70860577,1
0.9738791,1
1.0,1
0.20479393,-1
0.36505762,-1
0.32438362,-1
-0.053629827,-1
0.05692312,-1
1.0,1
1.0,1
-0.2718481,1
0.9999999,1
1.0000001,1
-0.3628181,-1
0.15609637,-1
-0.31373575,-1
-0.2527145,-1
-0.40489322,-1
1.0,1
1.0000001,1
0.9177464,1
1.0000001,1
0.93649995,1
0.7111671,-1
0.728819,-1
0.52317536,-1
0.9562433,-1
0.52671766,-1
0.9498618,1
1.0000001,1
0.60590464,1
0.29762486,1
1.0000001,1
0.12423315,-1
-0.2031356,-1
0.09017621,-1
-0.23162106,-1
0.18877932,-1
0.20407692,1
1.0,1
0.5712842,1
1.0,1
0.78636,1
-0.59172326,-1
0.19117351,-1
0.04059376,-1
0.24008982,-1
-0.08248476,-1
1.0,1
1.0,1
1.0,1
1.0000001,1
1.0,1
-0.24377605,-1
0.52435863,-1
-0.59829813,-1
-0.36651397,-1
0.58943754,-1
0.90571696,1
0.72224593,1
0.9849958,1
1.0000001,1
0.93919367,1
0.19468854,-1
-0.5253869,-1
0.2864365,-1
-0.35103384,-1
0.7361798,-1
0.14451404,1
0.9139502,1
1.0,1
1.0,1
0.94884694,1
-0.28593972,-1
0.19213,-1
0.29596457,-1
-0.24531579,-1
-0.14091928,-1
1.0000001,1
0.7611529,1
1.0000001,1
1.0,1
1.0000001,1
-0.17178656,-1
-0.6562305,-1
0.22847132,-1
-0.41330892,-1
0.81729877,-1
0.96689516,1
1.0,1
1.0000001,1
0.99999994,1
0.9638824,1
0.31071562,-1
-0.42729464,-1
-0.0094147865,-1
0.6825689,-1
0.09300899,-1
0.97972363,1
0.9462156,1
1.0,1
1.0000001,1
1.0,1
0.33490852,-1
-0.39110073,-1
0.65277964,-1
-0.02439702,-1
0.20909719,-1
1.0,1
1.0,1
0.99999994,1
1.0000001,1
1.0000001,1
-0.44035012,-1
0.4796226,-1
0.8386831,-1
0.91208863,-1
0.42053375,-1
1.0,1
0.8440845,1
0.91647685,1
1.0000002,1
1.0000001,1
0.35862526,-1
0.047180902,-1
0.53081274,-1
-0.07944849,-1
-0.45414737,-1
0.9432402,1
1.0000001,1
0.85734916,1
0.9727231,1
1.0000001,1
-0.27777874,-1
-0.07801376,-1
-0.24547704,-1
0.1975333,-1
-0.18702996,-1
0.8842319,1
1.0000001,1
0.8970797,1
0.9643458,1
0.99999994,1
-0.2074566,-1
0.07909298,-1
0.32048893,-1
-0.094649844,-1
-0.05658252,-1
0.86967117,1
0.8597949,1
0.9295387,1
1.0,1
1.0,1
-0.14783241,-1
0.4838549,-1
0.35246095,-1
-0.44048885,-1
0.08807446,-1
0.99999994,1
0.8566887,1
1.0,1
1.0,1
1.0,1
-0.041968975,-1
-0.31279248,-1
-0.15556385,-1
0.7299303,-1
-0.14487122,-1
1.0000001,1
0.9755432,1
1.0,1
1.0,1
1.0,1
0.4354862,-1
-0.118260875,-1
-0.3735709,-1
-0.3079553,-1
0.082208075,-1
-0.3507628,1
1.0000001,1
0.99999994,1
0.9116433,1
1.0000001,1
-0.19946496,-1
-0.013567334,-1
0.31305715,-1
0.38713345,-1
-0.22158177,-1
0.12507945,1
0.9588627,1
0.7730336,1
1.0,1
1.0,1
-0.3892563,-1
-0.17395543,-1
-0.615655,-1
0.78967804,-1
0.04262447,-1
0.9262713,1
0.97484744,1
0.95440865,1
0.9491696,1
0.6368134,1
0.16079573,-1
-0.2690869,-1
0.18336861,-1
0.20080921,-1
-0.47217643,-1
0.50833637,1
0.69692755,1
0.40737692,1
0.38916412,1
0.9268911,1
-0.0984585,-1
0.046144392,-1
-0.19386956,-1
-0.3887856,-1
-0.06032214,-1
0.9599601,1
1.0000001,1
1.0,1
0.89926106,1
1.0,1
0.43157727,-1
0.71228474,-1
0.4030027,-1
0.22034985,-1
0.66308874,-1
1.0,1
1.0000001,1
0.61577356,1
1.0000001,1
1.0,1
0.3779779,-1
0.34416196,-1
-0.09965852,-1
-0.23179677,-1
0.6137903,-1
0.32542807,1
1.0000001,1
1.0,1
0.96181846,1
1.0,1
0.023799097,-1
-0.077719875,-1
0.042804144,-1
-0.06731139,-1
-0.22075799,-1
0.8320943,1
1.0000001,1
0.99999994,1
1.0,1
1.0,1
-0.5732192,-1
-0.442631,-1
0.124870285,-1
-0.014316586,-1
-0.22057384,-1
0.48538232,1
0.9243037,1
1.0000001,1
1.0,1
0.8886574,1
-0.19065242,-1
-0.29774776,-1
0.7494516,-1
0.26880628,-1
-0.19732301,-1
0.9309799,1
0.93261963,1
1.0,1
1.0000001,1
0.93994516,1
-0.093690835,-1
-0.24785611,-1
-0.3188748,-1
-0.5010322,-1
-0.22365463,-1
0.784844,1
-0.42976576,1
1.0,1
1.0,1
0.86886823,1
-0.5160223,-1
-0.017799918,-1
0.14191602,-1
0.15988515,-1
0.012169916,-1
0.91794306,1
0.90119845,1
0.94203496,1
0.9966597,1
1.0000001,1
-0.025260504,-1
0.34451672,-1
-0.027695505,-1
-0.15724115,-1
0.86826587,-1
1.0000001,1
1.0,1
0.9330198,1
0.8709067,1
0.9401195,1
-0.13840736,-1
0.14591831,-1
-0.33491027,-1
0.038416784,-1
0.68039846,-1
1.0,1
1.0,1
1.0,1
0.8082111,1
0.48663944,1
-0.45942053,-1
0.6731523,-1
0.3883351,-1
0.0013816998,-1
-0.20426534,-1
1.0000001,1
1.0000001,1
0.81802386,1
1.0,1
0.8847751,1
-0.11857623,-1
0.3815641,-1
-0.14755626,-1
0.25066045,-1
-0.30383432,-1
1.0,1
0.94534457,1
0.7929308,1
1.0000001,1
1.0,1
0.78768075,-1
-0.22350596,-1
0.29171115,-1
-0.33932912,-1
0.3925465,-1
0.7381156,1
1.0,1
1.0000001,1
0.94280154,1
0.9615261,1
-0.1721403,-1
-0.118062064,-1
0.14809325,-1
-0.14021346,-1
0.03823809,-1
0.9999999,1
0.9421094,1
1.0000001,1
1.0,1
1.0000001,1
-0.44081917,-1
-0.08982241,-1
-0.17366873,-1
-0.6503479,-1
0.52920413,-1
1.0,1
0.8372345,1
1.0,1
1.0000001,1
0.9362498,1
0.51187867,-1
-0.46672967,-1
-0.4016835,-1
0.020714877,-1
0.3997494,-1
0.83369327,1
1.0000001,1
1.0,1
1.0,1
0.8595258,1
-0.5627847,-1
0.7068936,-1
-0.27077705,-1
0.86828387,-1
0.33894554,-1
0.94652045,1
0.9769337,1
0.98142314,1
1.0000001,1
0.99999994,1
0.9388074,-1
0.30843294,-1
-0.25528017,-1
0.59438777,-1
-0.48165956,-1
1.0000001,1
1.0,1
1.0,1
1.0,1
0.7880517,1
0.28927338,-1
0.60391694,-1
0.05770979,-1
0.29683566,-1
0.10022291,-1
0.7873653,1
-0.09925556,1
0.9547077,1
0.9803409,1
0.98772603,1
-0.0040688356,-1
0.52207994,-1
0.5861843,-1
0.47041678,-1
0.49817634,-1
1.0000001,1
1.0,1
0.36207327,1
1.0000001,1
0.9398443,1
-0.04792166,-1
-0.24033387,-1
0.0026133975,-1
0.31052563,-1
0.4340055,-1
1.0000001,1
1.0000001,1
0.5764969,1
0.73763424,1
1.0,1
0.004634088,-1
-0.095162734,-1
0.019302499,-1
-0.10331101,-1
-0.27499044,-1
1.0000001,1
1.0000001,1
0.99999994,1
1.0000001,1
1.0,1
0.09512898,-1
-0.48035374,-1
0.006353871,-1
-0.1975216,-1
-0.22779445,-1
0.73386997,1
0.78479284,1
0.5588233,1
1.0,1
1.0,1
-0.3863343,-1
0.20466568,-1
-0.37044674,-1
0.6343148,-1
0.8177029,-1
0.99999994,1
0.8969616,1
1.0,1
0.76500744,1
0.8937002,1
-0.38942128,-1
-0.13889496,-1
0.2192926,-1
0.708696,-1
-0.2004106,-1
0.8770906,1
0.9390479,1
1.0,1
1.0,1
0.94727665,1
0.70294446,-1
-0.67608744,-1
-0.30178577,-1
0.03333431,-1
0.6990727,-1
1.0000001,1
1.0000001,1
0.9219761,1
0.99999994,1
0.09974712,1
-0.3576391,-1
0.108425505,-1
-0.41103786,-1
-0.19712958,-1
0.16139004,-1
0.99999994,1
0.83929193,1
1.0000001,1
0.9345447,1
0.23472776,1
0.09103025,-1
-0.39059472,-1
-0.6288994,-1
-0.19007228,-1
-0.416561,-1
1.0,1
0.003113399,1
0.97867376,1
0.9287491,1
0.14644818,1
-0.1707077,-1
-0.075661436,-1
-0.31792694,-1
-0.14474449,-1
-0.026762351,-1
0.5895108,1
1.0000001,1
1.0000001,1
1.0000001,1
1.0,1
0.72980976,-1
0.66831326,-1
-0.38606218,-1
0.09371901,-1
-0.17144157,-1
1.0000001,1
0.7436582,1
1.0,1
1.0000001,1
1.0000001,1
0.5656902,-1
0.6051038,-1
-0.28526103,-1
-0.2953495,-1
-0.076548174,-1
0.95408356,1
0.9790055,1
1.0000001,1
0.8244676,1
1.0000001,1
0.5506979,-1
-0.3465193,-1
0.8962215,-1
0.25150627,-1
-0.10446397,-1
0.7430325,1
1.0000001,1
1.0,1
0.8511658,1
0.84221643,1
-0.16141976,-1
0.28224257,-1
0.38776085,-1
-0.4630407,-1
0.63158894,-1
1.0,1
1.0000001,1
1.0,1
1.0,1
0.9386464,1
0.23315486,-1
0.2667207,-1
-0.2886998,-1
-0.46988365,-1
-0.23201573,-1
0.93595177,1
1.0,1
0.5184151,1
1.0,1
0.9303179,1
0.52569425,-1
-0.44376543,-1
0.033143662,-1
-0.20620002,-1
0.91446996,-1
1.0,1
1.0,1
1.0000001,1
0.72971874,1
0.87620205,1
-0.06483398,-1
0.11552315,-1
0.7434285,-1
-0.49269897,-1
-0.09327964,-1
0.8725403,1
0.96483576,1
0.8891567,1
1.0,1
1.0,1
-0.2014634,-1
0.093208745,-1
-0.48960432,-1
-0.23653485,-1
0.1031006,-1
1.0,1
1.0000001,1
1.0000001,1
1.0,1
0.824823,1
-0.12499443,-1
-0.33101803,-1
0.9721529,-1
0.5840188,-1
0.067144796,-1
1.0000001,1
1.0000001,1
1.0000001,1
0.6994762,1
1.0,1
-0.39222667,-1
-0.17759058,-1
0.24983583,-1
-0.29027724,-1
0.2694241,-1
1.0,1
1.0000001,1
1.0,1
0.73062795,1
0.95583075,1
-0.2555778,-1
-0.23332871,-1
0.21817558,-1
-0.16840906,-1
-0.5078303,-1
0.9999999,1
1.0,1
0.86666286,1
0.8432557,1
1.0,1
0.6006783,-1
-0.32754278,-1
0.28349918,-1
0.8689012,-1
-0.5182471,-1
0.947807,1
1.0,1
1.0000001,1
1.0000001,1
0.78477734,1
-0.18906312,-1
-0.26826918,-1
-0.47278202,-1
0.414076,-1
0.054251365,-1
0.8311278,1
0.6618435,1
1.0,1
0.9076057,1
0.8990879,1
0.34571955,-1
-0.416339,-1
-0.14076388,-1
-0.079146534,-1
-0.596128,-1
1.0,1
0.72671694,1
0.9999999,1
1.0000001,1
0.37408262,1
-0.19456816,-1
-0.4788539,-1
0.89159,-1
0.17247242,-1
-0.44043267,-1
0.99999994,1
0.9760568,1
1.0000001,1
1.0,1
0.9676905,1
-0.1442712,-1
-0.08236474,-1
0.6715186,-1
-0.18014826,-1
-0.2079002,-1
0.95928586,1
0.9841834,1
0.87115014,1
0.90133566,1
1.0000001,1
-0.6643899,-1
-0.40261155,-1
0.020807192,-1
-0.2550872,-1
0.28218168,-1
0.86378324,1
0.99999994,1
1.0,1
0.9230255,1
0.9799099,1
-0.3595082,-1
0.43855056,-1
0.25965458,-1
-0.19366926,-1
0.9046306,-1
0.9854886,1
0.99750775,1
1.0,1
1.0000001,1
0.8830418,1
0.88485,-1
-0.017739981,-1
-0.2951563,-1
-0.29754692,-1
0.23000816,-1
0.9581817,1
1.0000001,1
0.90944153,1
0.89515114,1
0.8202025,1
0.34919402,-1
-0.19584596,-1
0.7424301,-1
0.18729922,-1
0.468783,-1
0.94630426,1
0.9999999,1
0.955104,1
1.0000001,1
1.0000001,1
-0.06026531,-1
0.53879064,-1
0.5889581,-1
0.6297408,-1
-0.06255482,-1
1.0000001,1
0.99999994,1
0.95346296,1
0.7676194,1
0.90548867,1
-0.12516958,-1
0.8987312,-1
0.46631137,-1
-0.057673745,-1
0.0013647358,-1
0.9560265,1
0.93257064,1
0.99999994,1
0.9550494,1
1.0000001,1
0.008050696,-1
0.014119866,-1
-0.39737654,-1
-0.0011607683,-1
0.39793104,-1
0.73321974,1
0.81576616,1
1.0000001,1
0.96163744,1
0.8171637,1
0.34111387,-1
0.13190348,-1
-0.08711263,-1
0.06574975,-1
-0.6859467,-1
0.90096796,1
1.0,1
0.89883244,1
0.9785033,1
1.0,1
0.9373547,-1
-0.4190068,-1
-0.4490409,-1
0.12056162,-1
-0.19705378,-1
0.90448135,1
0.6567164,1
0.93737507,1
1.0,1
1.0,1
0.6446038,-1
0.04180675,-1
0.3668558,-1
0.5480483,-1
0.3111365,-1
0.893836,1
1.0,1
1.0000001,1
0.91265935,1
0.98084825,1
-0.29226363,-1
-0.11933827,-1
-0.224241,-1
0.15850966,-1
0.718734,-1
0.8654052,1
1.0,1
-0.4396566,1
0.91711825,1
0.9999999,1
0.069883436,-1
0.7882593,-1
0.04085991,-1
-0.051834982,-1
0.39301372,-1
0.826127,1
0.9858419,1
1.0,1
0.98242396,1
0.8965717,1
-0.098526336,-1
0.04343488,-1
0.7131931,-1
-0.70415986,-1
-0.25542396,-1
0.96066844,1
0.61898524,1
1.0,1
0.88059086,1
1.0000001,1
-0.04003811,-1
0.007115598,-1
0.42735305,-1
-0.34669772,-1
0.41186443,-1
1.0000001,1
0.8338661,1
0.9061244,1
1.0,1
1.0,1
0.05075507,-1
-0.34632015,-1
-0.31377733,-1
-0.15507214,-1
0.81171924,-1
0.9711846,1
0.9428758,1
0.021739244,1
1.0000001,1
1.0000001,1
-0.065027304,-1
-0.5622521,-1
-0.24943127,-1
0.8075083,-1
-0.0935669,-1
0.99999994,1
0.8396475,1
0.7416091,1
0.46456057,1
0.5089553,1
-0.4361829,-1
-0.6527474,-1
-0.20801723,-1
0.5373567,-1
-0.436158,-1
0.906421,1
0.9879028,1
1.0,1
1.0000001,1
0.92524135,1
0.14561126,-1
-0.122057036,-1
-0.1789429,-1
-0.2588613,-1
0.7673524,-1
1.0,1
1.0000001,1
0.84754014,1
1.0,1
0.99999994,1
0.036098216,-1
0.31706423,-1
0.7727481,-1
0.3979448,-1
0.34269166,-1
-0.31391302,1
0.98550004,1
1.0,1
0.81495154,1
1.0,1
-0.3044369,-1
-0.50635856,-1
0.7155622,-1
-0.11974053,-1
-0.0013219295,-1
0.97108275,1
1.0000001,1
0.9706551,1
1.0000001,1
1.0,1
-0.22620378,-1
0.32621917,-1
-0.3464591,-1
-0.32897612,-1
0.61550677,-1
0.86864555,1
1.0000002,1
1.0,1
-0.0833428,1
0.9575993,1
-0.18571009,-1
-0.6988071,-1
-0.38412124,-1
0.47958732,-1
-0.06464257,-1
0.9687661,1
1.0000001,1
0.81944054,1
1.0000001,1
1.0000001,1
0.36102974,-1
0.11506212,-1
-0.12228819,-1
-0.25888988,-1
-0.3569603,-1
0.31246117,1
0.8218447,1
-0.045441348,1
0.9999999,1
1.0000001,1
0.2309087,-1
0.41123784,-1
-0.13375896,-1
-0.41308558,-1
0.36849087,-1
0.784503,1
0.98816055,1
0.97481775,1
0.88817614,1
1.0,1
-0.40104434,-1
-0.48838338,-1
0.21834062,-1
0.4695427,-1
0.2640276,-1
0.7907619,1
1.0000001,1
0.71452725,1
0.96725744,1
1.0,1
-0.2774002,-1
0.51932174,-1
0.024780247,-1
-0.5426466,-1
-0.072381236,-1
1.0000001,1
1.0,1
1.0,1
0.7651229,1
1.0000001,1
-0.08629078,-1
0.026623735,-1
-0.41209203,-1
-0.06883916,-1
0.27628174,-1
1.0000001,1
0.82039934,1
1.0,1
1.0,1
1.0,1
-0.43322584,-1
0.5884397,-1
0.062331073,-1
-0.49318254,-1
-0.18315779,-1
0.68052757,1
0.7759207,1
0.45975673,1
1.0,1
0.4748982,1
-0.021404132,-1
0.21871206,-1
0.025869805,-1
-0.3785503,-1
0.17809422,-1
0.87514454,1
0.9999999,1
0.9720658,1
0.46507806,1
0.78635836,1
-0.22179611,-1
-0.5015169,-1
-0.1833364,-1
-0.12809823,-1
-0.10194123,-1
0.9952331,1
0.5471495,1
0.96918535,1
1.0000001,1
0.9214486,1
-0.27216643,-1
-0.32575852,-1
0.58994925,-1
0.072544664,-1
-0.36354545,-1
0.053893164,1
1.0,1
1.0000001,1
1.0,1
0.02843601,1
-0.31397885,-1
-0.57966167,-1
0.965468,-1
0.6959969,-1
-0.10142352,-1
0.84976494,1
0.9346643,1
0.623014,1
0.9402188,1
0.96404064,1
-0.32207787,-1
-0.16268629,-1
-0.27132377,-1
-0.43192765,-1
-0.14930306,-1
0.97431326,1
1.0000001,1
0.8312273,1
1.0,1
0.9418664,1
0.5631186,-1
0.34503633,-1
-0.41835067,-1
0.5061531,-1
0.41365695,-1
0.522138,1
0.81519973,1
1.0,1
0.93317455,1
1.0000001,1
0.46074098,-1
0.3200979,-1
0.28826252,-1
0.08949717,-1
-0.1590913,-1
1.0,1
0.6968075,1
0.99187446,1
1.0,1
0.8887886,1
0.13185553,-1
-0.349953,-1
-0.0051064184,-1
-0.23456661,-1
-0.107023135,-1
1.0000001,1
0.99999994,1
0.69904864,1
1.0,1
1.0,1
0.23476587,-1
-0.0318177,-1
-0.07577501,-1
0.47721362,-1
-0.10500068,-1
1.0,1
1.0000001,1
1.0000001,1
0.99999994,1
0.6571422,1
-0.24953248,-1
-0.28272724,-1
0.48130578,-1
0.8040831,-1
-0.40201518,-1
1.0,1
1.0,1
1.0,1
1.0,1
0.8704304,1
0.3408188,-1
-0.23072162,-1
-0.27293637,-1
-0.2522483,-1
-0.37977386,-1
1.0,1
1.0000001,1
1.0000001,1
0.23276922,1
0.8931147,1
-0.36686832,-1
0.2931638,-1
-0.106777065,-1
-0.199187,-1
0.5311575,-1
1.0000001,1
0.8148367,1
0.99999994,1
-0.029928261,1
1.0000001,1
-0.19019738,-1
-0.36050868,-1
0.11835753,-1
0.64879584,-1
-0.53539926,-1
0.9148278,1
1.0,1
1.0000001,1
1.0,1
1.0,1
-0.12368346,-1
0.3275143,-1
0.52883005,-1
-0.40931937,-1
0.021124432,-1
1.0000001,1
0.92375576,1
1.0,1
1.0,1
-0.07806406,1
0.2760666,-1
-0.16373469,-1
0.042542223,-1
-0.06669312,-1
-0.25738287,-1
0.96963805,1
1.0,1
1.0,1
1.0000001,1
0.9749891,1
-0.62590307,-1
-0.30520222,-1
0.0016743628,-1
-0.39107817,-1
-0.5860981,-1
0.9071862,1
1.0000001,1
0.73402196,1
0.9233507,1
1.0,1
-0.40821835,-1
0.32708025,-1
0.5155369,-1
0.7581935,-1
0.44263655,-1
1.0000001,1
1.0000001,1
1.0000001,1
0.99999994,1
1.0,1
-0.43368122,-1
-0.31898847,-1
-0.294235,-1
0.18869108,-1
-0.5040994,-1
