0.9892826,1
1.0000002,1
0.92763406,1
1.0000001,1
0.9999997,1
0.40370074,-1
0.8360142,-1
-0.24989538,-1
-0.41502684,-1
0.9897355,-1
0.95173115,1
0.95876384,1
0.94374835,1
1.0000001,1
1.0000001,1
-0.07719983,-1
0.34416366,-1
0.5386986,-1
-0.31621715,-1
-0.31621715,-1
0.9930899,1
1.0,1
0.9710765,1
1.0000001,1
0.99016994,1
-0.3169892,-1
-0.3169892,-1
-0.4375738,-1
0.9711381,-1
-0.35377067,-1
0.99031675,1
1.0000002,1
0.14671953,1
0.9222247,1
0.9820159,1
0.07058214,-1
0.376406,-1
0.983749,-1
0.09376713,-1
-0.21931319,-1
1.0,1
0.9903368,1
0.84097844,1
0.9225401,1
0.9886409,1
-0.2406408,-1
-0.29207394,-1
-0.38707498,-1
-0.180836,-1
-0.3868693,-1
1.0000001,1
1.0,1
0.99051756,1
1.0,1
-0.36078689,1
0.101912394,-1
-0.46302927,-1
-0.44991013,-1
-0.3799577,-1
-0.1429349,-1
0.9999999,1
1.0,1
0.77271134,1
0.6140291,1
1.0000001,1
1.0000002,-1
0.17928115,-1
-0.07165069,-1
-0.02377658,-1
-0.040520575,-1
0.9458151,1
0.98791724,1
0.9840293,1
0.98791724,1
0.9905677,1
-0.36477134,-1
-0.43679324,-1
-0.3731639,-1
-0.25028798,-1
0.6738414,-1
0.9905942,1
0.99072504,1
0.92619264,1
0.9999999,1
0.9905942,1
0.2277,-1
-0.4190499,-1
0.07667359,-1
0.9905942,-1
-0.23042475,-1
0.9738851,1
0.9906537,1
1.0000004,1
1.0,1
0.98904496,1
0.99999994,-1
-0.273783,-1
-0.30746245,-1
-0.37180945,-1
-0.0055804737,-1
0.96711314,1
0.94191104,1
1.0000001,1
1.0000001,1
1.0000001,1
-0.43315065,-1
-0.3145232,-1
0.20177875,-1
-0.35289112,-1
-0.44380632,-1
0.99567044,1
1.0,1
1.0,1
0.9905868,1
-0.31645375,1
0.7827873,-1
-0.34634483,-1
-0.16900593,-1
0.98080117,-1
-0.49195558,-1
0.9898676,1
0.9904532,1
0.9904532,1
0.9306012,1
1.0,1
0.11837673,-1
-0.3911093,-1
-0.403259,-1
0.047574963,-1
-0.3297386,-1
0.9030349,1
0.9999999,1
0.71499074,1
0.9856794,1
1.0000001,1
-0.2341954,-1
-0.19904037,-1
0.9903724,-1
-0.21125175,-1
0.13734844,-1
1.0000001,1
0.99030125,1
0.93167377,1
1.0000001,1
0.98167044,1
-0.25614187,-1
0.5894768,-1
-0.33843267,-1
-0.15413447,-1
-0.19251749,-1
0.91407585,1
1.0000001,1
0.99479365,1
0.8484552,1
1.0,1
1.0,-1
0.68454033,-1
0.9902403,-1
0.16086587,-1
0.13396446,-1
1.0,1
0.8059368,1
0.990081,1
0.9999999,1
0.9109924,1
-0.492846,-1
0.89024377,-1
-0.52491975,-1
-0.42927796,-1
-0.43728185,-1
0.99314535,1
0.9172051,1
0.8891599,1
-0.3403793,1
0.9957099,1
-0.4044128,-1
-0.30491626,-1
0.553071,-1
-0.36599854,-1
-0.3087365,-1
1.0000001,1
1.0000002,1
1.0000001,1
0.9999999,1
1.0000001,1
0.7931369,-1
-0.12131826,-1
-0.44976327,-1
-0.4060213,-1
-0.4640164,-1
0.89294934,1
1.0,1
0.9037176,1
0.98031825,1
0.8725115,1
-0.057534933,-1
-0.36487105,-1
0.877146,-1
-0.01757985,-1
-0.013458705,-1
0.99400187,1
0.99999994,1
1.0000001,1
0.98463726,1
0.94012725,1
0.135654,-1
-0.4868646,-1
-0.13093759,-1
-0.38645676,-1
-0.38268527,-1
1.0,1
1.0000001,1
0.9848356,1
0.9135069,1
1.0000001,1
0.025170268,-1
0.059370365,-1
0.13093874,-1
-0.46537003,-1
-0.05290674,-1
1.0000001,1
1.0000001,1
0.68590313,1
0.98047924,1
0.8810947,1
0.51988137,-1
0.8757422,-1
-0.4970052,-1
0.17130436,-1
-0.31938216,-1
0.95754737,1
0.99406105,1
0.893563,1
0.82964844,1
1.0,1
-0.40952128,-1
0.14696717,-1
0.98787206,-1
-0.29083407,-1
-0.19090609,-1
0.9999999,1
0.98468614,1
0.9939863,1
0.909887,1
0.81743187,1
-0.37292483,-1
-0.025320748,-1
0.0847677,-1
0.815862,-1
-0.40094647,-1
0.9639231,1
0.9692588,1
0.92573875,1
0.944399,1
1.0000002,1
-0.28402287,-1
-0.47837135,-1
-0.49247748,-1
-0.2940084,-1
-0.72053534,-1
0.9494025,1
1.0000001,1
0.9173647,1
1.0000001,1
1.0000001,1
-0.3459086,-1
-0.45401773,-1
-0.4430824,-1
-0.50961024,-1
0.69850564,-1
0.9865179,1
0.9939705,1
0.96508384,1
1.0,1
0.9939705,1
0.4988364,-1
-0.19928901,-1
-0.007102153,-1
1.0,-1
-0.40776572,-1
1.0,1
1.0000001,1
1.0000001,1
0.9866313,1
1.0,1
0.1307147,-1
0.15481037,-1
0.07661084,-1
0.038833503,-1
0.08650316,-1
1.0,1
0.44697124,1
0.9679834,1
0.92113286,1
1.0,1
0.2357068,-1
-0.31872573,-1
-0.2927802,-1
0.0033955493,-1
0.8164195,-1
1.0,1
0.8916597,1
0.99999994,1
0.9939334,1
1.0000002,1
-0.6312357,-1
-0.41825712,-1
-0.32692277,-1
-0.45933807,-1
0.98686373,-1
0.7510782,1
0.98709255,1
0.9046123,1
0.9378566,1
0.97403437,1
0.1376895,-1
-0.4610771,-1
0.40757853,-1
-0.27893472,-1
-0.05289438,-1
1.0,1
0.99999994,1
0.676718,1
0.89376944,1
0.9933208,1
-0.1298452,-1
0.52585226,-1
-0.5903411,-1
-0.2786069,-1
0.071650796,-1
0.88497734,1
0.9576913,1
1.0000001,1
0.63550407,1
1.0000001,1
-0.024139438,-1
-0.13966568,-1
-0.2642693,-1
0.10997225,-1
0.79704255,-1
1.0,1
1.0000001,1
0.9708103,1
0.9999999,1
0.9498683,1
0.9999998,-1
-0.40857652,-1
0.8398916,-1
-0.07748932,-1
-0.42857105,-1
0.9999999,1
0.88432163,1
0.98678607,1
1.0000001,1
0.9831556,1
0.41490272,-1
-0.4831653,-1
-0.28340176,-1
-0.2834018,-1
0.8744448,-1
1.0000002,1
0.78958607,1
0.94036084,1
1.0000002,1
1.0000002,1
-0.44218835,-1
0.49357846,-1
0.0406664,-1
1.0000001,-1
0.022043608,-1
0.9449278,1
0.88572466,1
0.9999999,1
0.98755795,1
1.0000002,1
0.06131451,-1
0.10023512,-1
-0.56710577,-1
-0.08721447,-1
0.34577632,-1
1.0,1
1.0,1
0.9808333,1
0.9107458,1
0.95518565,1
0.19221541,-1
0.98370105,-1
0.8818546,-1
0.94311243,-1
-0.54258835,-1
0.9199052,1
0.9704566,1
0.976088,1
0.9999999,1
0.82051843,1
-0.42180666,-1
-0.19859342,-1
0.98741007,-1
-0.48386946,-1
-0.07177449,-1
0.97597647,1
0.99999994,1
1.0000001,1
1.0000001,1
1.0000001,1
0.120930955,-1
0.025396338,-1
0.9999998,-1
-0.1989898,-1
0.98737997,-1
0.9480937,1
1.0000002,1
1.0,1
0.99084675,1
0.9929988,1
-0.37324786,-1
-0.28996858,-1
0.056906074,-1
-0.668428,-1
0.7027359,-1
0.97612953,1
0.8377422,1
0.98813015,1
1.0,1
0.98813015,1
0.6206266,-1
0.91339916,-1
-0.016902398,-1
-0.30167845,-1
0.99999994,-1
0.92528427,1
0.98856646,1
0.99582934,1
0.96363825,1
0.9999999,1
-0.3539404,-1
0.37455782,-1
0.089395985,-1
-0.29176375,-1
0.52572143,-1
0.9731602,1
1.0,1
0.8716879,1
0.9889766,1
0.9999999,1
0.78841656,-1
0.9889766,-1
-0.29025617,-1
0.2272531,-1
-0.5103738,-1
0.9999999,1
1.0,1
0.98942065,1
0.9845338,1
0.955011,1
-0.5591333,-1
-0.30937484,-1
-0.2304591,-1
0.74163264,-1
-0.21498287,-1
0.9774207,1
0.7365888,1
0.8762366,1
1.0000001,1
0.9415155,1
-0.42320332,-1
-0.10905482,-1
-0.33760768,-1
-0.08721046,-1
-0.10842606,-1
0.99010056,1
0.9897775,1
0.95860636,1
1.0,1
0.99010056,1
0.99921143,-1
0.0135724535,-1
-0.2028049,-1
0.8133989,-1
0.28772724,-1
0.9999999,1
0.90659446,1
0.9902481,1
0.9902481,1
1.0000002,1
-0.36451438,-1
0.099985816,-1
-0.26691636,-1
-0.31512937,-1
-0.4331073,-1
0.9795157,1
1.0,1
0.9467655,1
0.9663939,1
0.9802988,1
1.0,-1
0.874454,-1
-0.29188547,-1
-0.25539625,-1
-0.28711382,-1
0.9453922,1
0.9786316,1
1.0,1
0.9786316,1
0.83342975,1
0.62121665,-1
0.21971965,-1
1.0000001,-1
-0.20719746,-1
-0.24919564,-1
0.84452647,1
1.0000001,1
1.0000001,1
1.0000002,1
1.0,1
-0.12022182,-1
1.0,-1
0.04267137,-1
0.2343343,-1
-0.6544786,-1
0.98971343,1
0.99108213,1
0.99108213,1
0.9091525,1
1.0000001,1
0.041083314,-1
0.97301346,-1
-0.30711466,-1
-0.16750981,-1
-0.4335313,-1
0.48986223,1
0.9827949,1
0.90865296,1
0.9485225,1
0.98445463,1
-0.28828463,-1
-0.48176,-1
-0.58686364,-1
0.764373,-1
-0.28828463,-1
0.985656,1
0.89632344,1
1.0000001,1
0.8671777,1
1.0,1
-0.42747632,-1
-0.39812157,-1
0.25772512,-1
-0.009213604,-1
-0.27282715,-1
1.0000001,1
0.9909252,1
0.9999998,1
0.9280948,1
0.843846,1
-0.27334788,-1
0.1264491,-1
0.89134216,-1
-0.573439,-1
0.86617434,-1
0.8555209,1
0.92828995,1
0.89084136,1
0.94332385,1
0.9999999,1
0.5231486,-1
-0.28713468,-1
0.68920565,-1
-0.44110394,-1
-0.22974962,-1
0.99437404,1
0.757338,1
0.40737358,1
0.97848177,1
0.9999999,1
-0.36968827,-1
-0.24907567,-1
0.09956209,-1
-0.05059662,-1
0.9906795,-1
0.9817201,1
0.87188685,1
0.96914744,1
1.0000004,1
1.0000001,1
-0.28424767,-1
0.80076796,-1
-0.15523063,-1
-0.31765345,-1
-0.3715397,-1
0.9999999,1
1.0,1
1.0000002,1
0.96806365,1
0.97057927,1
-0.42659968,-1
-0.12734249,-1
-0.380173,-1
-0.064154476,-1
-0.47859317,-1
0.3478437,1
0.9904034,1
0.9717973,1
0.97976184,1
0.97976184,1
-0.283466,-1
-0.29902568,-1
0.12656242,-1
-0.21048483,-1
-0.40903503,-1
0.99999994,1
1.0,1
1.0000002,1
0.874072,1
0.9999999,1
0.8833944,-1
0.12469229,-1
-0.08614824,-1
0.5448115,-1
-0.42019895,-1
1.0000001,1
1.0000001,1
1.0000001,1
1.0,1
0.9856315,1
-0.053879835,-1
-0.2833317,-1
0.7519788,-1
-0.31827068,-1
-0.60541105,-1
0.99633396,1
1.0000001,1
0.86785936,1
0.9500413,1
0.95517856,1
-0.5141757,-1
-0.41915894,-1
-0.35017452,-1
0.74036276,-1
-0.43881822,-1
1.0000001,1
0.96678287,1
0.5450363,1
0.9678837,1
0.9862476,1
-0.12892969,-1
-0.04440908,-1
-0.34488276,-1
-0.11663284,-1
-0.17490217,-1
0.97454774,1
1.0000001,1
0.7960229,1
0.539195,1
1.0000001,1
-0.112837106,-1
-0.052921593,-1
-0.28103763,-1
-0.30864424,-1
-0.16458572,-1
0.9999999,1
0.9999999,1
0.9798676,1
0.98972064,1
0.8968945,1
-0.05813301,-1
-0.3478044,-1
-0.1130868,-1
-0.24228574,-1
-0.28030083,-1
0.98963314,1
0.99999976,1
0.891399,1
0.9999998,1
0.9879547,1
-0.41345394,-1
-0.123126306,-1
-0.44407573,-1
-0.22678104,-1
0.94476706,-1
0.9581826,1
0.9058331,1
0.99999994,1
0.9942555,1
0.8547102,1
-0.28401166,-1
-0.10645384,-1
-0.27836177,-1
-0.33517182,-1
-0.27836177,-1
0.87675333,1
1.0000001,1
0.93126404,1
0.8999284,1
0.96733785,1
0.83007467,-1
0.09385638,-1
-0.12185855,-1
0.9893664,-1
-0.20645422,-1
0.9706207,1
0.98915935,1
1.0000001,1
0.86935246,1
0.79626286,1
-0.27684718,-1
-0.34060395,-1
-0.19280364,-1
-0.023289418,-1
-0.4356508,-1
0.9828359,1
0.9889832,1
0.95384973,1
0.9341292,1
0.9999999,1
0.16676763,-1
-0.25329015,-1
0.9889832,-1
-0.59166735,-1
0.98898315,-1
0.94575393,1
0.6571876,1
0.9684618,1
0.9999999,1
0.98896587,1
0.93063146,-1
-0.039132755,-1
-0.492797,-1
-0.36902204,-1
-0.33177105,-1
0.99999994,1
0.96026534,1
0.97127646,1
0.9868036,1
0.6302925,1
0.12847249,-1
0.6651324,-1
-0.5049868,-1
-0.27462173,-1
-0.27462173,-1
1.0,1
0.92007804,1
0.8476311,1
0.97244763,1
0.9313494,1
-0.21278013,-1
0.47585052,-1
-0.31890863,-1
0.6900843,-1
-0.1766162,-1
1.0000001,1
1.0,1
0.9106461,1
0.59615177,1
0.457376,1
-0.568105,-1
-0.43532285,-1
-0.34769884,-1
-0.41726464,-1
-0.28943345,-1
0.9891129,1
0.9857585,1
0.9218266,1
0.9891129,1
1.0000002,1
0.17839402,-1
0.9891129,-1
-0.3795352,-1
-0.34654486,-1
-0.323891,-1
0.99999994,1
1.0000001,1
0.98920727,1
-0.12643771,1
0.99999994,1
-0.43594658,-1
-0.24982326,-1
-0.30414772,-1
-0.14227581,-1
0.80915195,-1
0.98926413,1
0.9354299,1
0.98041385,1
0.9692898,1
0.9999999,1
0.514064,-1
0.5559148,-1
0.9672182,-1
0.95204616,-1
1.0000001,-1
0.8850163,1
0.9199426,1
0.9040639,1
1.0000001,1
0.98925894,1
0.9706012,-1
-0.19405496,-1
-0.17936017,-1
-0.040569656,-1
-0.46700585,-1
0.9722841,1
1.0,1
0.9645413,1
0.9281466,1
0.91869986,1
-0.3975558,-1
-0.22107357,-1
-0.20478755,-1
-0.45715767,-1
-0.16805029,-1
1.0000002,1
0.9807173,1
1.0000001,1
0.9101132,1
0.5362718,1
-0.10377382,-1
-0.0838595,-1
-0.12098075,-1
0.99924904,-1
-0.4276686,-1
0.98981583,1
0.9661299,1
1.0000001,1
0.9538312,1
0.9495371,1
0.27014384,-1
-0.03032238,-1
0.41419232,-1
-0.41161633,-1
-0.30487224,-1
1.0,1
0.9882612,1
0.92844397,1
0.99010503,1
0.9999999,1
-0.28229657,-1
0.40399858,-1
-0.06276449,-1
-0.14710146,-1
-0.2663441,-1
0.9999999,1
1.0000001,1
1.0,1
1.0,1
0.98384523,1
-0.38128176,-1
-0.10885071,-1
0.082667254,-1
0.05178773,-1
-0.30651855,-1
0.91869736,1
0.88810194,1
0.99999994,1
0.990389,1
0.990389,1
-0.21913798,-1
-0.13493532,-1
-0.34820545,-1
-0.1939429,-1
-0.2218454,-1
0.99999994,1
0.99999994,1
0.99999994,1
0.9561032,1
0.9302063,1
-0.38932106,-1
-0.51022744,-1
-0.5034087,-1
0.22850604,-1
0.13901074,-1
0.9084037,1
1.0000001,1
0.99073285,1
0.98142654,1
0.9999999,1
-0.4525476,-1
-0.37294018,-1
-0.29248402,-1
-0.27360597,-1
0.12953492,-1
0.98888814,1
0.9847665,1
-0.34749353,1
1.0000001,1
0.9854614,1
0.83317506,-1
-0.12723999,-1
0.9472848,-1
0.91494244,-1
-0.5047267,-1
0.14823826,1
1.0,1
1.0000002,1
0.9422119,1
0.9826474,1
-0.12491416,-1
0.11057212,-1
-0.23671547,-1
-0.30202696,-1
0.2817814,-1
0.88667727,1
1.0000001,1
1.0000001,1
1.0,1
0.9912971,1
-0.07880629,-1
-0.44661832,-1
-0.6885277,-1
0.5590827,-1
-0.034563012,-1
0.86646813,1
0.9835136,1
0.9451328,1
0.98641294,1
0.98641294,1
0.2082686,-1
0.5805527,-1
-0.34184644,-1
0.94533306,-1
-0.38471287,-1
1.0000001,1
1.0,1
1.0000002,1
0.96895564,1
1.0000001,1
-0.057942808,-1
-0.38835514,-1
-0.35816118,-1
-0.32709935,-1
0.9970397,-1
0.9395571,1
0.9407097,1
0.90840364,1
0.99999994,1
1.0,1
-0.4660882,-1
0.033157367,-1
-0.4230584,-1
-0.36690557,-1
0.9858651,-1
1.0000002,1
1.0000001,1
0.8526286,1
0.99999976,1
1.0,1
0.018692777,-1
0.7685594,-1
0.7685622,-1
-0.41052303,-1
-0.5174895,-1
0.9999998,1
1.0000001,1
0.72643244,1
0.89367884,1
1.0000001,1
-0.025296949,-1
0.032600004,-1
-0.0068870177,-1
0.17627051,-1
-0.1894403,-1
0.99099076,1
0.9903152,1
1.0000002,1
1.0,1
0.99099076,1
0.40843052,-1
0.79974496,-1
-0.34544823,-1
-0.507031,-1
-0.076799855,-1
0.9945189,1
0.9223442,1
0.9702857,1
0.8550664,1
0.7569346,1
-0.25159237,-1
-0.47258577,-1
-0.12896724,-1
0.95891815,-1
0.03185787,-1
0.90352833,1
0.99999994,1
0.85982955,1
1.0,1
0.9626461,1
-0.32419637,-1
0.5670045,-1
-0.568075,-1
-0.12441672,-1
-0.025524335,-1
1.0,1
0.97051173,1
1.0000001,1
0.85503036,1
1.0000001,1
0.11218352,-1
-0.45293584,-1
-0.35521692,-1
0.66955304,-1
-0.09889637,-1
0.9980296,1
0.79939,1
0.87078136,1
0.8687877,1
0.98140776,1
0.0052456064,-1
0.9222731,-1
-0.4090799,-1
-0.39567453,-1
0.33460543,-1
1.0,1
0.99286014,1
0.99999994,1
1.0000001,1
0.9157933,1
0.62994236,-1
-0.49230894,-1
-0.08546266,-1
-0.09533653,-1
-0.472557,-1
1.0000001,1
0.9999998,1
0.9929083,1
1.0000001,1
1.0000002,1
0.07077913,-1
-0.36483034,-1
0.7729988,-1
0.93529475,-1
0.83240217,-1
1.0000002,1
0.9087942,1
1.0000002,1
0.99999994,1
0.99999994,1
-0.07236352,-1
-0.50188655,-1
0.5621112,-1
-0.576749,-1
0.8845357,-1
0.99999994,1
0.9559873,1
0.67158955,1
0.98435235,1
1.0000001,1
0.9541358,-1
-0.31590545,-1
0.98812443,-1
-0.0012566044,-1
-0.1340097,-1
0.93215716,1
1.0000001,1
1.0000002,1
0.99999994,1
0.9566489,1
0.30584344,-1
0.9579728,-1
0.95475864,-1
0.99999994,-1
0.9064465,-1
0.69237494,1
1.0,1
0.9623404,1
0.968488,1
0.9576469,1
-0.28838608,-1
-0.15578671,-1
0.0126072345,-1
-0.23699968,-1
-0.27830878,-1
0.98512644,1
0.8688166,1
1.0,1
0.9592377,1
0.9073983,1
-0.470873,-1
-0.43069705,-1
-0.4489687,-1
0.2529419,-1
-0.3671496,-1
0.49132973,1
1.0000001,1
1.0000001,1
1.0,1
0.97669715,1
-0.013602599,-1
-0.18778706,-1
0.7751914,-1
0.14460406,-1
0.87106496,-1
0.99999976,1
1.0000002,1
1.0000002,1
0.9771762,1
1.0000002,1
0.1016982,-1
-0.29040948,-1
-0.2797211,-1
1.0,-1
0.9810453,-1
0.9099099,1
0.9901629,1
1.0,1
0.83163553,1
0.9836477,1
-0.22662763,-1
-0.58261824,-1
0.08216145,-1
-0.16732475,-1
-0.4755884,-1
1.0,1
0.85402054,1
0.97635627,1
1.0000004,1
0.95399266,1
-0.36831307,-1
-0.20426606,-1
-0.51013345,-1
0.58040494,-1
-0.23860522,-1
0.9875194,1
0.89294815,1
0.7920425,1
0.9999998,1
0.94435525,1
-0.2670938,-1
0.07192608,-1
0.50867796,-1
-0.19307838,-1
-0.02255613,-1
0.99779934,1
0.97911876,1
0.99999994,1
1.0,1
1.0,1
0.11205723,-1
-0.02564631,-1
-0.5641753,-1
-0.43739212,-1
-0.487218,-1
0.964047,1
0.95990884,1
1.0,1
0.9784169,1
0.5293681,1
0.13376512,-1
0.24735084,-1
-0.4102399,-1
0.98981935,-1
-0.22192974,-1
0.9850256,1
1.0,1
0.97164863,1
0.9999999,1
0.7658841,1
0.7816612,-1
-0.16837806,-1
0.78355044,-1
-0.28475305,-1
-0.33988625,-1
1.0,1
0.9999999,1
0.9999999,1
1.0,1
1.0000001,1
-0.16855308,-1
0.0009333762,-1
0.9273922,-1
-0.3101337,-1
-0.32720104,-1
0.9635155,1
0.977805,1
0.98023856,1
0.97880095,1
0.9894581,1
-0.48656648,-1
-0.3442596,-1
-0.41822207,-1
-0.315182,-1
-0.42227048,-1
0.9999999,1
0.87202674,1
0.99999994,1
0.99999994,1
0.99999976,1
-0.4870985,-1
0.42703375,-1
0.06067631,-1
-0.3424063,-1
-0.21308075,-1
0.88424295,1
1.0000001,1
0.9925078,1
-0.30977365,1
0.84547347,1
-0.30977365,-1
0.07273757,-1
-0.5464743,-1
-0.24630347,-1
0.008561814,-1
1.0,1
0.8834446,1
0.9951188,1
1.0,1
1.0,1
-0.0506184,-1
-0.12874746,-1
-0.20706153,-1
0.13663995,-1
-0.012599747,-1
1.0000001,1
0.55309695,1
0.9886878,1
0.99179566,1
0.9999999,1
-0.10641663,-1
-0.23330277,-1
-0.1898765,-1
0.008378722,-1
-0.41942513,-1
0.95779306,1
1.0000002,1
0.16061127,1
0.9999998,1
1.0,1
0.81782573,-1
0.9695104,-1
0.0014451072,-1
-0.55026644,-1
-0.33610946,-1
1.0,1
0.99999994,1
0.9775171,1
0.9956024,1
0.98415875,1
0.9785362,-1
-0.11185154,-1
-0.32008594,-1
-0.5665703,-1
0.9822762,-1
0.87496173,1
0.9953982,1
0.76610655,1
0.98720366,1
1.0,1
-0.42691806,-1
-0.41666707,-1
-0.27138686,-1
-0.058667015,-1
0.0155348545,-1
0.9999999,1
0.82561004,1
0.98196983,1
0.9862833,1
0.9999999,1
-0.46109858,-1
-0.108126685,-1
0.79569465,-1
0.9772284,-1
0.36578354,-1
0.99999994,1
0.171842,1
0.9828062,1
0.95415765,1
1.0,1
0.802197,-1
-0.009154279,-1
-0.013219061,-1
0.9859377,-1
-0.10575838,-1
1.0000001,1
0.9832744,1
1.0,1
1.0,1
0.91705006,1
0.3487053,-1
-0.30969882,-1
-0.3044478,-1
0.94813406,-1
-0.10628197,-1
1.0,1
0.97506595,1
1.0000001,1
0.9999999,1
1.0,1
-0.11159325,-1
-0.51407725,-1
-0.2370015,-1
-0.37429821,-1
-0.10981293,-1
0.99878013,1
0.9999999,1
0.95094085,1
0.9707786,1
1.0000002,1
0.041617647,-1
-0.46446672,-1
0.79218936,-1
-0.20621178,-1
-0.5682759,-1
0.98755234,1
0.6688761,1
0.98755234,1
1.0000001,1
0.97117317,1
-0.29775164,-1
-0.1870453,-1
-0.052886065,-1
-0.14261699,-1
-0.044738106,-1
0.8932379,1
0.9999999,1
0.9845643,1
1.0000001,1
0.98048615,1
0.005705477,-1
-0.23598911,-1
-0.26575473,-1
0.99379057,-1
-0.05094101,-1
0.97499686,1
0.9227098,1
0.96383494,1
0.9999999,1
0.9741612,1
0.766492,-1
0.07446193,-1
-0.36183518,-1
-0.37677807,-1
-0.23389976,-1
0.95202786,1
1.0,1
0.97403824,1
1.0,1
1.0000001,1
-0.5641074,-1
-0.34128964,-1
0.17195842,-1
-0.22659247,-1
0.9878812,-1
0.8842035,1
0.9742018,1
0.9865283,1
0.96837866,1
1.0000002,1
0.87335896,-1
-0.38808602,-1
1.0,-1
-0.5039964,-1
-0.052285604,-1
0.8529843,1
0.9600477,1
1.0,1
0.9477132,1
0.974191,1
0.068545945,-1
0.9726601,-1
0.4460138,-1
-0.5272638,-1
0.21612512,-1
1.0000002,1
0.943839,1
1.0,1
0.9858914,1
0.9858914,1
-0.33324316,-1
-0.23461166,-1
0.9628515,-1
0.40177584,-1
-0.3406011,-1
0.9094613,1
0.98902667,1
0.9999999,1
0.85352147,1
1.0,1
-0.23529525,-1
-0.22579148,-1
-0.23093249,-1
0.4772265,-1
-0.22579151,-1
0.9889781,1
0.9500095,1
0.99999994,1
0.9810013,1
0.33067927,1
-0.2676636,-1
0.19074112,-1
0.9750486,-1
-0.46778286,-1
-0.29453346,-1
0.9870265,1
0.9999999,1
0.9999999,1
0.82897836,1
0.8575274,1
0.06402665,-1
-0.1797662,-1
0.016371572,-1
-0.12446806,-1
-0.43669823,-1
0.9888958,1
1.0000001,1
0.8545515,1
0.5131129,1
0.9925982,1
-0.32807857,-1
0.26371166,-1
0.08244013,-1
-0.22676048,-1
0.69974685,-1
0.9873549,1
1.0,1
0.91428334,1
1.0000004,1
0.9057178,1
-0.6031808,-1
0.8295002,-1
-0.52923316,-1
-0.34126908,-1
-0.46541134,-1
1.0,1
1.0000002,1
1.0000002,1
0.982874,1
1.0000001,1
-0.011412526,-1
0.6282417,-1
0.9741662,-1
0.571889,-1
-0.46218222,-1
0.89106876,1
0.7760312,1
0.99999994,1
0.4373642,1
0.9939408,1
-0.22899203,-1
0.17058824,-1
0.23560959,-1
-0.24254085,-1
-0.11381561,-1
1.0000001,1
0.9820703,1
0.9215407,1
0.82779205,1
0.93025815,1
-0.31423628,-1
0.2666143,-1
-0.43258741,-1
0.9999999,-1
0.31009474,-1
1.0000001,1
1.0000001,1
0.9467492,1
0.9400301,1
0.9739227,1
-0.10293662,-1
0.11551802,-1
-0.18798517,-1
0.43489265,-1
-0.4837632,-1
0.8482901,1
0.9956564,1
0.9853166,1
0.8977065,1
0.97285384,1
-0.17050306,-1
0.97285384,-1
-0.37225828,-1
0.7857118,-1
0.10379027,-1
1.0000001,1
0.7442478,1
0.8543667,1
0.99386734,1
1.0000001,1
-0.33658183,-1
-0.07321862,-1
0.9588532,-1
0.7266865,-1
-0.0783975,-1
0.9711043,1
1.0000001,1
1.0,1
1.0,1
1.0,1
0.8632757,-1
0.17305598,-1
-0.08159516,-1
-0.32667735,-1
0.83584565,-1
0.98784584,1
0.9716072,1
1.0,1
0.98582006,1
0.927668,1
0.478405,-1
-0.32448882,-1
0.0338347,-1
0.9878457,-1
0.86259514,-1
0.9931352,1
1.0,1
0.9807013,1
1.0000001,1
0.94695914,1
0.17122507,-1
-0.24599403,-1
0.9726784,-1
-0.16317075,-1
-0.093678676,-1
0.976394,1
1.0,1
0.9930642,1
0.9509926,1
0.9965902,1
0.031533197,-1
-0.18865438,-1
0.9578705,-1
-0.13102382,-1
0.677392,-1
0.9770368,1
1.0000001,1
1.0000001,1
0.97304803,1
0.9203961,1
-0.31095436,-1
-0.30705023,-1
0.9993804,-1
-0.3402509,-1
-0.27488288,-1
0.97066337,1
0.80921936,1
0.95955914,1
0.9917064,1
0.97995114,1
-0.013286764,-1
-0.33423233,-1
-0.2673879,-1
-0.47502795,-1
0.03952428,-1
0.9093739,1
1.0,1
0.99999994,1
0.41140127,1
0.9519364,1
-0.27552518,-1
-0.51581836,-1
-0.36462167,-1
0.05998828,-1
-0.34165254,-1
1.0,1
0.79196143,1
1.0,1
0.77360773,1
1.0,1
-0.4392752,-1
0.9489608,-1
-0.17394386,-1
0.1465518,-1
1.0,-1
0.88033175,1
0.9560479,1
0.9661402,1
0.9933968,1
0.9700674,1
0.28459385,-1
0.9464493,-1
-0.22269087,-1
-0.27692604,-1
0.9948971,-1
0.93049484,1
1.0000002,1
0.88313794,1
0.916006,1
0.88023955,1
-0.42177162,-1
-0.4205043,-1
0.98285246,-1
0.20364411,-1
-0.31183302,-1
1.0,1
0.9130847,1
0.97061104,1
0.93654984,1
0.9761061,1
-0.055604834,-1
-0.48646787,-1
-0.42584303,-1
-0.6350799,-1
0.1234894,-1
0.9830167,1
0.9820343,1
0.8804585,1
1.0,1
0.9830167,1
-0.25401577,-1
0.83693486,-1
-0.23362276,-1
-0.46169955,-1
-0.4018491,-1
0.98304105,1
1.0000001,1
0.95567125,1
1.0000004,1
0.82442486,1
0.044902127,-1
0.96830887,-1
0.82500094,-1
-0.10836242,-1
0.9683088,-1
-0.35626015,1
0.96593714,1
0.99978715,1
0.9826349,1
0.9943713,1
-0.4127293,-1
-0.35466483,-1
0.7895537,-1
-0.010935632,-1
-0.541601,-1
0.9999999,1
0.97878385,1
1.0000001,1
0.9999998,1
0.9268423,1
-0.32664043,-1
-0.13701929,-1
0.20574297,-1
-0.35960633,-1
0.72051394,-1
0.9999999,1
0.728357,1
0.8150759,1
0.99999994,1
0.9828766,1
-0.31222868,-1
0.97902757,-1
-0.19042069,-1
0.46311343,-1
-0.039706722,-1
0.45982018,1
0.8958206,1
0.90869933,1
0.79306495,1
0.994585,1
-0.027324602,-1
0.17974268,-1
-0.45204377,-1
0.8951586,-1
0.1476812,-1
0.98669076,1
0.9999999,1
0.98669076,1
0.9852072,1
0.8590914,1
-0.3566638,-1
-0.2301798,-1
0.98894125,-1
0.07598349,-1
-0.19347979,-1
0.9999999,1
1.0000001,1
1.0,1
0.98662186,1
0.9850515,1
0.29556635,-1
-0.48255256,-1
0.11730964,-1
-0.66185987,-1
0.17136902,-1
0.9655732,1
0.99440867,1
1.0000001,1
0.9864902,1
1.0000001,1
-0.42430732,-1
-0.25045672,-1
0.9893161,-1
-0.26297808,-1
0.9891431,-1
0.7969759,1
0.9916988,1
0.7683519,1
0.9943747,1
1.0,1
-0.26387566,-1
-0.1697651,-1
0.11610838,-1
0.09059514,-1
0.87240916,-1
1.0000001,1
1.0,1
0.93003976,1
0.8913051,1
0.95735025,1
-0.27940133,-1
0.06809509,-1
-0.047107346,-1
-0.23673163,-1
-0.04606927,-1
0.9680499,1
0.9949103,1
0.99999994,1
0.74270475,1
0.98819774,1
-0.22942355,-1
-0.37344053,-1
-0.15542184,-1
0.99999994,-1
-0.121799454,-1
0.8386268,1
1.0000001,1
0.94820446,1
1.0,1
0.8377519,1
-0.49604607,-1
0.49758542,-1
-0.35678324,-1
-0.04344591,-1
0.9879997,-1
0.9879952,1
1.0,1
0.9794358,1
0.8927435,1
0.23889197,1
-0.34970087,-1
0.9527353,-1
1.0,-1
-0.30338004,-1
-0.018049777,-1
0.9841285,1
1.0000002,1
0.9924886,1
0.9646305,1
0.9247106,1
-0.109360926,-1
0.2199455,-1
-0.1932011,-1
-0.35141417,-1
-0.19814187,-1
0.9007673,1
-0.35373294,1
1.0,1
0.9843216,1
1.0,1
0.9891934,-1
-0.15227494,-1
0.0052678976,-1
-0.31098655,-1
0.61909884,-1
0.99567413,1
0.9797607,1
0.9999999,1
0.94046503,1
0.7851471,1
-0.2694683,-1
-0.39168227,-1
-0.5138837,-1
0.8698651,-1
-0.20398355,-1
1.0,1
1.0000001,1
1.0000001,1
0.99999994,1
0.98798615,1
-0.34609038,-1
0.859008,-1
0.98911667,-1
0.020011315,-1
-0.45754912,-1
0.97211266,1
1.0000001,1
0.97154194,1
0.98914987,1
0.841048,1
0.98914987,-1
-0.4726759,-1
-0.028161407,-1
0.99999994,-1
-0.43584195,-1
0.9377321,1
1.0000001,1
1.0,1
1.0,1
1.0,1
0.6198561,-1
-0.4218974,-1
0.94692445,-1
-0.18155204,-1
-0.48467147,-1
0.9893748,1
0.99698746,1
1.0000001,1
0.97107464,1
0.9302229,1
-0.13149455,-1
-0.12121191,-1
-0.21579103,-1
0.9217137,-1
0.2813683,-1
0.98542374,1
0.98542374,1
0.9897568,1
0.26852578,1
0.92858076,1
0.5380559,-1
0.98388976,-1
-0.27947083,-1
-0.5595734,-1
-0.31965414,-1
0.97612375,1
0.9897252,1
1.0000001,1
0.9663123,1
0.96004677,1
0.1301895,-1
0.029981317,-1
0.11794679,-1
0.1252362,-1
-0.23588376,-1
0.98997223,1
0.6154116,1
0.98997223,1
1.0,1
0.6782284,1
-0.19314395,-1
-0.5211938,-1
-0.272658,-1
0.9899721,-1
-0.28257155,-1
0.89554673,1
0.94038963,1
0.9874917,1
0.99444157,1
1.0000001,1
0.99219406,-1
0.029452842,-1
0.9999998,-1
-0.28296372,-1
0.20547245,-1
0.99060655,1
0.99060655,1
1.0000001,1
0.9354852,1
0.9029999,1
-0.31094992,-1
-0.34058064,-1
-0.13578507,-1
-0.28349608,-1
-0.5538442,-1
0.99093676,1
0.962251,1
0.98637533,1
0.9613398,1
0.99999994,1
-0.31482944,-1
-0.38364604,-1
0.99093676,-1
-0.23390357,-1
-0.12433333,-1
1.0,1
0.9246751,1
0.9424632,1
0.9810929,1
0.86259806,1
-0.40912905,-1
0.12519038,-1
0.023099273,-1
-0.3872122,-1
-0.28710368,-1
1.0,1
0.9984627,1
0.8038683,1
1.0,1
0.99999994,1
-0.05909098,-1
-0.28545165,-1
-0.36784607,-1
-0.18654905,-1
0.24217564,-1
0.98730224,1
0.9857333,1
0.9916176,1
0.9546032,1
0.66116846,1
0.23962447,-1
0.703343,-1
0.20627138,-1
0.022005994,-1
-0.31172046,-1
0.9211297,1
0.82352567,1
0.9917376,1
0.9699703,1
0.9855589,1
-0.2863914,-1
0.19756432,-1
0.17652798,-1
-0.29014325,-1
0.47158524,-1
0.99186534,1
0.9831233,1
1.0000001,1
0.9953035,1
0.98775434,1
0.25689858,-1
-0.45336726,-1
0.76845413,-1
-0.24297115,-1
0.07115477,-1
0.8719331,1
1.0,1
0.8862001,1
0.99196005,1
0.9935041,1
0.49430686,-1
0.06873716,-1
-0.2886968,-1
0.7561792,-1
-0.3276287,-1
0.9999999,1
0.99999994,1
0.725891,1
0.9025879,1
1.0000001,1
0.30440632,-1
0.31860268,-1
-0.13106982,-1
-0.32070586,-1
0.8788117,-1
0.9946011,1
1.0,1
0.893398,1
0.92192566,1
0.9999999,1
-0.28935763,-1
-0.5136813,-1
-0.43367606,-1
-0.37294823,-1
-0.16917789,-1
0.66220444,1
0.7423943,1
1.0000002,1
0.992298,1
0.9868395,1
-0.28929028,-1
0.06662334,-1
0.99999994,-1
0.22189397,-1
-0.42292568,-1
0.9922479,1
0.9999999,1
0.9660535,1
0.92044336,1
0.9311023,1
0.08304486,-1
0.07215836,-1
-0.4211815,-1
-0.23958474,-1
0.99999994,-1
1.0000001,1
0.9469162,1
0.9045026,1
1.0000001,1
0.65810245,1
-0.23067482,-1
0.9921565,-1
0.07314627,-1
-0.19032899,-1
0.23031947,-1
0.98138607,1
1.0,1
1.0,1
0.99195546,1
0.925295,1
-0.18868957,-1
0.63734245,-1
0.2610384,-1
0.12307746,-1
0.7306681,-1
0.8376671,1
1.0000002,1
0.9504879,1
0.9901767,1
0.9855178,1
-0.29407597,-1
-0.28741115,-1
-0.35209334,-1
0.9916936,-1
0.73858315,-1
0.99999994,1
0.85579437,1
1.0,1
0.96924263,1
0.9487545,1
-0.13194618,-1
0.8980903,-1
-0.4932055,-1
-0.266779,-1
-0.24749744,-1
0.99117124,1
0.66602886,1
0.9999999,1
0.9999998,1
0.9801653,1
-0.33988035,-1
-0.27012855,-1
-0.2621675,-1
0.40797392,-1
1.0,-1
0.52426666,1
0.9860974,1
1.0,1
0.49961907,1
0.9318293,1
-0.40930346,-1
-0.1485884,-1
-0.2826545,-1
-0.3254738,-1
0.079151236,-1
1.0000001,1
0.9976202,1
0.99999994,1
0.9798508,1
0.97561413,1
0.07062559,-1
-0.21184133,-1
-0.34523648,-1
-0.12230691,-1
-0.15691341,-1
1.0,1
0.96186376,1
1.0000001,1
0.92645043,1
1.0000001,1
-0.121065915,-1
-0.28160745,-1
-0.28160745,-1
-0.45128235,-1
0.6316525,-1
0.9999998,1
0.9914066,1
0.99999994,1
1.0000001,1
0.9999998,1
-0.09214079,-1
-0.1344878,-1
-0.13872372,-1
0.24992058,-1
-0.378583,-1
0.78370607,1
0.9944093,1
0.9987797,1
0.884531,1
0.9912476,1
0.1623868,-1
-0.15400851,-1
-0.28072894,-1
0.88017344,-1
1.0,-1
1.0000001,1
1.0000001,1
0.9816535,1
1.0000001,1
1.0,1
0.9912085,-1
-0.01191734,-1
-0.15623595,-1
-0.5148688,-1
0.99378914,-1
0.48414525,1
0.9999999,1
0.98249286,1
1.0,1
1.0,1
-0.4172136,-1
-0.39260352,-1
-0.08045603,-1
0.10146189,-1
1.0,-1
0.98996633,1
0.9447223,1
0.99999994,1
0.8650067,1
0.9999999,1
-0.34729666,-1
-0.5147697,-1
-0.45645133,-1
-0.19408992,-1
-0.35461056,-1
-0.38919505,1
0.52449095,1
1.0000001,1
0.9884934,1
0.92426103,1
-0.23477028,-1
-0.10581679,-1
0.16835323,-1
0.1938264,-1
-0.2890835,-1
1.0000001,1
0.99132246,1
0.9652066,1
0.9586502,1
0.7332332,1
-0.025265178,-1
-0.413662,-1
-0.23933944,-1
0.23502079,-1
-0.07971896,-1
1.0000001,1
1.0,1
1.0000001,1
0.8277838,1
1.0,1
-0.1898886,-1
-0.31120896,-1
0.99120224,-1
0.5317694,-1
-0.3946569,-1
1.0,1
0.99999994,1
0.99899703,1
1.0000002,1
0.9202005,1
0.12220957,-1
1.0000001,-1
-0.43528405,-1
-0.13889329,-1
0.14827812,-1
0.9795944,1
0.97177494,1
0.9883752,1
0.96536803,1
1.0,1
-0.32093492,-1
0.4274296,-1
-0.2737441,-1
-0.11048374,-1
-0.35381556,-1
0.991242,1
0.92066777,1
0.9885225,1
0.991242,1
0.9716534,1
0.5009756,-1
-0.44094598,-1
-0.2722643,-1
-0.3160687,-1
-0.64655834,-1
0.9999999,1
0.9437892,1
0.88543755,1
0.95816994,1
0.99999994,1
-0.14437109,-1
-0.13744502,-1
0.9914424,-1
-0.23081493,-1
-0.33226305,-1
0.9745387,1
1.0000001,1
0.9798624,1
0.9989975,1
0.9898642,1
-0.3674855,-1
-0.2692727,-1
0.18080094,-1
-0.13944344,-1
-0.37075,-1
1.0,1
0.9891378,1
1.0,1
0.89983106,1
0.96288717,1
-0.26774308,-1
-0.33482805,-1
-0.5405004,-1
-0.44246516,-1
0.99999994,-1
0.9438639,1
1.0000002,1
0.9894675,1
1.0,1
0.83633333,1
-0.31344542,-1
-0.25911555,-1
-0.2668198,-1
-0.24629198,-1
-0.5124294,-1
0.98976105,1
1.0,1
0.89745635,1
0.9877455,1
1.0,1
-0.1414084,-1
-0.10220417,-1
-0.31974602,-1
0.08149247,-1
-0.016968228,-1
0.9532892,1
0.9999998,1
0.9184081,1
0.95113504,1
0.968582,1
-0.58604085,-1
0.004221716,-1
1.0000001,-1
0.004551269,-1
0.9072159,-1
0.3625718,1
0.98788834,1
1.0000002,1
0.93335253,1
0.8212496,1
-0.15729289,-1
0.8400681,-1
-0.45700222,-1
-0.39321816,-1
0.74697405,-1
0.9999998,1
0.9999998,1
1.0,1
1.0,1
1.0000001,1
-0.27732506,-1
-0.28066045,-1
-0.34278548,-1
-0.36116156,-1
0.20353194,-1
1.0000001,1
0.9927981,1
0.9121226,1
0.97767204,1
1.0000001,1
-0.3076687,-1
0.9927981,-1
-0.25718045,-1
0.441474,-1
-0.27477992,-1
1.0000001,1
1.0,1
1.0000002,1
1.0,1
0.9593473,1
-0.26365262,-1
0.9539517,-1
-0.22052,-1
-0.2876343,-1
-0.39570236,-1
1.0000001,1
0.87930924,1
0.93605447,1
1.0000001,1
0.9999999,1
-0.1578216,-1
0.99268717,-1
-0.06741127,-1
-0.33400214,-1
0.78768194,-1
0.9926357,1
0.9926357,1
0.8874126,1
0.9772265,1
0.94232935,1
-0.18213345,-1
-0.3380483,-1
-0.51926744,-1
-0.43004674,-1
-0.06432446,-1
0.9666663,1
0.8359831,1
1.0000001,1
1.0000001,1
0.99273986,1
-0.103686206,-1
-0.44201806,-1
0.73398405,-1
-0.50598234,-1
-0.17123239,-1
1.0000002,1
1.0000001,1
0.9925351,1
0.9925351,1
0.9999999,1
0.9925351,-1
0.93155044,-1
-0.34768146,-1
0.04598181,-1
0.56209,-1
1.0000001,1
1.0,1
0.9216594,1
0.99999994,1
0.642566,1
-0.28880093,-1
-0.22341833,-1
0.011219724,-1
0.056815732,-1
0.47904077,-1
0.97040665,1
1.0000002,1
0.9922841,1
0.97382903,1
1.0000002,1
0.19411264,-1
0.18640898,-1
-0.28586388,-1
-0.33023056,-1
-0.34568924,-1
0.992224,1
0.9940246,1
0.97369117,1
1.0000001,1
1.0000001,1
-0.45556724,-1
0.006621507,-1
-0.2392475,-1
0.99222374,-1
-0.31991267,-1
0.63690567,1
0.9843716,1
0.9996393,1
0.9699029,1
0.9999999,1
-0.4590668,-1
-0.40073386,-1
-0.25884032,-1
0.0043953336,-1
-0.3032966,-1
0.9770495,1
0.9732823,1
0.99764895,1
0.852792,1
1.0,1
-0.526726,-1
-0.22454846,-1
-0.20295614,-1
-0.2071169,-1
-0.2585188,-1
1.0000001,1
1.0,1
0.97980195,1
1.0000001,1
0.859845,1
-0.36063862,-1
-0.2868703,-1
-0.41172117,-1
-0.20431226,-1
0.13807584,-1
0.9905085,1
0.9149306,1
0.99284947,1
0.88051283,1
0.94950765,1
0.98438114,-1
0.15719248,-1
-0.011234301,-1
-0.049488604,-1
-0.38733965,-1
1.0000001,1
1.0,1
0.945649,1
0.9928135,1
1.0000001,1
-0.3567101,-1
-0.48374102,-1
-0.48748273,-1
-0.26111162,-1
0.8184986,-1
1.0,1
0.8443349,1
1.0000001,1
0.93031883,1
1.0,1
-0.05467077,-1
-0.09419604,-1
-0.5412029,-1
0.3978212,-1
-0.13914882,-1
0.9756102,1
0.872184,1
0.98477125,1
0.9639823,1
1.0000001,1
-0.61224365,-1
-0.03191763,-1
-0.41683376,-1
0.42892906,-1
-0.07737707,-1
0.96337706,1
0.9586577,1
0.92018235,1
1.0,1
1.0000001,1
0.9974143,-1
-0.25330752,-1
0.87056136,-1
-0.28729653,-1
-0.040825013,-1
0.9621843,1
0.99976814,1
1.0000001,1
0.83582294,1
0.9796836,1
-0.010219088,-1
-0.25183633,-1
-0.31145626,-1
-0.24462195,-1
-0.09022602,-1
0.82577616,1
0.98854035,1
0.9798768,1
0.7309986,1
1.0,1
0.21530719,-1
-0.58076453,-1
0.08872757,-1
-0.3308023,-1
-0.36722803,-1
0.9356783,1
0.99127823,1
0.9413269,1
0.88792455,1
0.45769945,1
-0.04450349,-1
0.99127823,-1
-0.36442414,-1
-0.013014224,-1
-0.21839665,-1
0.9908462,1
0.9999998,1
1.0,1
0.9909846,1
0.9908462,1
0.67508906,-1
-0.29990473,-1
0.50968486,-1
-0.12208307,-1
-0.15139255,-1
0.9605082,1
1.0000001,1
0.88026375,1
0.9906032,1
0.99999994,1
-0.20374146,-1
0.1463535,-1
0.34696066,-1
1.0,-1
-0.55355424,-1
0.9216625,1
0.9905995,1
1.0000002,1
0.9875425,1
0.83649915,1
-0.12567443,-1
-0.12362209,-1
-0.45065108,-1
0.09983532,-1
-0.35195616,-1
0.929138,1
0.8078641,1
1.0000002,1
1.0000002,1
0.96117073,1
-0.25178072,-1
-0.13697742,-1
-0.25799787,-1
-0.3498315,-1
-0.31087,-1
0.9352882,1
0.86493975,1
0.99999994,1
0.99291444,1
0.9902532,1
0.0001382402,-1
0.029449021,-1
-0.49930164,-1
-0.2921504,-1
0.13533825,-1
0.8232807,1
0.61706567,1
0.9899736,1
0.9818956,1
1.0000001,1
-0.25449318,-1
-0.2233065,-1
-0.29059908,-1
-0.3540271,-1
0.060341276,-1
0.9999999,1
0.9590044,1
0.94869983,1
0.99999994,1
0.99021995,1
-0.3284294,-1
-0.60818976,-1
-0.53154796,-1
-0.17526646,-1
-0.09054349,-1
0.99999994,1
0.12323207,1
0.99096996,1
1.0,1
0.9967973,1
-0.24086422,-1
-0.3760903,-1
-0.5111279,-1
-0.27761522,-1
-0.15041944,-1
0.980739,1
0.9490054,1
0.9785933,1
0.99084836,1
0.99137807,1
0.99084836,-1
0.42440507,-1
0.15755227,-1
0.3038917,-1
0.14458692,-1
1.0000001,1
1.0000001,1
0.91647285,1
0.83333105,1
0.9999998,1
0.12695774,-1
-0.27187455,-1
0.09606078,-1
0.2211103,-1
-0.09787328,-1
0.9792885,1
0.994415,1
1.0000001,1
0.9746921,1
0.9387563,1
0.0072521963,-1
-0.37037393,-1
1.0000001,-1
-0.3810665,-1
-0.067564666,-1
