0.8546231,1
0.8459412,1
0.99999994,1
1.0,1
1.0,1
-0.021161973,-1
0.015618699,-1
-0.24366722,-1
-0.45287174,-1
-0.054450706,-1
1.0,1
0.99999976,1
0.99999994,1
0.99999994,1
0.99999976,1
-0.13292348,-1
0.33397266,-1
-0.35047185,-1
0.06678483,-1
0.25923976,-1
1.0000001,1
1.0,1
1.0000001,1
0.99999994,1
1.0000001,1
-0.23220667,-1
-0.18571106,-1
0.3373994,-1
-0.114174746,-1
0.25973547,-1
1.0000001,1
0.88554084,1
1.0000001,1
1.0000001,1
0.99999994,1
-0.09415751,-1
-0.16639702,-1
-0.3547679,-1
-0.3447013,-1
-0.1912529,-1
1.0,1
0.99999994,1
1.0,1
1.0,1
1.0,1
-0.39496908,-1
0.066359565,-1
1.0,-1
0.5313091,-1
1.0,-1
0.98888624,1
0.99999994,1
1.0000001,1
1.0000001,1
1.0000001,1
0.67324305,-1
-0.37835348,-1
0.004132918,-1
-0.06538618,-1
-0.201685,-1
0.88795686,1
0.99999994,1
1.0,1
0.8553537,1
0.99999994,1
-0.16980383,-1
-0.04170866,-1
0.022918181,-1
-0.18958217,-1
0.79743695,-1
0.9999999,1
1.0000001,1
1.0000001,1
0.99999994,1
0.9933127,1
-0.2089508,-1
-0.23309205,-1
-0.33200002,-1
-0.44965115,-1
-0.16023773,-1
1.0000001,1
1.0000001,1
1.0,1
0.9999998,1
1.0,1
-0.34327695,-1
-0.038064122,-1
-0.23107943,-1
-0.452929,-1
-0.14015017,-1
0.9528365,1
0.9999999,1
0.9999998,1
0.9999998,1
0.9999998,1
-0.2290647,-1
-0.47243977,-1
0.28609934,-1
-0.003583917,-1
-0.0849102,-1
1.0000001,1
1.0000001,1
1.0,1
1.0000002,1
1.0000001,1
0.015201243,-1
-0.11029257,-1
-0.12654749,-1
-0.17197697,-1
-0.21806538,-1
0.9999999,1
1.0,1
0.9999998,1
1.0000001,1
1.0000001,1
0.9999998,-1
-0.15242368,-1
-0.04551034,-1
0.54236096,-1
0.11845839,-1
1.0000001,1
1.0000001,1
0.99999994,1
0.99999994,1
0.9999998,1
-0.090160355,-1
0.89373666,-1
-0.44961014,-1
-0.112283796,-1
-0.46500102,-1
0.9999999,1
1.0000001,1
1.0,1
1.0000001,1
1.0,1
-0.37602758,-1
0.06276596,-1
-0.07176415,-1
1.0000001,-1
-0.46827435,-1
0.9999998,1
1.0000001,1
0.9999998,1
1.0000001,1
1.0,1
-0.2196476,-1
0.047951203,-1
-0.02357655,-1
0.21020189,-1
0.9745974,-1
1.0000001,1
0.99999994,1
0.99999994,1
1.0000001,1
0.99999994,1
-0.124459505,-1
-0.074659556,-1
-0.31278247,-1
-0.25935352,-1
-0.06547994,-1
1.0,1
1.0,1
0.99999994,1
1.0,1
1.0,1
-0.35713327,-1
0.11555181,-1
0.08358622,-1
0.1313046,-1
-0.5823161,-1
1.0000001,1
0.9811957,1
1.0000001,1
1.0000001,1
0.94832593,1
-0.14152247,-1
0.09646523,-1
0.09156436,-1
-0.31717137,-1
-0.051560882,-1
1.0,1
1.0,1
1.0,1
1.0,1
1.0,1
0.55895936,-1
-0.0435863,-1
0.0687389,-1
-0.30208203,-1
-0.2820292,-1
0.99999994,1
0.99999994,1
0.9999999,1
1.0000001,1
1.0000001,1
0.122008875,-1
-0.18510428,-1
0.2764763,-1
0.88122356,-1
-0.53659487,-1
1.0,1
1.0000001,1
1.0000001,1
0.8944852,1
0.99999976,1
0.14808264,-1
-0.38811257,-1
-0.093524955,-1
-0.083557606,-1
-0.33047315,-1
1.0000001,1
1.0000001,1
1.0,1
0.99999994,1
1.0,1
0.096874446,-1
1.0000001,-1
-0.3458973,-1
0.12021131,-1
0.096874446,-1
0.99999994,1
0.99999994,1
0.95377594,1
0.9999998,1
0.99999994,1
-0.23130053,-1
-0.5140855,-1
-0.06862816,-1
-0.25263336,-1
-0.03415804,-1
1.0000002,1
1.0,1
1.0000002,1
1.0000002,1
1.0000002,1
-0.13868926,-1
-0.4256283,-1
0.008592167,-1
-0.39688683,-1
-0.12437766,-1
1.0000001,1
0.99999994,1
0.9999999,1
0.99999994,1
0.99999994,1
0.002168529,-1
0.6271655,-1
-0.2090752,-1
0.049673736,-1
0.053116567,-1
1.0,1
0.97963625,1
1.0000001,1
1.0000001,1
0.8980288,1
0.97963625,-1
-0.36404756,-1
-0.49233696,-1
-0.19613093,-1
1.0,-1
1.0000001,1
1.0,1
1.0,1
1.0,1
1.0000001,1
1.0,-1
0.051648952,-1
1.0,-1
-0.19626544,-1
1.0,-1
1.0000001,1
1.0000001,1
1.0000001,1
0.9793344,1
1.0,1
0.051822133,-1
-0.4565833,-1
-0.10302991,-1
-0.013818813,-1
-0.20843576,-1
1.0000001,1
1.0000002,1
1.0000001,1
1.0000001,1
0.99900275,1
-0.38091815,-1
0.9806412,-1
-0.42888036,-1
-0.45670417,-1
-0.24641082,-1
1.0,1
0.9999999,1
0.9603283,1
1.0,1
1.0,1
-0.14563742,-1
-0.3970816,-1
0.9999999,-1
-0.35542288,-1
0.8420224,-1
0.90090185,1
1.0,1
0.9790542,1
0.8714428,1
0.99999994,1
-0.50601095,-1
0.15650697,-1
-0.3305755,-1
0.90090185,-1
-0.11329761,-1
0.9999999,1
1.0,1
1.0,1
1.0,1
1.0000001,1
-0.37828648,-1
-0.417546,-1
-0.08344169,-1
-0.2683528,-1
-0.45225313,-1
1.0000002,1
1.0000002,1
1.0000001,1
0.9999997,1
1.0,1
0.1644923,-1
-0.07959538,-1
0.90401036,-1
0.6128035,-1
1.0000001,-1
1.0,1
1.0,1
1.0000002,1
1.0,1
1.0000001,1
0.21216233,-1
0.20489903,-1
0.11400369,-1
-0.4484266,-1
-0.289659,-1
1.0000001,1
1.0,1
1.0000002,1
1.0,1
1.0,1
-0.21564609,-1
-0.6187477,-1
-0.2738378,-1
-0.12132425,-1
-0.44245526,-1
0.99999994,1
1.0,1
0.943862,1
1.0000001,1
1.0,1
-0.18782425,-1
1.0,-1
0.21190576,-1
0.90478075,-1
0.64618427,-1
1.0000001,1
1.0,1
1.0,1
0.9870441,1
0.90190524,1
-0.0036995239,-1
-0.3643767,-1
0.061959792,-1
-0.14423597,-1
0.2828728,-1
1.0000001,1
0.9786421,1
0.9984024,1
0.99999994,1
0.9999998,1
-0.45356756,-1
-0.001591466,-1
-0.19253856,-1
-0.1272125,-1
0.30348828,-1
1.0000001,1
1.0000001,1
0.99999994,1
1.0000001,1
1.0,1
0.07648385,-1
-0.16092996,-1
-0.45610678,-1
0.99999994,-1
0.3617142,-1
1.0000001,1
0.9999997,1
1.0000001,1
0.89844126,1
1.0000001,1
-0.16246153,-1
0.042432684,-1
-0.06613623,-1
-0.35199764,-1
1.0,-1
1.0,1
1.0,1
1.0,1
1.0000001,1
1.0,1
-0.36703008,-1
0.083547406,-1
0.24333307,-1
-0.25421068,-1
-0.36703014,-1
0.99999994,1
1.0000002,1
0.99999994,1
1.0000002,1
0.9911582,1
-0.4658231,-1
-0.009581438,-1
-0.01635187,-1
-0.4658231,-1
0.020302545,-1
1.0,1
1.0000001,1
1.0,1
0.99999994,1
1.0,1
0.86888796,-1
-0.15846223,-1
-0.46566516,-1
-0.33241373,-1
0.16776298,-1
0.99999994,1
1.0000001,1
1.0,1
0.9783278,1
1.0,1
-0.4638335,-1
-0.056580804,-1
-0.48076665,-1
-0.23737128,-1
-0.48076665,-1
1.0,1
1.0,1
1.0000001,1
1.0000001,1
0.9999999,1
-0.14360636,-1
0.09630662,-1
0.3857482,-1
-0.059449345,-1
0.8944995,-1
0.9999998,1
1.0000001,1
1.0,1
0.99999994,1
1.0,1
0.08665356,-1
-0.23183611,-1
1.0,-1
-0.19616751,-1
-0.20001608,-1
1.0000001,1
1.0000001,1
1.0,1
1.0000001,1
1.0000001,1
0.0025022305,-1
-0.28530616,-1
0.15045762,-1
-0.4074871,-1
-0.20558807,-1
1.0000002,1
1.0,1
1.0000002,1
0.97802746,1
0.8962722,1
-0.007353195,-1
0.50269127,-1
0.06989008,-1
1.0000001,-1
-0.3535823,-1
0.97807246,1
1.0,1
1.0,1
1.0000001,1
1.0000001,1
-0.33558273,-1
-0.37580213,-1
0.05837597,-1
-0.4575,-1
0.99999994,-1
0.9999998,1
0.8912465,1
1.0,1
1.0000001,1
0.9110094,1
0.14240906,-1
-0.45955068,-1
-0.1697875,-1
-0.18025535,-1
-0.060368583,-1
1.0000001,1
1.0,1
1.0,1
1.0000001,1
1.0,1
-0.4748072,-1
-0.36547202,-1
-0.3526122,-1
-0.4748072,-1
-0.21147537,-1
0.98419523,1
1.0000001,1
1.0000001,1
0.99999994,1
0.99999994,1
-0.27083567,-1
-0.28500965,-1
-0.039343197,-1
1.0,-1
1.0000001,-1
1.0000001,1
1.0,1
0.831964,1
1.0,1
1.0000001,1
0.53312516,-1
0.099759705,-1
-0.1722732,-1
-0.27266693,-1
-0.108558394,-1
0.9999999,1
0.8908571,1
0.8908571,1
1.0000001,1
1.0000001,1
0.17237845,-1
-0.18541199,-1
-0.23224927,-1
-0.39416856,-1
-0.020665593,-1
0.9999998,1
0.97381073,1
0.9999998,1
1.0,1
0.9999973,1
-0.1479073,-1
-0.10575473,-1
0.3676363,-1
-0.48314813,-1
-0.09950143,-1
1.0,1
1.0,1
0.9999998,1
1.0,1
1.0000001,1
0.82853824,-1
-0.45200598,-1
-0.6369223,-1
-0.45200598,-1
-0.2860314,-1
1.0,1
0.9908058,1
1.0000001,1
0.861475,1
0.9999999,1
-0.3132206,-1
0.5485405,-1
0.87828887,-1
-0.24353847,-1
-0.1672803,-1
1.0,1
0.99999994,1
0.97277784,1
1.0,1
1.0,1
-0.21204916,-1
-0.44255996,-1
-0.2571459,-1
-0.2871246,-1
-0.44256002,-1
1.0000001,1
1.0000001,1
1.0,1
0.9799868,1
1.0000001,1
-0.096102305,-1
0.068920925,-1
-0.45433754,-1
-0.33044425,-1
-0.19505274,-1
1.0000001,1
0.9999999,1
1.0000001,1
1.0,1
1.0000001,1
-0.30739608,-1
-0.3022991,-1
0.056025613,-1
-0.46365708,-1
-0.4325958,-1
1.0,1
1.0000001,1
1.0,1
1.0000001,1
1.0,1
-0.39191303,-1
-0.14934368,-1
0.34576178,-1
-0.35690722,-1
-0.13659662,-1
0.99999994,1
1.0000001,1
0.9808584,1
0.9999998,1
0.9919312,1
-0.37069935,-1
0.89067405,-1
0.188852,-1
-0.2443434,-1
-0.28146544,-1
1.0,1
1.0000001,1
0.9999999,1
0.99999994,1
1.0000001,1
-0.14234895,-1
-0.07618374,-1
-0.24085519,-1
0.3169424,-1
-0.043126665,-1
0.9999999,1
1.0000001,1
1.0000001,1
1.0000002,1
1.0000001,1
-0.0279947,-1
-0.16528887,-1
0.6250022,-1
-0.4782159,-1
0.9999999,-1
0.9999999,1
1.0,1
0.9999999,1
1.0000002,1
0.9999998,1
-0.17998219,-1
0.14450143,-1
0.43403742,-1
0.036949646,-1
-0.24461809,-1
1.0000001,1
0.8914378,1
1.0000001,1
1.0000001,1
1.0000001,1
0.90232766,-1
0.980255,-1
-0.022866892,-1
-0.45161822,-1
-0.23876631,-1
1.0000001,1
1.0000001,1
0.9805324,1
0.96276456,1
1.0000001,1
-0.3832661,-1
0.3232888,-1
0.16560969,-1
1.0000001,-1
-0.28244218,-1
0.98192626,1
1.0,1
1.0000001,1
0.9999999,1
0.9999999,1
0.074190944,-1
0.43746528,-1
-0.38639492,-1
0.98006886,-1
-0.35872725,-1
0.99999994,1
1.0,1
0.99967825,1
1.0,1
1.0,1
-0.4179557,-1
0.19827762,-1
0.2440491,-1
-0.07019048,-1
-0.1798116,-1
1.0000001,1
0.9821609,1
1.0000001,1
0.9999998,1
0.9826491,1
0.21532921,-1
-0.20581175,-1
-0.009077469,-1
0.22692482,-1
0.1297438,-1
1.0,1
1.0,1
0.9999999,1
0.9999999,1
1.0,1
0.10775361,-1
-0.28824854,-1
-0.11423443,-1
1.0,-1
-0.092425056,-1
1.0,1
1.0,1
1.0000001,1
0.9836244,1
0.99999994,1
0.23843218,-1
0.98243254,-1
-0.18264094,-1
-0.23172137,-1
-0.3761491,-1
0.9999999,1
1.0,1
1.0,1
0.9782306,1
1.0000001,1
-0.41275802,-1
-0.14229152,-1
0.12644812,-1
-0.2696253,-1
-0.27974012,-1
1.0000001,1
0.99999994,1
1.0,1
1.0000001,1
0.897034,1
-0.25812572,-1
-0.22528152,-1
0.897034,-1
-0.23948005,-1
0.6573366,-1
1.0,1
1.0000001,1
1.0,1
1.0,1
1.0000001,1
-0.30181518,-1
-0.023585442,-1
-0.43119696,-1
-0.2832456,-1
0.06743917,-1
1.0,1
1.0,1
1.0,1
1.0000001,1
1.0000001,1
-0.15065178,-1
-0.2722449,-1
-0.07088382,-1
0.005658426,-1
-0.030954678,-1
0.983742,1
0.99999994,1
1.0000001,1
0.99999994,1
1.0,1
-0.14775924,-1
-0.06633889,-1
0.11236643,-1
-0.37351102,-1
-0.2505291,-1
0.99999994,1
0.9936714,1
1.0000001,1
1.0000001,1
1.0000001,1
-0.35984305,-1
-0.437012,-1
-0.25696826,-1
0.90393215,-1
-0.46292242,-1
0.9999998,1
1.0,1
0.9999998,1
1.0000001,1
0.99999994,1
0.9999998,-1
-0.354103,-1
-0.36042133,-1
0.27337524,-1
1.0,-1
0.99999994,1
0.9837975,1
1.0000001,1
0.99999994,1
0.9837975,1
0.00923128,-1
0.11300524,-1
-0.03404127,-1
-0.1469972,-1
-0.25503296,-1
1.0000002,1
1.0000001,1
1.0,1
0.92995274,1
1.0,1
-0.15529858,-1
-0.047191635,-1
-0.007809245,-1
-0.00819065,-1
-0.23610657,-1
1.0,1
0.99999994,1
0.96925116,1
1.0000001,1
0.9999999,1
-0.5478368,-1
0.27913234,-1
-0.25266474,-1
-0.05856345,-1
-0.3616095,-1
1.0000001,1
1.0,1
1.0,1
0.98359275,1
1.0,1
-0.23597166,-1
0.24350552,-1
-0.3001216,-1
-0.061616804,-1
-0.111252286,-1
0.99999994,1
1.0,1
0.8870713,1
0.99999994,1
0.99999994,1
-0.056260083,-1
0.011760657,-1
-0.120355,-1
-0.08641251,-1
0.13116479,-1
1.0000001,1
1.0000001,1
1.0000001,1
1.0000001,1
1.0000001,1
-0.27866334,-1
-0.22374879,-1
-0.3601322,-1
-0.143787,-1
-0.3601322,-1
0.9991368,1
1.0,1
1.0000001,1
0.9999999,1
0.9999999,1
-0.24404965,-1
0.7252704,-1
0.99999994,-1
0.982752,-1
-0.08659841,-1
0.99999994,1
0.99999994,1
0.99999994,1
0.99347824,1
0.99999976,1
-0.06658753,-1
-0.35761666,-1
-0.03824648,-1
0.37968418,-1
-0.5059774,-1
1.0000001,1
1.0,1
0.99999994,1
1.0000001,1
1.0,1
0.29553786,-1
-0.2884588,-1
0.98213655,-1
0.014141779,-1
0.83801967,-1
1.0000001,1
1.0000001,1
1.0,1
0.99063736,1
1.0000001,1
-0.49616355,-1
-0.13009134,-1
0.45878044,-1
-0.37014008,-1
-0.35317835,-1
0.9009089,1
1.0,1
1.0,1
1.0,1
0.9999999,1
-0.65053576,-1
-0.46219775,-1
-0.23178661,-1
-0.19771452,-1
0.10751881,-1
1.0000001,1
1.0000001,1
1.0,1
1.0000001,1
0.99999994,1
0.98438346,-1
0.9006158,-1
-0.23081434,-1
-0.0468768,-1
-0.21659158,-1
1.0000001,1
0.9999999,1
1.0000002,1
1.0000001,1
1.0000001,1
0.78268707,-1
0.63906,-1
-0.14107771,-1
-0.36540675,-1
0.31326336,-1
0.8998335,1
1.0,1
1.0,1
1.0,1
1.0000001,1
-0.17222522,-1
1.0,-1
0.06313701,-1
-0.2356672,-1
0.6102479,-1
1.0,1
1.0,1
1.0000001,1
0.9999999,1
1.0,1
-0.35882157,-1
-0.24006598,-1
-0.21786955,-1
-0.14095354,-1
-0.086623244,-1
0.99999994,1
1.0000001,1
1.0,1
1.0000002,1
0.9001589,1
-0.36777276,-1
-0.3411764,-1
-0.17453459,-1
-0.47815824,-1
-0.36591282,-1
1.0,1
1.0,1
1.0,1
0.9999998,1
1.0,1
-0.12658404,-1
0.34115082,-1
-0.043718707,-1
0.24460895,-1
-0.10580278,-1
1.0000001,1
0.9999999,1
0.9999999,1
1.0,1
0.99999994,1
-0.44442767,-1
-0.08286835,-1
-0.056130547,-1
-0.21514934,-1
0.011378718,-1
1.0000001,1
1.0,1
1.0,1
1.0,1
0.8953659,1
0.1604727,-1
-0.18878178,-1
-0.037799325,-1
0.27719897,-1
-0.26984236,-1
1.0000001,1
1.0000001,1
0.9037519,1
1.0000001,1
1.0000001,1
-0.41300905,-1
-0.10885528,-1
-0.35991836,-1
-0.41259187,-1
-0.09646415,-1
1.0000001,1
1.0000001,1
1.0000002,1
0.98135775,1
0.9962379,1
1.0,-1
0.3960063,-1
0.98135775,-1
-0.40213984,-1
-0.34020177,-1
0.95135254,1
0.9999999,1
0.99999994,1
1.0,1
0.98120236,1
0.12893741,-1
-0.13975687,-1
0.19319062,-1
-0.2960502,-1
-0.43085214,-1
1.0000001,1
1.0,1
0.8902266,1
1.0,1
1.0000001,1
-0.6109753,-1
-0.07083351,-1
-0.15077083,-1
-0.32795188,-1
-0.45081708,-1
1.0,1
1.0000001,1
1.0,1
0.9999999,1
0.98041534,1
0.795816,-1
0.08420585,-1
-0.42137924,-1
-0.18396161,-1
-0.42855325,-1
1.0,1
1.0,1
0.9999999,1
0.99999994,1
1.0,1
-0.25366393,-1
0.200592,-1
-0.4071434,-1
1.0000001,-1
-0.25833556,-1
1.0000001,1
1.0,1
1.0,1
0.7206315,1
0.99999994,1
-0.23596703,-1
-0.36618593,-1
-0.30245095,-1
-0.58139676,-1
-0.42651212,-1
1.0000001,1
1.0000001,1
1.0000001,1
0.980222,1
1.0,1
-0.4246632,-1
0.7808757,-1
0.26889998,-1
1.0000001,-1
-0.19174556,-1
1.0,1
1.0,1
1.0000001,1
0.9999999,1
1.0000002,1
-0.16253598,-1
-0.2734117,-1
-0.440974,-1
-0.08891173,-1
-0.4884061,-1
1.0,1
0.8894517,1
1.0000001,1
1.0,1
1.0,1
0.8467823,-1
-0.29730764,-1
-0.039005164,-1
-0.4168886,-1
0.104675226,-1
1.0000001,1
1.0000001,1
1.0000001,1
0.9999997,1
1.0000001,1
-0.04075475,-1
-0.15888076,-1
-0.1339783,-1
-0.34096217,-1
-0.43715218,-1
1.0000002,1
1.0000001,1
1.0000001,1
0.9941974,1
1.0,1
-0.43236867,-1
-0.32571962,-1
1.0,-1
0.05270001,-1
-0.33968842,-1
1.0,1
1.0000002,1
1.0,1
0.9972719,1
0.9999998,1
0.028555905,-1
-0.42563322,-1
-0.18911017,-1
1.0,-1
0.5750669,-1
1.0,1
0.8558705,1
0.9999999,1
1.0000001,1
1.0,1
-0.4667579,-1
-0.45017666,-1
-0.40303522,-1
-0.027269483,-1
-0.025551338,-1
0.9999999,1
1.0000002,1
1.0000001,1
1.0000002,1
1.0,1
-0.082284376,-1
-0.061703,-1
0.9830086,-1
-0.41372466,-1
-0.27622044,-1
1.0000001,1
0.99999994,1
1.0,1
1.0000001,1
1.0,1
-0.3761697,-1
1.0000001,-1
0.8952312,-1
0.056854166,-1
-0.2808281,-1
1.0000001,1
0.99999994,1
0.98270744,1
1.0,1
1.0,1
-0.18544178,-1
-0.2998962,-1
-0.066282116,-1
-0.34804463,-1
-0.4152476,-1
0.8960919,1
1.0000001,1
0.9999999,1
1.0,1
0.99999994,1
-0.41763243,-1
-0.2973324,-1
0.58150834,-1
0.623009,-1
0.09494333,-1
1.0,1
1.0000001,1
0.99999994,1
0.99603456,1
1.0000002,1
-0.18048553,-1
-0.39376563,-1
-0.04349396,-1
-0.2719955,-1
0.038676023,-1
0.98294353,1
1.0,1
1.0000001,1
0.9999998,1
1.0,1
-0.082520135,-1
-0.4017729,-1
0.9999998,-1
0.089577295,-1
-0.41545516,-1
0.9961571,1
1.0000001,1
0.99999994,1
1.0,1
1.0000001,1
0.4237559,-1
-0.24842916,-1
0.1369027,-1
-0.2854843,-1
-0.03371211,-1
1.0,1
0.9995047,1
0.9999999,1
0.99999994,1
1.0,1
-0.35317504,-1
-0.26281533,-1
-0.03173262,-1
-0.25598717,-1
0.016913008,-1
1.0,1
1.0,1
0.99999994,1
1.0000001,1
1.0000002,1
-0.257625,-1
-0.4439279,-1
0.9830137,-1
-0.4027411,-1
-0.4027411,-1
1.0,1
1.0000001,1
1.0,1
1.0000001,1
1.0,1
0.14655522,-1
-0.20604733,-1
-0.28628254,-1
-0.49142042,-1
0.9865492,-1
0.99999994,1
1.0000002,1
0.9999999,1
1.0,1
0.9957292,1
-0.17408971,-1
-0.36298802,-1
0.34448338,-1
-0.31991214,-1
-0.4049041,-1
1.0000001,1
1.0,1
0.99999994,1
1.0000001,1
1.0000001,1
-0.39750236,-1
-0.39750236,-1
0.030438771,-1
-0.4060633,-1
0.29416743,-1
1.0000001,1
0.9881199,1
0.99999994,1
1.0000002,1
0.8951668,1
-0.2144148,-1
-0.40814564,-1
0.98341155,-1
-0.21060577,-1
-0.40779006,-1
0.8627006,1
0.99999994,1
1.0000001,1
1.0,1
0.99999994,1
-0.38725615,-1
-0.15736715,-1
-0.40198612,-1
0.025212936,-1
-0.12133109,-1
1.0000001,1
1.0000001,1
1.0000001,1
1.0000002,1
1.0000001,1
-0.19419271,-1
-0.024353016,-1
0.0155235045,-1
-0.5100098,-1
0.50455743,-1
1.0,1
1.0,1
0.99999994,1
1.0,1
0.9999999,1
-0.21436055,-1
0.58241093,-1
0.39713046,-1
-0.41335258,-1
-0.23003997,-1
0.900923,1
0.99999994,1
1.0,1
1.0000001,1
1.0000001,1
-0.39371234,-1
0.59755695,-1
-0.26849473,-1
-0.035254724,-1
0.03165391,-1
1.0000001,1
0.9999998,1
0.9999998,1
0.9999998,1
0.98973334,1
0.14670591,-1
-0.09680329,-1
0.116024815,-1
-0.0082217865,-1
0.54079086,-1
1.0000001,1
1.0000001,1
1.0000001,1
1.0000001,1
0.99999994,1
-0.11965003,-1
-0.26242363,-1
-0.058091674,-1
1.0,-1
-0.022236798,-1
1.0000001,1
0.99999994,1
1.0000001,1
0.9833878,1
0.9999999,1
0.5610038,-1
-0.043787397,-1
-0.13410363,-1
0.44752035,-1
0.023403563,-1
0.99999994,1
0.99999994,1
0.9999998,1
0.9999998,1
0.99999994,1
0.2142318,-1
-0.113983095,-1
-0.3864208,-1
0.11791013,-1
-0.077533916,-1
1.0000001,1
0.9999999,1
1.0000001,1
1.0,1
1.0000001,1
-0.03281477,-1
-0.08747501,-1
-0.4921417,-1
0.14504565,-1
-0.03017468,-1
1.0,1
1.0,1
1.0,1
1.0,1
1.0,1
-0.11335546,-1
-0.0061303712,-1
-0.2654695,-1
-0.22638772,-1
0.1820109,-1
0.90357673,1
1.0000001,1
0.9999999,1
1.0000002,1
1.0,1
0.14655556,-1
-0.14331576,-1
0.033238534,-1
0.30279413,-1
-0.062120374,-1
0.9999999,1
1.0000001,1
1.0,1
1.0,1
1.0000001,1
-0.53819984,-1
0.038678233,-1
-0.03919204,-1
-0.29532474,-1
1.0000001,-1
1.0,1
0.9074184,1
1.0000001,1
0.9999999,1
1.0,1
-0.26974463,-1
-0.4439787,-1
-0.37935916,-1
1.0,-1
-0.28059116,-1
1.0,1
0.99999255,1
1.0,1
1.0000001,1
1.0,1
-0.5871505,-1
0.0024668465,-1
-0.38081416,-1
-0.44503483,-1
-0.256868,-1
1.0,1
0.99999994,1
1.0,1
1.0,1
0.99999994,1
-0.40491894,-1
-0.33342367,-1
-0.28496438,-1
-0.12932524,-1
-0.43359807,-1
0.99999994,1
1.0,1
0.9036178,1
0.99999994,1
0.99999994,1
-0.2170467,-1
-0.38381717,-1
0.11418276,-1
-0.18423827,-1
-0.12473904,-1
1.0000001,1
0.91184396,1
1.0,1
1.0000001,1
1.0,1
0.15624343,-1
-0.19114603,-1
0.105735585,-1
1.0000001,-1
-0.45103672,-1
1.0,1
0.99999994,1
0.8691856,1
0.9578264,1
1.0000001,1
-0.2572789,-1
-0.07518148,-1
-0.2170003,-1
-0.3312716,-1
-0.2259788,-1
1.0,1
0.99999994,1
1.0,1
1.0,1
1.0,1
-0.28490123,-1
-0.107735455,-1
-0.4201406,-1
-0.3305347,-1
0.9030317,-1
1.0000001,1
1.0,1
1.0,1
0.9843058,1
1.0,1
-0.26301515,-1
0.22850959,-1
-0.25040928,-1
-0.27757272,-1
-0.033816427,-1
0.99999994,1
0.99999994,1
0.90576357,1
0.87047595,1
1.0,1
-0.3199953,-1
-0.07958616,-1
0.879558,-1
0.37646112,-1
-0.3199953,-1
1.0,1
1.0000001,1
0.95266974,1
0.9999999,1
1.0,1
-0.14868937,-1
0.3663969,-1
-0.26732478,-1
-0.40638056,-1
1.0,-1
1.0000001,1
1.0000002,1
0.9999999,1
1.0000001,1
1.0000001,1
0.069554,-1
-0.31042334,-1
-0.07044143,-1
0.27856374,-1
0.2329939,-1
1.0000001,1
0.99999994,1
0.9842123,1
0.99999994,1
1.0000001,1
-0.29326528,-1
-0.17259787,-1
-0.41225493,-1
1.0000001,-1
0.058358677,-1
0.99999994,1
0.9819345,1
0.99999994,1
0.99999994,1
0.99999994,1
-0.15877813,-1
-0.25643718,-1
0.1646838,-1
-0.29589885,-1
0.3530589,-1
1.0000001,1
1.0000001,1
1.0,1
0.9132866,1
1.0000001,1
-0.08828693,-1
-0.07493167,-1
-0.21785739,-1
-0.20412202,-1
-0.27715147,-1
0.99999994,1
0.99999994,1
0.99999994,1
1.0,1
1.0000001,1
-0.3188674,-1
0.9040938,-1
0.8666504,-1
-0.4441586,-1
-0.14546855,-1
1.0,1
1.0000001,1
0.98407763,1
1.0000001,1
1.0,1
1.0000001,-1
-0.3736002,-1
-0.013140746,-1
-0.14406018,-1
-0.12639561,-1
1.0,1
1.0000001,1
1.0,1
1.0000001,1
1.0,1
-0.4778056,-1
-0.27325416,-1
-0.40554827,-1
0.3614961,-1
0.10661809,-1
1.0,1
1.0000001,1
1.0000001,1
1.0,1
0.98393244,1
0.30397582,-1
-0.35824743,-1
0.98393244,-1
0.017237386,-1
-0.49368343,-1
0.9999999,1
0.9838465,1
1.0,1
1.0000001,1
1.0000004,1
0.012427712,-1
0.074727856,-1
-0.20711733,-1
-0.0049050474,-1
-0.31326652,-1
1.0,1
1.0,1
1.0,1
0.9999999,1
1.0,1
-0.21654153,-1
1.0000001,-1
0.27274665,-1
0.98061,-1
-0.53594595,-1
1.0000001,1
1.0,1
1.0000001,1
1.0000001,1
1.0000001,1
0.983607,-1
-0.37055263,-1
0.15192826,-1
0.99999994,-1
-0.27211428,-1
1.0000001,1
1.0,1
1.0000001,1
0.99999994,1
1.0,1
0.075278565,-1
-0.2904936,-1
1.0000001,-1
0.06825395,-1
0.017861422,-1
0.99999994,1
1.0,1
0.99999994,1
0.99999994,1
1.0000001,1
-0.6476674,-1
-0.25272146,-1
-0.12052984,-1
-0.46033496,-1
-0.22279707,-1
1.0000001,1
0.9489514,1
1.0,1
1.0000001,1
0.9999998,1
-0.27162498,-1
-0.11652533,-1
-0.38229656,-1
-0.101637885,-1
-0.005788089,-1
0.95361215,1
1.0,1
1.0,1
1.0000001,1
1.0,1
-0.62636465,-1
0.27182102,-1
-0.43278095,-1
-0.20384596,-1
-0.11067978,-1
1.0000002,1
0.99749917,1
0.99999994,1
1.0,1
1.0000001,1
-0.088593856,-1
-0.11437783,-1
0.5936742,-1
-0.28899446,-1
0.006709793,-1
1.0000001,1
0.99999994,1
1.0000001,1
0.9999999,1
0.9807237,1
-0.1796912,-1
0.12381746,-1
-0.17535602,-1
0.17139493,-1
-0.1869061,-1
0.9999998,1
1.0,1
1.0000002,1
0.89767146,1
1.0000001,1
0.9800971,-1
0.07898477,-1
0.16939129,-1
1.0000001,-1
1.0000001,-1
1.0,1
1.0000001,1
0.99999994,1
1.0,1
1.0000001,1
-0.12971683,-1
0.24562183,-1
-0.12495051,-1
1.0,-1
-0.1609275,-1
1.0,1
1.0,1
1.0,1
0.9910044,1
1.0000001,1
-0.45245644,-1
-0.16939427,-1
-0.2573962,-1
1.0,-1
-0.336329,-1
1.0000001,1
1.0,1
0.99999994,1
1.0,1
1.0000001,1
0.47191954,-1
1.0,-1
-0.2811406,-1
-0.07458157,-1
-0.19567798,-1
1.0,1
1.0,1
1.0,1
0.99999994,1
1.0,1
-0.118130185,-1
1.0,-1
0.46945816,-1
-0.43801394,-1
-0.21868834,-1
1.0,1
0.9999998,1
1.0,1
0.9999999,1
1.0000004,1
-0.14350602,-1
-0.28831553,-1
0.044758786,-1
-0.48730394,-1
-0.29479173,-1
1.0000001,1
0.9999999,1
1.0000001,1
0.9999999,1
1.0,1
-0.524617,-1
-0.55699545,-1
-0.031627793,-1
-0.17414705,-1
0.06470764,-1
1.0,1
0.97690296,1
1.0,1
1.0,1
1.0000002,1
-0.25776267,-1
0.3813039,-1
1.0,-1
-0.008824946,-1
0.16387117,-1
0.9999998,1
1.0000002,1
0.9765735,1
0.8942191,1
0.9765735,1
-0.035549823,-1
-0.06825794,-1
-0.076779276,-1
1.0,-1
-0.42168865,-1
1.0,1
1.0000001,1
1.0000002,1
1.0000001,1
1.0,1
0.009144494,-1
-0.2680298,-1
0.86867076,-1
1.0,-1
-0.06775815,-1
0.89246,1
1.0000001,1
0.9999998,1
0.9152936,1
1.0,1
-0.50173986,-1
0.46106145,-1
1.0,-1
0.013363683,-1
-0.3499696,-1
1.0,1
1.0,1
1.0000002,1
1.0000001,1
0.9828643,1
-0.1556857,-1
-0.32143417,-1
-0.4531399,-1
-0.4531398,-1
0.37965044,-1
1.0000002,1
1.0000001,1
1.0000001,1
1.0000001,1
1.0,1
0.66628,-1
0.1049464,-1
-0.1701606,-1
-0.29211935,-1
-0.4942732,-1
1.0000002,1
1.0000001,1
0.9949875,1
1.0,1
0.9999999,1
0.1251866,-1
0.46657446,-1
-0.35001296,-1
-0.13297248,-1
-0.2994413,-1
0.88868994,1
0.88888407,1
0.9999999,1
1.0000001,1
1.0000001,1
0.015760072,-1
-0.17129108,-1
0.8591295,-1
0.9413026,-1
-0.094136,-1
0.98063344,1
1.0000001,1
1.0000001,1
0.99999523,1
1.0000002,1
-0.16088317,-1
0.7428243,-1
-0.45101753,-1
-0.3351637,-1
-0.33408538,-1
0.9999999,1
0.98991567,1
1.0,1
1.0,1
1.0000001,1
-0.4434116,-1
1.0,-1
-0.4434116,-1
0.9999999,-1
-0.23164394,-1
0.99022484,1
0.9747198,1
0.8529901,1
0.99999994,1
1.0000001,1
0.7299738,-1
-0.26904804,-1
-0.44246802,-1
-0.26645836,-1
-0.059958447,-1
0.99999994,1
0.97509724,1
0.9999999,1
1.0000001,1
1.0000001,1
-0.4419247,-1
0.24571975,-1
-0.4419247,-1
0.9187714,-1
0.21192469,-1
1.0000001,1
1.0000001,1
1.0,1
1.0000001,1
1.0,1
0.30641395,-1
-0.5081782,-1
0.057732113,-1
0.05634042,-1
-0.4070646,-1
1.0,1
1.0000001,1
1.0,1
1.0000001,1
1.0000001,1
-0.4376958,-1
0.27441275,-1
-0.4376958,-1
0.054645088,-1
-0.35797825,-1
1.0000001,1
1.0,1
0.8890836,1
1.0000002,1
1.0,1
0.13426492,-1
-0.4054992,-1
0.8673868,-1
-0.3215816,-1
-0.25656286,-1
1.0000001,1
0.9999999,1
0.9753468,1
0.989612,1
1.0000001,1
-0.17500389,-1
0.36032313,-1
-0.18872917,-1
-0.41143134,-1
-0.27970102,-1
0.99999994,1
0.99999994,1
1.0,1
0.99999994,1
1.0000002,1
-0.028925778,-1
0.3320201,-1
0.023166258,-1
0.1314451,-1
-0.26233298,-1
1.0000001,1
1.0,1
0.99999994,1
0.89188504,1
0.9999999,1
-0.27033976,-1
-0.25755236,-1
-0.0028051997,-1
-0.41611496,-1
-0.24627236,-1
1.0,1
0.98812056,1
1.0000001,1
1.0,1
1.0,1
-0.029493503,-1
-0.3808211,-1
-0.24112207,-1
-0.14023246,-1
0.91725534,-1
1.0000002,1
0.9999999,1
0.9999999,1
0.9999999,1
1.0000002,1
-0.4058942,-1
-0.3060458,-1
0.009323353,-1
0.370566,-1
-0.40589422,-1
1.0000001,1
0.9819189,1
0.9999999,1
1.0,1
0.9779154,1
-0.1510325,-1
0.3740139,-1
-0.065993026,-1
-0.34923157,-1
0.24060896,-1
1.0,1
0.99999994,1
1.0000002,1
1.0,1
0.99999994,1
0.33800128,-1
-0.1810119,-1
-0.15154567,-1
0.27403867,-1
-0.3923478,-1
0.9999999,1
0.9996393,1
1.0000001,1
0.9999999,1
1.0,1
-0.31847152,-1
-0.24951217,-1
-0.012453165,-1
-0.13251826,-1
-0.14073376,-1
0.9793914,1
0.9793914,1
0.99999994,1
0.98229647,1
1.0000001,1
-0.29112974,-1
-0.032585125,-1
-0.006601925,-1
-0.12397023,-1
0.18955418,-1
1.0000001,1
1.0000002,1
0.9999999,1
1.0,1
0.9796205,1
-0.2148635,-1
-0.30672094,-1
-0.39505333,-1
-0.24904612,-1
-0.1363969,-1
0.9999998,1
1.0,1
1.0000002,1
0.99999994,1
0.99999994,1
-0.181908,-1
-0.37937328,-1
0.7929988,-1
-0.39626873,-1
-0.0008859538,-1
1.0,1
1.0,1
0.97807765,1
1.0000001,1
0.99999994,1
0.2441145,-1
-0.09991867,-1
-0.41949394,-1
0.9003592,-1
-0.27053607,-1
1.0000002,1
0.9139895,1
1.0,1
0.90270376,1
1.0000001,1
-0.19144805,-1
1.0000001,-1
0.11006629,-1
-0.5003962,-1
-0.36652228,-1
1.0000001,1
0.9999999,1
0.99999994,1
1.0,1
1.0000002,1
0.006879671,-1
-0.31902215,-1
0.2874634,-1
0.04079017,-1
-0.20333911,-1
1.0,1
1.0,1
1.0000002,1
0.8655197,1
1.0,1
0.3633652,-1
0.9039175,-1
0.04235229,-1
-0.06660223,-1
-0.39135954,-1
0.99999994,1
0.9999998,1
0.9815632,1
1.0,1
1.0,1
-0.38419172,-1
-0.35929534,-1
-0.35929534,-1
-0.35929534,-1
1.0,-1
0.9911818,1
1.0,1
1.0,1
0.98177,1
0.99999976,1
-0.25671658,-1
-0.20243153,-1
-0.17399053,-1
-0.21319209,-1
1.0,-1
0.99999994,1
1.0000001,1
1.0000002,1
1.0,1
1.0,1
-0.33291948,-1
-0.25860867,-1
-0.11933648,-1
0.99999994,-1
-0.37722364,-1
1.0000001,1
0.99999994,1
1.0000001,1
1.0000001,1
0.99999994,1
0.99999994,-1
-0.08933894,-1
-0.25736746,-1
0.1007139,-1
0.517608,-1
1.0000001,1
1.0000001,1
0.9479347,1
1.0000001,1
1.0,1
-0.04267026,-1
-0.53744036,-1
0.049803227,-1
0.26367047,-1
-0.13003485,-1
0.9822957,1
1.0,1
1.0,1
0.99999994,1
1.0000002,1
-0.4212181,-1
-0.32077155,-1
0.27496886,-1
-0.15209599,-1
-0.3622816,-1
1.0000001,1
1.0000002,1
1.0000001,1
1.0000001,1
1.0000001,1
-0.11007368,-1
0.11841336,-1
-0.21994793,-1
-0.025665997,-1
1.0000001,-1
1.0000001,1
0.9853185,1
1.0000001,1
1.0000001,1
1.0000001,1
-0.1733857,-1
-0.28883186,-1
-0.08812551,-1
-0.3614806,-1
-0.22276185,-1
1.0000001,1
1.0000001,1
1.0000001,1
1.0000001,1
0.9991184,1
-0.13641539,-1
-0.27847353,-1
-0.013629601,-1
-0.15823236,-1
-0.50934756,-1
1.0,1
0.91135526,1
1.0,1
0.99999994,1
0.9820581,1
-0.3042366,-1
0.0796981,-1
-0.2040868,-1
-0.01763518,-1
-0.27817884,-1
1.0000001,1
1.0000001,1
0.99332297,1
0.99999994,1
1.0,1
-0.36582503,-1
0.13313289,-1
-0.03974409,-1
-0.10011454,-1
0.5416652,-1
1.0,1
1.0,1
0.9819807,1
1.0,1
0.99999994,1
-0.32515866,-1
-0.3670535,-1
0.021441327,-1
-0.3670535,-1
0.33375707,-1
1.0000001,1
1.0000001,1
0.9916573,1
1.0,1
0.9066616,1
0.15715358,-1
-0.3656771,-1
-0.08753353,-1
-0.37253478,-1
0.045459423,-1
1.0000001,1
0.9999998,1
0.9999998,1
1.0000001,1
0.9999998,1
0.0006150131,-1
-0.055046648,-1
-0.29099724,-1
-0.36987597,-1
-0.36857933,-1
1.0000001,1
1.0000001,1
1.0000001,1
1.0,1
1.0000001,1
-0.2982739,-1
-0.20903341,-1
-0.2113889,-1
-0.48868033,-1
0.42450917,-1
0.99999994,1
1.0000001,1
1.0000002,1
1.0000001,1
0.9090965,1
0.45147216,-1
1.0000001,-1
-0.37119654,-1
-0.19649595,-1
-0.068151824,-1
0.99999994,1
0.98225254,1
0.9999999,1
1.0000001,1
0.98225254,1
-0.5731606,-1
-0.13321148,-1
1.0000001,-1
-0.15050718,-1
-0.41284916,-1
1.0000001,1
1.0000002,1
1.0000002,1
0.9824608,1
1.0000001,1
-0.2620735,-1
-0.21065655,-1
-0.21074468,-1
-0.5476725,-1
-0.30290577,-1
1.0,1
1.0,1
1.0000001,1
1.0,1
1.0,1
-0.007874231,-1
-0.08813739,-1
-0.18021432,-1
-0.29167023,-1
0.20578197,-1
1.0,1
0.9999999,1
0.99999994,1
1.0,1
1.0,1
-0.07101429,-1
-0.39063615,-1
-0.37999144,-1
-0.2612217,-1
0.10572217,-1
1.0000001,1
1.0000001,1
1.0000002,1
1.0000001,1
1.0,1
-0.15218465,-1
-0.40633953,-1
0.22386456,-1
-0.40633947,-1
-0.39951685,-1
0.98309916,1
1.0000001,1
1.0,1
1.0,1
1.0,1
-0.3527432,-1
-0.10767262,-1
0.059250407,-1
-0.2856371,-1
-0.08721911,-1
0.99999994,1
0.9559092,1
0.9999999,1
0.9999999,1
1.0,1
-0.2652121,-1
-0.45083398,-1
-0.4179811,-1
-0.2633899,-1
-0.1457009,-1
0.99999714,1
0.9999999,1
0.9999999,1
1.0,1
1.0,1
0.5765729,-1
-0.1466971,-1
1.0000001,-1
-0.1134777,-1
-0.45215526,-1
0.9287177,1
1.0000001,1
0.99999994,1
0.8510451,1
1.0,1
-0.15569408,-1
-0.16756648,-1
-0.34231612,-1
0.08831271,-1
-0.16518717,-1
1.0000001,1
0.8955188,1
0.9999999,1
1.0000001,1
0.99999994,1
-0.14231835,-1
-0.070921525,-1
-0.43329987,-1
-0.42971557,-1
0.3212344,-1
1.0,1
0.9138266,1
1.0000001,1
1.0000004,1
1.0000004,1
-0.23860803,-1
-0.26923728,-1
-0.26131067,-1
-0.2198199,-1
0.1558659,-1
1.0,1
1.0,1
1.0000001,1
1.0,1
1.0,1
-0.25868472,-1
0.6458322,-1
1.0,-1
-0.120411344,-1
-0.47173387,-1
1.0,1
1.0,1
0.9999999,1
1.0000002,1
1.0,1
0.7231347,-1
-0.37991694,-1
-0.530669,-1
-0.2577234,-1
-0.425586,-1
1.0,1
1.0000002,1
1.0000001,1
1.0000001,1
1.0000002,1
0.45936033,-1
0.18316641,-1
-0.42170203,-1
-0.25370368,-1
-0.421702,-1
1.0000004,1
0.9999998,1
0.9999999,1
0.9999999,1
0.9999999,1
-0.4081878,-1
-0.09218291,-1
-0.23477843,-1
0.75952184,-1
-0.1015888,-1
1.0000002,1
1.0000002,1
0.9999999,1
1.0000002,1
1.0000001,1
0.07451982,-1
0.9840842,-1
-0.41361597,-1
-0.11121313,-1
0.61644256,-1
0.99897367,1
1.0000002,1
0.9999999,1
1.0,1
1.0000001,1
-0.08008402,-1
0.36238658,-1
-0.26940948,-1
-0.3183123,-1
-0.41893113,-1
1.0,1
1.0,1
1.0000001,1
1.0000002,1
1.0000001,1
-0.35501406,-1
-0.14417677,-1
0.40295845,-1
0.09321959,-1
0.016411738,-1
0.9999999,1
1.0000001,1
0.9972438,1
1.0,1
1.0,1
-0.3362362,-1
-0.28005397,-1
-0.2070192,-1
-0.4605192,-1
0.9848787,-1
0.8673494,1
1.0,1
1.0,1
1.0000001,1
0.99999994,1
-0.42749688,-1
-0.26877522,-1
-0.10061155,-1
-0.24336632,-1
0.7759869,-1
1.0,1
1.0000001,1
1.0,1
1.0000001,1
0.9851103,1
-0.1616294,-1
1.0,-1
-0.105792396,-1
-0.19344926,-1
-0.16518967,-1
0.86809117,1
0.9999998,1
1.0000002,1
1.0,1
1.0000002,1
-0.27396148,-1
-0.02450185,-1
0.14079554,-1
-0.27396145,-1
-0.16982014,-1
1.0000002,1
1.0000002,1
1.0,1
1.0000001,1
0.90407014,1
-0.47136995,-1
-0.032047387,-1
-0.11691149,-1
-0.46938935,-1
1.0,-1
1.0000001,1
1.0000002,1
1.0000001,1
0.99999994,1
1.0000002,1
-0.3092905,-1
-0.11084224,-1
-0.16611516,-1
0.67678946,-1
-0.11700272,-1
0.99999994,1
1.0000001,1
1.0000001,1
1.0000001,1
0.9852116,1
-0.24100636,-1
-0.44831687,-1
-0.28209162,-1
-0.4068647,-1
0.5613915,-1
0.9999999,1
1.0,1
1.0,1
1.0000001,1
0.9961129,1
-0.39288545,-1
-0.15226912,-1
0.040645313,-1
0.042010844,-1
0.2707892,-1
1.0,1
0.99999994,1
1.0000002,1
1.0000001,1
1.0000001,1
-0.016438097,-1
0.04557101,-1
0.98533654,-1
0.006924261,-1
1.0,-1
0.9999999,1
1.0,1
1.0,1
1.0,1
0.9999999,1
-0.09978192,-1
0.3942705,-1
0.10585398,-1
-0.37078127,-1
1.0,-1
1.0000001,1
0.99999994,1
1.0000001,1
1.0000002,1
1.0,1
-0.24181123,-1
0.9042141,-1
-0.28336826,-1
1.0000001,-1
0.34398818,-1
1.0000001,1
1.0,1
1.0000001,1
0.9999999,1
1.0,1
-0.1818726,-1
-0.39249423,-1
-0.1799969,-1
-0.19331121,-1
1.0,-1
1.0000001,1
1.0000001,1
1.0,1
0.9968511,1
1.0000001,1
-0.29400712,-1
-0.48966295,-1
-0.32471234,-1
-0.26306787,-1
1.0,-1
0.9999999,1
0.99999994,1
1.0000001,1
1.0,1
1.0,1
-0.3061585,-1
0.8606769,-1
-0.5476797,-1
0.41054842,-1
0.9072448,-1
1.0,1
0.98562676,1
1.0000002,1
0.9999999,1
1.0,1
-0.35058305,-1
-0.5368259,-1
0.16569701,-1
-0.44352338,-1
-0.37619984,-1
1.0000001,1
0.9856772,1
1.0000001,1
1.0000001,1
1.0000001,1
0.19723101,-1
0.9856772,-1
-0.00046396616,-1
0.271903,-1
-0.145962,-1
1.0,1
1.0,1
0.9999999,1
1.0,1
1.0000001,1
-0.095166795,-1
-0.47015256,-1
0.05326028,-1
0.510087,-1
-0.22607146,-1
1.0000001,1
1.0000001,1
1.0,1
1.0000002,1
0.9856851,1
-0.07979941,-1
-0.17338331,-1
0.16048555,-1
-0.25474483,-1
-0.25802368,-1
1.0000001,1
1.0000001,1
0.9999998,1
0.9999998,1
1.0,1
-0.13109612,-1
-0.22852968,-1
-0.17925362,-1
-0.3917033,-1
-0.4744553,-1
1.0000001,1
1.0000001,1
1.0000001,1
1.0,1
1.0,1
-0.3490049,-1
0.4961377,-1
-0.3490049,-1
-0.35638615,-1
-0.21168527,-1
0.99999976,1
0.99999976,1
1.0000002,1
0.9037051,1
1.0,1
-0.06755567,-1
-0.15517351,-1
-0.03565871,-1
0.5799598,-1
-0.38856712,-1
1.0,1
0.83524114,1
1.0000002,1
1.0,1
1.0000001,1
0.8809456,-1
0.08121052,-1
-0.37679893,-1
-0.14809416,-1
0.36390468,-1
1.0,1
1.0000001,1
0.9944961,1
1.0,1
1.0,1
0.8745851,-1
-0.20193662,-1
-0.15914038,-1
-0.105191946,-1
-0.13169125,-1
0.9999999,1
1.0000001,1
1.0000002,1
0.95829207,1
0.9999999,1
-0.104710594,-1
-0.24246004,-1
0.032089893,-1
-0.041159034,-1
-0.27018496,-1
0.99999994,1
0.99999994,1
0.99999994,1
0.99999994,1
1.0000001,1
0.8226478,-1
-0.17879926,-1
0.05558946,-1
-0.15206696,-1
-0.084160596,-1
1.0,1
1.0000001,1
1.0,1
1.0000001,1
1.0000002,1
0.043341223,-1
-0.057235405,-1
-0.14970076,-1
-0.34527463,-1
-0.06279211,-1
1.0000001,1
0.9999999,1
1.0,1
1.0000001,1
1.0000001,1
-0.25346625,-1
-0.33657548,-1
-0.5145307,-1
-0.25461146,-1
0.9065152,-1
0.91777384,1
1.0000004,1
0.99487156,1
1.0000001,1
1.0000002,1
-0.12518613,-1
-0.23493482,-1
-0.35002428,-1
0.20349227,-1
-0.3516132,-1
0.9999994,1
0.99999976,1
0.9999999,1
0.99999976,1
0.99999994,1
-0.01887754,-1
0.99999976,-1
-0.3515559,-1
-0.11428902,-1
-0.06459257,-1
1.0,1
1.0,1
1.0000001,1
1.0000002,1
1.0,1
-0.18631558,-1
0.62299335,-1
-0.40459675,-1
0.026242254,-1
-0.002637591,-1
0.99999994,1
1.0000001,1
1.0000001,1
1.0000002,1
1.0,1
-0.26138353,-1
-0.14108936,-1
0.3991441,-1
1.0000001,-1
-0.32971916,-1
1.0,1
1.0000002,1
1.0,1
1.0,1
0.9858308,1
0.050622325,-1
-0.032959275,-1
-0.102303,-1
0.99999994,-1
-0.21982566,-1
1.0000001,1
1.0,1
1.0000001,1
1.0000001,1
0.9999998,1
1.0000002,-1
0.9999998,-1
-0.4357198,-1
0.54095536,-1
0.34208,-1
1.0,1
0.99999994,1
0.99999994,1
0.99999994,1
1.0000001,1
0.039126806,-1
-0.33144388,-1
-0.2766483,-1
-0.4761493,-1
-0.117553875,-1
0.9999998,1
0.99999976,1
0.99999976,1
1.0,1
1.0,1
0.05055925,-1
-0.12223617,-1
-0.3015476,-1
0.09582623,-1
0.31361422,-1
0.99999994,1
0.9016835,1
0.88665044,1
1.0,1
1.0000001,1
-0.18425958,-1
-0.054672975,-1
-0.35275745,-1
-0.03320967,-1
1.0,-1
1.0000001,1
0.94814074,1
0.9999999,1
1.0,1
1.0,1
-0.21891272,-1
-0.36397552,-1
-0.058600567,-1
-0.12722094,-1
0.27763265,-1
1.0000001,1
1.0,1
1.0000001,1
1.0,1
0.99999994,1
0.30408868,-1
0.045154393,-1
-0.06372162,-1
0.1619696,-1
-0.09521188,-1
0.9999998,1
1.0,1
0.9999998,1
1.0000001,1
1.0000001,1
-0.36517468,-1
-0.29659107,-1
-0.2695502,-1
0.0036113341,-1
0.5550167,-1
0.97971314,1
1.0000001,1
1.0000001,1
1.0000001,1
1.0000001,1
-0.32457268,-1
0.0957662,-1
-0.13658378,-1
1.0,-1
1.0,-1
1.0000001,1
1.0000001,1
0.9999999,1
1.0000001,1
1.0000001,1
0.08661184,-1
-0.3520157,-1
-0.36044338,-1
-0.09644266,-1
0.029852988,-1
1.0000001,1
1.0000001,1
1.0000001,1
1.0000001,1
1.0,1
-0.13934524,-1
-0.37525812,-1
-0.25629067,-1
0.30973053,-1
-0.3631216,-1
1.0000001,1
1.0000001,1
1.0000002,1
1.0,1
1.0000001,1
0.9022994,-1
-0.37394547,-1
-0.053852763,-1
-0.36827797,-1
1.0000001,-1
1.0,1
0.99999994,1
0.99999994,1
1.0,1
1.0000001,1
-0.4297146,-1
-0.32009426,-1
-0.11212885,-1
0.06569191,-1
-0.13751525,-1
0.9999998,1
1.0000002,1
1.0000001,1
0.90209824,1
0.9989159,1
-0.3852054,-1
0.034879606,-1
0.90209824,-1
-0.23294961,-1
-0.11661057,-1
0.9999999,1
0.86725235,1
0.9999999,1
1.0,1
1.0,1
-0.3666608,-1
-0.03354336,-1
0.9865109,-1
0.026624842,-1
1.0,-1
1.0,1
1.0,1
0.99512905,1
1.0,1
1.0,1
-0.5492136,-1
-0.38886476,-1
-0.2577127,-1
-0.31403223,-1
-0.11511416,-1
1.0000001,1
1.0000002,1
1.0,1
1.0000002,1
1.0000002,1
-0.07975471,-1
-0.084322274,-1
-0.39080712,-1
-0.25415194,-1
-0.55774176,-1
1.0000002,1
1.0000001,1
1.0,1
1.0,1
1.0,1
1.0000001,-1
1.0,-1
-0.041190356,-1
-0.39496842,-1
0.12844446,-1
1.0000002,1
1.0,1
1.0,1
0.9999999,1
1.0000001,1
-0.38094577,-1
-0.1132424,-1
-0.045896612,-1
-0.12583724,-1
-0.3827137,-1
0.9500008,1
0.99999994,1
1.0,1
1.0000002,1
0.99999994,1
-0.08281958,-1
-0.32694578,-1
0.3597453,-1
-0.50068635,-1
-0.19006807,-1
1.0000001,1
0.98860085,1
0.8994531,1
0.9999999,1
1.0000001,1
1.0000001,-1
1.0,-1
-0.04998394,-1
-0.059716024,-1
0.4383343,-1
0.9976049,1
0.99999994,1
1.0,1
1.0000002,1
1.0,1
-0.1145619,-1
-0.0773923,-1
-0.25509328,-1
-0.3871133,-1
0.8251145,-1
1.0000001,1
1.0,1
1.0000001,1
1.0000001,1
1.0,1
-0.30784515,-1
-0.33566695,-1
-0.26593867,-1
-0.334018,-1
-0.009358395,-1
1.0,1
0.9999998,1
0.903335,1
1.0000002,1
1.0,1
0.695562,-1
0.030632727,-1
-0.20334299,-1
1.0,-1
-0.06852198,-1
1.0000001,1
0.9999998,1
0.9999999,1
0.99999994,1
0.9999999,1
0.1979136,-1
-0.43074545,-1
-0.41131926,-1
-0.30669534,-1
-0.42177612,-1
0.99999994,1
1.0,1
0.9920959,1
1.0,1
1.0,1
0.6867918,-1
-0.24564491,-1
-0.14342669,-1
-0.43349972,-1
-0.30615136,-1
1.0,1
0.99999994,1
1.0000001,1
1.0,1
0.99999994,1
1.0000001,-1
-0.4119216,-1
-0.34524956,-1
0.37556612,-1
0.33508977,-1
1.0000001,1
1.0,1
1.0000001,1
0.99999994,1
1.0,1
-0.43110028,-1
-0.2769325,-1
-0.07371946,-1
0.35802054,-1
-0.54647756,-1
1.0,1
0.9999998,1
1.0,1
1.0000001,1
1.0,1
-0.21664076,-1
-0.017127944,-1
-0.03388032,-1
-0.21260932,-1
-0.42434052,-1
0.9999999,1
0.9999999,1
0.9999999,1
1.0,1
0.9999999,1
-0.42145473,-1
-0.23390493,-1
-0.1654532,-1
0.092377506,-1
-0.42145473,-1
1.0,1
0.9999999,1
0.9999999,1
0.9823794,1
1.0000001,1
-0.2694062,-1
-0.4368413,-1
1.0,-1
-0.33741477,-1
0.19308749,-1
1.0000001,1
1.0000002,1
0.981992,1
1.0000001,1
1.0000001,1
-0.014954376,-1
-0.2885712,-1
1.0000001,-1
-0.41663066,-1
-0.44014987,-1
1.0000001,1
1.0000001,1
1.0000001,1
1.0,1
1.0000001,1
0.5087011,-1
-0.4221099,-1
-0.036550157,-1
-0.52602446,-1
0.9999999,-1
1.0,1
0.99999994,1
0.92236084,1
1.0,1
0.99999994,1
0.08847736,-1
0.8975802,-1
0.99999994,-1
-0.42540875,-1
0.4566793,-1
0.88347864,1
1.0000001,1
1.0,1
0.9851519,1
1.0000001,1
-0.1337317,-1
-0.28592497,-1
-0.4043406,-1
0.8170688,-1
0.80309826,-1
0.99999994,1
1.0000001,1
1.0000001,1
1.0000001,1
1.0,1
0.056655794,-1
-0.26851812,-1
-0.26672038,-1
0.03234651,-1
-0.419592,-1
1.0000001,1
0.99253005,1
1.0000001,1
1.0,1
0.99999994,1
0.118416205,-1
0.11354147,-1
-0.049460065,-1
0.47290608,-1
-0.067440316,-1
1.0000001,1
0.99999994,1
1.0,1
1.0000001,1
1.0000001,1
-0.06836248,-1
0.8922894,-1
-0.036524124,-1
-0.1462799,-1
0.9783068,-1
1.0,1
1.0000001,1
1.0,1
1.0,1
1.0,1
0.85855895,-1
0.12949808,-1
0.006791775,-1
-0.16383195,-1
-0.25208598,-1
0.9915285,1
1.0,1
0.8891775,1
1.0,1
1.0000001,1
-0.29794028,-1
0.16960968,-1
-0.15330976,-1
0.061989028,-1
0.011887264,-1
1.0000001,1
0.8592771,1
1.0000001,1
1.0,1
1.0000001,1
-0.15368685,-1
0.97690654,-1
-0.47698957,-1
-0.1281363,-1
-0.07760921,-1
0.970398,1
0.99980426,1
0.9999999,1
1.0000002,1
0.9999999,1
0.06183309,-1
-0.44897166,-1
-0.19415736,-1
-0.12511222,-1
-0.03604298,-1
0.9999998,1
1.0000001,1
1.0,1
1.0000001,1
1.0,1
-0.0803179,-1
0.22482863,-1
1.0000001,-1
1.0000001,-1
0.07263667,-1
1.0,1
0.99999994,1
1.0,1
1.0,1
0.9979157,1
0.02174631,-1
-0.20765646,-1
-0.40634674,-1
-0.21117961,-1
-0.22398968,-1
0.99999994,1
0.8896932,1
1.0,1
1.0000002,1
1.0000001,1
-0.11601354,-1
0.8680175,-1
-0.34202564,-1
0.13237971,-1
-0.2130178,-1
0.9767108,1
1.0000002,1
1.0,1
0.99999994,1
1.0,1
-0.061468188,-1
-0.39984852,-1
-0.4817863,-1
-0.12405066,-1
0.0036591291,-1
1.0000001,1
0.9999998,1
1.0,1
1.0000001,1
1.0000001,1
-0.095709085,-1
-0.39526823,-1
0.17360286,-1
-0.39956054,-1
1.0000001,-1
0.9999999,1
1.0000002,1
0.9999999,1
1.0000001,1
0.9999998,1
-0.035448927,-1
0.37287423,-1
-0.3964188,-1
0.2100514,-1
-0.37127665,-1
1.0000001,1
1.0,1
0.9999998,1
0.9999998,1
0.8435214,1
-0.012509989,-1
0.9999998,-1
-0.38511047,-1
-0.21898021,-1
1.0,-1
0.9999998,1
0.9999998,1
0.9999998,1
1.0000001,1
1.0,1
-0.1616006,-1
-0.031880252,-1
0.7377259,-1
-0.38852715,-1
-0.123621315,-1
0.9818382,1
0.9999998,1
0.99999994,1
0.99999994,1
1.0,1
0.1342067,-1
-0.21828702,-1
-0.19630371,-1
0.1298808,-1
0.3984051,-1
0.99999994,1
0.9999999,1
0.99999994,1
0.99999994,1
0.99999994,1
-0.040259007,-1
0.060693745,-1
-0.186233,-1
-0.10510623,-1
-0.21153013,-1
1.0000001,1
0.9999999,1
1.0000001,1
1.0,1
0.9999999,1
-0.16513889,-1
-0.11401901,-1
-0.46278134,-1
0.19656038,-1
-0.1671024,-1
1.0000001,1
1.0000001,1
0.9999999,1
1.0000001,1
1.0000001,1
-0.05170023,-1
-0.048877154,-1
0.21508048,-1
-0.30866763,-1
-0.5050714,-1
1.0,1
1.0000001,1
1.0000002,1
1.0,1
1.0,1
-0.16940394,-1
1.0000001,-1
-0.11051014,-1
-0.13464165,-1
0.89880687,-1
0.99999994,1
1.0,1
1.0,1
0.9999998,1
1.0,1
-0.18986547,-1
-0.2805387,-1
-0.28324977,-1
0.9098816,-1
-0.0022578675,-1
0.99999994,1
1.0000001,1
1.0000001,1
1.0000001,1
0.99999994,1
0.17530005,-1
-0.17919339,-1
-0.10479348,-1
-0.58490604,-1
-0.24732214,-1
0.93232673,1
1.0000001,1
1.0,1
0.99999994,1
1.0000002,1
0.9807678,-1
-0.20676798,-1
-0.4390761,-1
1.0,-1
-0.058943465,-1
1.0000002,1
1.0000001,1
1.0,1
1.0000002,1
0.9999999,1
0.10342434,-1
0.011026674,-1
-0.22832508,-1
0.4701261,-1
-0.31609458,-1
1.0000001,1
1.0,1
0.9999998,1
0.98089665,1
0.99092567,1
-0.51629174,-1
-0.21947655,-1
-0.1827365,-1
-0.4088019,-1
0.5012761,-1
0.99985534,1
0.99999994,1
1.0000001,1
1.0000001,1
0.9885758,1
1.0000001,-1
0.9029432,-1
-0.37072358,-1
-0.49661493,-1
-0.043048102,-1
1.0,1
1.0000001,1
0.9812141,1
0.99999994,1
1.0000001,1
-0.14054681,-1
1.0000001,-1
-0.30094683,-1
-0.21633701,-1
-0.22981401,-1
1.0000002,1
0.99999994,1
0.9638042,1
1.0000001,1
1.0000001,1
-0.34157285,-1
-0.09809723,-1
-0.19276215,-1
0.15262848,-1
-0.30242947,-1
1.0000001,1
0.99999994,1
0.9815312,1
1.0,1
1.0000001,1
-0.29468235,-1
-0.30853748,-1
-0.37673107,-1
0.42929506,-1
-0.113255486,-1
1.0,1
0.9477393,1
1.0000001,1
0.9999999,1
1.0000001,1
-0.069985025,-1
-0.30562794,-1
0.5640356,-1
0.24569693,-1
-0.40692973,-1
0.9727108,1
1.0000001,1
1.0000002,1
1.0,1
0.99999994,1
-0.28010622,-1
-0.18284063,-1
0.99999994,-1
0.98135316,-1
-0.15035231,-1
1.0000001,1
0.8702222,1
1.0000001,1
1.0000001,1
0.99999994,1
0.32347015,-1
-0.09311885,-1
-0.24564536,-1
-0.15700525,-1
0.04952427,-1
0.9818825,1
0.99999994,1
0.99999994,1
0.99999994,1
1.0,1
-0.3803936,-1
-0.27561823,-1
0.99999994,-1
0.69638896,-1
0.67799926,-1
1.0000001,1
1.0000001,1
1.0000001,1
0.99999994,1
0.9674194,1
-0.27812257,-1
-0.16085523,-1
-0.16962706,-1
-0.39161506,-1
0.3049339,-1
0.9015094,1
1.0,1
1.0000002,1
0.99999994,1
0.99999994,1
-0.3869514,-1
-0.3869514,-1
-0.06624269,-1
-0.27641937,-1
0.8988136,-1
0.99999994,1
0.9911129,1
1.0000001,1
1.0,1
0.99999994,1
-0.2996162,-1
-0.16111471,-1
-0.012448679,-1
0.23771662,-1
-0.17047456,-1
1.0,1
0.98140395,1
1.0000001,1
1.0,1
1.0000001,1
-0.3928431,-1
-0.08534293,-1
-0.3896009,-1
0.43279266,-1
-0.1446108,-1
1.0,1
1.0000001,1
1.0,1
0.99999994,1
0.9999999,1
-0.12818779,-1
-0.20464231,-1
-0.38599336,-1
0.07122603,-1
0.0026058557,-1
1.0000002,1
1.0000002,1
0.9999999,1
1.0000002,1
1.0000002,1
0.8227948,-1
1.0,-1
-0.34170684,-1
-0.029775988,-1
0.05855806,-1
0.99999994,1
1.0,1
1.0000002,1
1.0,1
1.0000001,1
1.0,-1
0.123413086,-1
0.19409074,-1
0.9644657,-1
0.07189586,-1
0.99999994,1
0.9041645,1
1.0000001,1
0.89739317,1
1.0000002,1
1.0000001,-1
-0.20565315,-1
0.55987513,-1
-0.014253926,-1
-0.3284246,-1
0.9999999,1
1.0000002,1
1.0,1
1.0000001,1
1.0000002,1
-0.27111962,-1
-0.28800783,-1
-0.0513928,-1
-0.38599396,-1
-0.29755762,-1
1.0000001,1
1.0,1
1.0000002,1
1.0000002,1
1.0000001,1
-0.005482029,-1
-0.2568855,-1
-0.1471852,-1
-0.4043318,-1
-0.4592734,-1
1.0000001,1
1.0000001,1
0.9808551,1
1.0000001,1
1.0000002,1
-0.25637078,-1
0.1903659,-1
-0.17786355,-1
-0.2955189,-1
-0.25656354,-1
1.0000001,1
1.0000001,1
1.0000001,1
1.0,1
1.0,1
1.0,-1
-0.43313622,-1
0.2628872,-1
-0.36988148,-1
-0.050813004,-1
0.99999994,1
1.0,1
0.99999994,1
1.0000001,1
0.99999994,1
-0.172475,-1
0.14025773,-1
0.98052627,-1
-0.16079305,-1
0.18660344,-1
1.0,1
1.0000001,1
0.8898647,1
0.98043853,1
1.0,1
0.34090176,-1
0.16736914,-1
-0.36491147,-1
-0.10162356,-1
-0.2493736,-1
0.9580632,1
0.9999998,1
0.9999998,1
1.0000002,1
0.99999994,1
0.9999998,-1
-0.06185613,-1
-0.1921467,-1
-0.16693278,-1
-0.53263587,-1
0.9999999,1
0.9805681,1
0.97531974,1
1.0,1
0.99999994,1
-0.42835832,-1
-0.09460782,-1
-0.17739484,-1
-0.2743861,-1
-0.038100217,-1
0.9987981,1
1.0000001,1
0.9807201,1
0.9999999,1
0.9999999,1
-0.22855955,-1
-0.16890194,-1
-0.25600457,-1
-0.48980057,-1
-0.42529503,-1
1.0000001,1
1.0000002,1
1.0,1
1.0000001,1
1.0000001,1
-0.13982151,-1
-0.22902168,-1
-0.30020174,-1
-0.27974284,-1
0.08476982,-1
0.92781806,1
1.0000001,1
1.0,1
1.0,1
1.0,1
-0.090475395,-1
-0.4281069,-1
0.8569149,-1
-0.2950246,-1
0.53411347,-1
0.99999994,1
1.0,1
0.99999994,1
1.0,1
0.9999998,1
-0.51163846,-1
-0.22911336,-1
0.028682506,-1
-0.3695206,-1
-0.22113895,-1
1.0000001,1
1.0000001,1
1.0000001,1
1.0000001,1
1.0000001,1
-0.20967494,-1
0.5802114,-1
-0.49639696,-1
-0.2933647,-1
-0.011295183,-1
1.0000001,1
0.98103887,1
1.0000002,1
1.0000001,1
0.9999999,1
0.49425235,-1
-0.41981062,-1
-0.15181622,-1
-0.022810362,-1
0.792805,-1
1.0,1
1.0000001,1
1.0000001,1
1.0000001,1
0.9999999,1
-0.4171019,-1
0.26773977,-1
-0.5415904,-1
-0.3240985,-1
0.32524064,-1
0.9999999,1
1.0000001,1
0.8917816,1
1.0,1
0.9988159,1
0.01308011,-1
0.0790487,-1
-0.5614416,-1
-0.070726365,-1
0.11628256,-1
1.0000001,1
1.0,1
1.0000001,1
1.0000001,1
0.99999994,1
-0.12876756,-1
-0.15397893,-1
-0.4150738,-1
-0.41507387,-1
-0.29923448,-1
1.0,1
0.9949681,1
1.0,1
0.7861665,1
0.9999999,1
-0.33425173,-1
0.13959797,-1
-0.1788356,-1
-0.27542886,-1
-0.41219348,-1
1.0000001,1
1.0,1
1.0,1
1.0,1
1.0,1
-0.06214317,-1
-0.15304737,-1
0.5594645,-1
-0.119047575,-1
-0.46379688,-1
1.0,1
1.0,1
1.0,1
1.0000001,1
1.0,1
-0.30785647,-1
0.043132875,-1
0.0888357,-1
-0.018727316,-1
-0.06494551,-1
1.0,1
1.0000001,1
1.0,1
0.9999999,1
0.88200486,1
-0.20571625,-1
-0.25688556,-1
0.25366673,-1
-0.1267957,-1
0.99999994,-1
1.0000001,1
1.0000001,1
0.70865166,1
1.0000001,1
1.0000001,1
-0.3970527,-1
-0.09918221,-1
-0.14004059,-1
-0.18498437,-1
-0.398781,-1
0.98217535,1
0.99999994,1
0.9999998,1
0.8856411,1
1.0000001,1
0.98217535,-1
-0.2741873,-1
-0.24528167,-1
1.0000001,-1
-0.27614236,-1
1.0000001,1
1.0,1
0.99999994,1
0.99999994,1
0.99999994,1
-0.09230356,-1
-0.09818961,-1
-0.2724253,-1
-0.35668,-1
0.029278299,-1
0.99999994,1
0.9994101,1
1.0,1
0.9819508,1
0.9999999,1
-0.47958663,-1
-0.4074637,-1
0.31939873,-1
0.23413186,-1
-0.31619287,-1
0.99999994,1
1.0,1
1.0,1
1.0000001,1
1.0000001,1
1.0,-1
-0.059715703,-1
0.12351525,-1
-0.39592203,-1
-0.10000298,-1
1.0000001,1
1.0000001,1
1.0000001,1
0.9999999,1
1.0,1
0.0055076308,-1
-0.27014336,-1
-0.26331204,-1
-0.40925044,-1
1.0,-1
1.0,1
1.0000001,1
1.0,1
1.0,1
1.0,1
0.3798254,-1
-0.022906277,-1
0.7095095,-1
-0.40756178,-1
-0.0948749,-1
0.99999994,1
0.9999999,1
0.99999976,1
1.0,1
1.0000001,1
-0.42274338,-1
-0.08940034,-1
1.0,-1
0.51302963,-1
-0.0656435,-1
1.0000001,1
0.99999994,1
1.0000001,1
1.0,1
1.0000001,1
0.9818496,-1
0.35319796,-1
-0.2724273,-1
0.99999994,-1
0.57296157,-1
0.99999994,1
1.0000002,1
0.9845489,1
1.0,1
0.9999999,1
0.29630452,-1
-0.30946878,-1
-0.32949764,-1
-0.2632104,-1
0.030091938,-1
0.99999994,1
1.0000001,1
1.0000001,1
1.0,1
1.0000001,1
-0.0324001,-1
-0.44405976,-1
-0.18432258,-1
1.0,-1
-0.042112023,-1
0.98253715,1
0.9999998,1
0.840476,1
0.86295354,1
0.99999994,1
-0.258704,-1
0.07100893,-1
-0.44562206,-1
0.98253715,-1
-0.08831921,-1
1.0000002,1
1.0000001,1
1.0,1
0.9999999,1
0.99999976,1
-0.20801851,-1
-0.04271843,-1
0.95366085,-1
-0.046579458,-1
0.4852654,-1
1.0000001,1
1.0,1
0.9999999,1
0.99999994,1
0.99999994,1
0.25814167,-1
0.17511837,-1
-0.33062977,-1
-0.072491035,-1
-0.25447524,-1
0.99999994,1
0.9999999,1
1.0,1
0.8992146,1
0.99999994,1
-0.14364552,-1
-0.055692334,-1
-0.36497465,-1
0.47302246,-1
-0.3473115,-1
1.0000001,1
1.0,1
1.0,1
1.0000001,1
1.0,1
-0.12514059,-1
-0.0968646,-1
-0.08975468,-1
-0.5368661,-1
1.0,-1
1.0000001,1
1.0000001,1
1.0000001,1
1.0,1
1.0000001,1
0.5193194,-1
-0.10964872,-1
-0.19365242,-1
-0.12982449,-1
-0.014012655,-1
1.0000001,1
1.0,1
0.9033021,1
1.0000001,1
1.0,1
-0.2752207,-1
-0.35587358,-1
-0.1775694,-1
0.30363536,-1
-0.33278427,-1
1.0000001,1
0.99999994,1
1.0,1
0.99999994,1
0.99999994,1
-0.20223822,-1
-0.19325161,-1
-0.19325161,-1
0.1281115,-1
-0.25096878,-1
1.0000001,1
1.0,1
1.0,1
0.9999999,1
1.0,1
-0.1329112,-1
-0.23646782,-1
0.13513441,-1
-0.25649983,-1
0.03983669,-1
1.0,1
1.0000002,1
0.99999994,1
1.0000001,1
0.99999994,1
0.99999994,-1
-0.20324709,-1
-0.012710496,-1
-0.08741697,-1
0.47179583,-1
1.0000001,1
1.0000001,1
1.0000001,1
0.90730774,1
0.9999998,1
-0.37154183,-1
-0.098703116,-1
0.3295212,-1
-0.3264255,-1
-0.3509839,-1
1.0000001,1
1.0000001,1
1.0,1
1.0,1
1.0,1
-0.3872568,-1
-0.023304725,-1
0.08189815,-1
-0.08703453,-1
-0.100426726,-1
1.0,1
1.0000001,1
1.0000001,1
1.0000001,1
0.99999994,1
-0.20441955,-1
-0.19172004,-1
-0.17321722,-1
-0.27427214,-1
-0.2872178,-1
0.86258405,1
1.0000001,1
1.0,1
1.0000001,1
0.9999994,1
0.0050628306,-1
-0.39119402,-1
0.034284364,-1
0.019164424,-1
-0.391194,-1
1.0000001,1
1.0000001,1
1.0000001,1
1.0000001,1
1.0000001,1
-0.39623433,-1
1.0000001,-1
-0.29945228,-1
0.01440484,-1
-0.11055878,-1
1.0000001,1
1.0,1
0.99999994,1
0.9999998,1
1.0000001,1
0.4215668,-1
0.2116831,-1
-0.0053266315,-1
-0.0043532276,-1
0.1729719,-1
0.9999999,1
1.0,1
0.99999994,1
1.0000001,1
0.8230893,1
-0.2680264,-1
-0.10963763,-1
-0.4072974,-1
-0.32656923,-1
-0.20998786,-1
1.0,1
1.0,1
1.0,1
1.0,1
1.0000001,1
-0.5098629,-1
-0.40305668,-1
-0.40305668,-1
0.18183865,-1
-0.07368482,-1
1.0000001,1
0.9726305,1
1.0,1
0.99999994,1
0.99999994,1
-0.19467695,-1
0.30688012,-1
-0.1740452,-1
-0.0585329,-1
-0.2725782,-1
1.0000001,1
1.0000001,1
1.0000001,1
0.9999998,1
0.99999994,1
1.0000001,-1
-0.008975352,-1
0.21542811,-1
-0.3466462,-1
0.06661651,-1
1.0000001,1
1.0000001,1
1.0000001,1
0.99999994,1
0.9999999,1
-0.3095292,-1
-0.37090787,-1
0.3379647,-1
-0.19710097,-1
0.25534236,-1
0.90781826,1
0.99127024,1
0.99999994,1
0.99999994,1
1.0000001,1
-0.3813889,-1
0.120145716,-1
-0.14011814,-1
1.0,-1
-0.057334814,-1
0.94423354,1
1.0000004,1
1.0,1
1.0,1
1.0000001,1
-0.41460148,-1
-0.10879706,-1
1.0,-1
0.32502863,-1
-0.20085357,-1
1.0,1
1.0000001,1
1.0,1
1.0,1
1.0,1
-0.0053762607,-1
0.20993228,-1
-0.18729912,-1
0.131266,-1
0.88813156,-1
1.0000001,1
0.99999994,1
1.0,1
1.0,1
0.98188996,1
-0.32216454,-1
0.007098132,-1
0.9851546,-1
-0.06351375,-1
-0.31945968,-1
1.0,1
1.0,1
1.0,1
0.99999994,1
0.99999994,1
0.4306455,-1
-0.056795027,-1
-0.1530892,-1
-0.31050396,-1
0.2144924,-1
1.0,1
1.0000001,1
1.0,1
1.0,1
1.0,1
-0.2549255,-1
0.001583806,-1
-0.038724534,-1
-0.038504906,-1
-0.31229654,-1
1.0000001,1
0.99999994,1
0.99999994,1
0.9999999,1
1.0,1
-0.4274393,-1
0.99999994,-1
-0.22213815,-1
-0.42735574,-1
-0.42743924,-1
0.9848244,1
0.99999994,1
1.0,1
1.0,1
0.99999994,1
0.3561753,-1
0.18382119,-1
-0.23111966,-1
-0.43037108,-1
-0.4769039,-1
1.0,1
1.0,1
1.0,1
1.0000001,1
0.9634585,1
0.063433364,-1
-0.31948894,-1
-0.13198774,-1
-0.0022859327,-1
-0.43314946,-1
1.0,1
1.0000001,1
0.9846068,1
0.9991436,1
1.0000001,1
-0.43595955,-1
0.42826864,-1
0.46794742,-1
0.7071538,-1
-0.19748014,-1
0.9999999,1
1.0,1
0.99999994,1
1.0,1
1.0,1
-0.046812233,-1
-0.5037931,-1
0.33681652,-1
-0.502642,-1
-0.323049,-1
1.0000001,1
0.9956605,1
1.0000001,1
1.0000001,1
1.0000001,1
-0.3983567,-1
-0.20260218,-1
-0.31295046,-1
-0.15045448,-1
-0.43800148,-1
1.0,1
0.99999994,1
1.0000001,1
1.0000001,1
1.0,1
-0.23716536,-1
-0.058442015,-1
-0.11071537,-1
-0.5437148,-1
-0.3951549,-1
0.99999994,1
0.9999999,1
0.9999999,1
0.9999998,1
0.9999999,1
-0.2802366,-1
-0.3276634,-1
-0.32517752,-1
0.11017116,-1
-0.27258185,-1
1.0000002,1
1.0000002,1
0.99999994,1
1.0000001,1
0.93674314,1
1.0000002,-1
0.31347972,-1
1.0000002,-1
-0.29436287,-1
0.15407535,-1
0.9999999,1
1.0000001,1
1.0000002,1
1.0,1
1.0,1
-0.63514113,-1
0.42581248,-1
-0.21491455,-1
-0.19792792,-1
-0.12476214,-1
0.98708767,1
1.0000002,1
1.0,1
0.98293084,1
1.0,1
-0.26918,-1
0.26556733,-1
-0.42044854,-1
-0.14097355,-1
0.08583498,-1
1.0000001,1
1.0000002,1
0.99999994,1
1.0000002,1
0.99999994,1
-0.065762274,-1
-0.21676804,-1
0.11839013,-1
-0.3692209,-1
0.055808004,-1
1.0,1
0.99999976,1
0.9822544,1
1.0,1
1.0000001,1
-0.28543478,-1
0.22926265,-1
-0.5229698,-1
-0.06316345,-1
0.29305723,-1
1.0000001,1
0.8971121,1
1.0,1
1.0,1
1.0000001,1
0.09760685,-1
-0.23385,-1
-0.28859854,-1
0.2172533,-1
0.11588857,-1
1.0000001,1
1.0000001,1
1.0000002,1
1.0000001,1
1.0000001,1
0.8438208,-1
1.0000001,-1
-0.3125288,-1
0.27354386,-1
0.1955083,-1
1.0000002,1
1.0000001,1
0.994342,1
1.0000001,1
1.0000001,1
1.0000002,-1
1.0000002,-1
0.9814077,-1
-0.3270555,-1
-0.13490504,-1
1.0000001,1
1.0,1
1.0000002,1
0.99999994,1
1.0000001,1
-0.26552472,-1
-0.47615072,-1
0.049384497,-1
0.18464904,-1
-0.45984486,-1
0.9808091,1
0.9999999,1
0.9999998,1
1.0,1
1.0,1
-0.20845559,-1
1.0000001,-1
-0.21139431,-1
0.13941987,-1
-0.2719403,-1
0.9999999,1
0.9999999,1
1.0,1
1.0000001,1
0.9999999,1
-0.00097452267,-1
-0.45413798,-1
0.071736835,-1
-0.31334612,-1
0.10386897,-1
1.0000001,1
1.0000002,1
0.9999999,1
1.0000002,1
0.98059183,1
-0.26223028,-1
-0.2096517,-1
0.99999994,-1
1.0000001,-1
0.39650452,-1
1.0,1
1.0,1
0.980521,1
1.0000001,1
1.0,1
-0.44820046,-1
-0.06747796,-1
-0.3628097,-1
-0.25717846,-1
0.13969429,-1
1.0000001,1
1.0000001,1
1.0,1
1.0,1
1.0,1
-0.18064384,-1
-0.12458319,-1
-0.44963104,-1
-0.4409112,-1
-0.30069333,-1
1.0000001,1
1.0,1
1.0000001,1
1.0000002,1
1.0000001,1
0.020558553,-1
-0.19168566,-1
-0.20179719,-1
0.9999999,-1
0.1764588,-1
1.0,1
1.0,1
0.9932033,1
1.0000001,1
0.8833179,1
-0.091683835,-1
-0.1577217,-1
-0.2990148,-1
-0.41460848,-1
0.8946097,-1
1.0,1
1.0000001,1
1.0,1
0.9999999,1
0.99999994,1
1.0,-1
0.88520885,-1
0.11833287,-1
-0.36087948,-1
-0.366829,-1
0.9999999,1
0.89100975,1
0.9999998,1
1.0000004,1
1.0,1
-0.2519589,-1
-0.2315506,-1
0.11622348,-1
0.91053724,-1
0.032376226,-1
0.99244416,1
0.9999999,1
1.0000001,1
0.9999999,1
0.8900157,1
0.08405752,-1
-0.013418942,-1
-0.38060865,-1
-0.15074183,-1
0.2124041,-1
1.0000001,1
1.0000002,1
1.0000001,1
0.97078395,1
1.0000001,1
-0.45691147,-1
0.19361235,-1
0.41715088,-1
-0.40364975,-1
0.5449269,-1
1.0,1
1.0,1
1.0000002,1
1.0000002,1
0.99061507,1
0.058165006,-1
0.4454803,-1
-0.25829223,-1
0.081495725,-1
-0.29789203,-1
1.0000001,1
1.0,1
0.9999999,1
1.0000001,1
1.0,1
0.43893912,-1
-0.12397398,-1
0.49551582,-1
0.20374419,-1
-0.01248425,-1
0.86325556,1
1.0000001,1
1.0000001,1
0.99999976,1
0.9711287,1
-0.2730177,-1
-0.06508805,-1
-0.28995848,-1
-0.43820104,-1
-0.28370756,-1
0.99982536,1
1.0000001,1
1.0000002,1
1.0000001,1
1.0000001,1
0.5566776,-1
-0.30600905,-1
-0.09753792,-1
-0.12857233,-1
-0.49286506,-1
1.0000002,1
0.9999999,1
0.9999999,1
1.0000001,1
1.0,1
0.8173239,-1
-0.16836467,-1
-0.44060397,-1
1.0,-1
-0.2506134,-1
0.9999999,1
0.9999999,1
0.9999999,1
1.0,1
1.0000001,1
0.9999999,-1
-0.41592818,-1
0.54898024,-1
0.41918197,-1
-0.10735255,-1
1.0,1
1.0000001,1
1.0,1
1.0,1
1.0,1
-0.037050486,-1
-0.13480224,-1
0.33301607,-1
-0.32698843,-1
-0.0033657416,-1
1.0,1
1.0000001,1
1.0000001,1
1.0000001,1
0.99999994,1
-0.09034883,-1
-0.101261094,-1
-0.4425036,-1
0.03501259,-1
0.18754221,-1
1.0,1
1.0000002,1
1.0000002,1
1.0,1
1.0000001,1
-0.3410752,-1
-0.24279726,-1
0.9268093,-1
-0.4203081,-1
-0.066018716,-1
1.0,1
1.0000001,1
1.0000001,1
1.0,1
0.99999976,1
0.020065663,-1
-0.11107613,-1
0.8951538,-1
0.3400717,-1
-0.08490156,-1
1.0,1
0.99999994,1
0.99999994,1
1.0000002,1
0.99999994,1
-0.25532246,-1
0.99999994,-1
-0.16591625,-1
-0.2805466,-1
0.36456397,-1
1.0000001,1
1.0000001,1
0.99999994,1
1.0000001,1
0.97532135,1
0.9909902,-1
-0.25187242,-1
-0.072140776,-1
-0.1642684,-1
-0.59654903,-1
1.0,1
1.0,1
0.9758747,1
1.0000001,1
1.0,1
0.109743014,-1
-0.40492874,-1
-0.43077126,-1
-0.31266728,-1
0.9758746,-1
1.0,1
1.0000001,1
1.0000001,1
1.0000001,1
0.99958956,1
-0.27973047,-1
0.7402962,-1
-0.40010318,-1
-0.23119874,-1
-0.20307428,-1
0.9999999,1
1.0,1
0.99999994,1
0.99999994,1
0.97582924,1
0.39761695,-1
-0.017286642,-1
0.017018337,-1
-0.17264746,-1
-0.2607506,-1
1.0,1
1.0000001,1
1.0,1
1.0,1
1.0000001,1
-0.048007473,-1
0.22978337,-1
-0.033824865,-1
-0.33766365,-1
-0.2096821,-1
0.99999994,1
1.0000001,1
0.9999998,1
0.9999999,1
1.0,1
-0.2142495,-1
-0.109028615,-1
-0.20309104,-1
-0.2054899,-1
-0.308641,-1
0.97950655,1
1.0000001,1
1.0000001,1
1.0000001,1
1.0,1
-0.24467671,-1
-0.39905375,-1
0.43077016,-1
0.56719965,-1
-0.31580672,-1
0.9796325,1
1.0,1
0.99999994,1
1.0,1
0.93509716,1
0.99999994,-1
-0.22260672,-1
-0.34740478,-1
0.22223458,-1
-0.25544837,-1
1.0,1
0.88574076,1
1.0,1
1.0000001,1
1.0000002,1
0.6169211,-1
0.1553563,-1
-0.39067394,-1
-0.14161362,-1
-0.20199555,-1
1.0,1
1.0,1
1.0000001,1
1.0,1
1.0,1
-0.27662793,-1
-0.2262464,-1
-0.17407061,-1
0.52271223,-1
1.0,-1
0.99999994,1
1.0000001,1
0.9774963,1
0.9999999,1
0.99999994,1
0.8924459,-1
-0.05891626,-1
0.25319016,-1
-0.35252607,-1
-0.17471714,-1
0.9999999,1
1.0000001,1
1.0000001,1
1.0000001,1
0.99999994,1
0.92237,-1
-0.29980698,-1
1.0,-1
-0.10927976,-1
-0.09071372,-1
1.0000001,1
0.9777629,1
1.0000001,1
1.0000001,1
1.0000001,1
-0.30822948,-1
-0.24706408,-1
-0.40496305,-1
0.0038836298,-1
-0.10584956,-1
1.0000001,1
0.95207226,1
1.0,1
1.0000002,1
1.0,1
0.3317348,-1
-0.4078166,-1
-0.30935055,-1
-0.40781656,-1
-0.3924817,-1
1.0000002,1
0.9999999,1
1.0000001,1
1.0000001,1
1.0,1
-0.11122455,-1
0.07364567,-1
-0.13682812,-1
0.064381406,-1
-0.07157786,-1
0.99999994,1
1.0,1
0.99999976,1
0.97794217,1
0.99999994,1
0.0340943,-1
-0.18207712,-1
-0.117173195,-1
-0.085355185,-1
-0.57445127,-1
1.0000002,1
0.9999999,1
1.0,1
0.9999998,1
0.9999998,1
0.020880105,-1
-0.17068043,-1
-0.398263,-1
0.3455359,-1
-0.2265252,-1
1.0000001,1
0.99999994,1
0.99999994,1
1.0,1
0.98243964,1
-0.07774645,-1
0.112879,-1
-0.20258318,-1
-0.21557322,-1
1.0000001,-1
1.0000001,1
1.0000001,1
1.0000001,1
1.0,1
1.0,1
0.11226497,-1
-0.02732536,-1
-0.0815323,-1
0.3345423,-1
-0.29419816,-1
1.0,1
1.0,1
0.99999994,1
0.9999999,1
0.8831614,1
-0.05607951,-1
0.84742963,-1
0.8013035,-1
-0.5058244,-1
1.0,-1
1.0,1
1.0,1
0.9785667,1
0.99999994,1
1.0,1
0.99999994,-1
-0.40380862,-1
-0.17776749,-1
-0.35316932,-1
-0.31157297,-1
1.0000001,1
1.0,1
1.0000001,1
1.0000002,1
1.0,1
0.28789005,-1
-0.24533522,-1
0.08774302,-1
0.12322479,-1
-0.06646601,-1
1.0000001,1
0.99999994,1
1.0,1
1.0000001,1
1.0000002,1
-0.023202285,-1
-0.29329866,-1
0.063430734,-1
-0.23230226,-1
-0.18460253,-1
0.9929638,1
1.0000002,1
1.0,1
1.0,1
0.99999976,1
0.99999976,-1
-0.40436485,-1
0.22622955,-1
-0.54832083,-1
-0.29389304,-1
1.0000001,1
1.0000001,1
1.0000001,1
1.0000001,1
1.0000001,1
-0.42540488,-1
-0.12857455,-1
-0.14071676,-1
0.8873296,-1
0.99999994,-1
1.0000001,1
1.0000002,1
1.0000001,1
1.0000001,1
0.99999994,1
-0.024299903,-1
-0.5791717,-1
-0.45961258,-1
-0.1343394,-1
-0.24514113,-1
1.0000002,1
1.0000001,1
0.8872815,1
1.0000001,1
1.0000002,1
-0.054685082,-1
0.12767199,-1
0.75266004,-1
-0.035127684,-1
-0.40961504,-1
0.9999999,1
0.9999999,1
1.0000001,1
0.9999999,1
0.9999999,1
-0.30263942,-1
-0.22556953,-1
-0.41483012,-1
0.9999999,-1
-0.3077307,-1
1.0000004,1
1.0,1
1.0000001,1
1.0000001,1
0.99999994,1
-0.046113305,-1
-0.09843793,-1
-0.4222319,-1
-0.4301558,-1
-0.137997,-1
0.9999998,1
1.0000001,1
0.99999994,1
1.0000002,1
1.0,1
0.55036974,-1
-0.095976695,-1
-0.048373654,-1
0.10732635,-1
1.0000001,-1
1.0,1
1.0000001,1
1.0000001,1
0.9999999,1
0.9999999,1
0.16046448,-1
-0.011656478,-1
-0.48450312,-1
-0.19748905,-1
0.004176502,-1
1.0000001,1
1.0,1
1.0,1
1.0,1
1.0000001,1
-0.18485849,-1
-0.47088057,-1
-0.44600034,-1
-0.08305861,-1
-0.09385309,-1
1.0,1
0.87910205,1
1.0,1
1.0000001,1
1.0,1
0.29654244,-1
-0.15347265,-1
0.9999998,-1
-0.19639578,-1
0.0012101065,-1
0.9999999,1
0.9999999,1
1.0000002,1
0.9999973,1
0.8763918,1
0.8763918,-1
-0.2169116,-1
-0.02678841,-1
0.27303308,-1
0.99999994,-1
0.9999999,1
0.9732791,1
1.0000002,1
0.99999994,1
1.0,1
-0.43195087,-1
-0.20523141,-1
-0.48970804,-1
-0.14642109,-1
-0.2055528,-1
1.0,1
1.0,1
1.0,1
0.9999999,1
0.87410605,1
-0.32497796,-1
0.9999998,-1
-0.026427772,-1
1.0,-1
-0.2860425,-1
0.9999999,1
1.0,1
0.99999994,1
0.99999994,1
1.0000001,1
-0.28435463,-1
0.82499576,-1
0.64567417,-1
-0.27643612,-1
-0.14318408,-1
1.0,1
0.976133,1
1.0,1
1.0,1
1.0,1
-0.030104697,-1
-0.3013455,-1
0.14908634,-1
-0.19434683,-1
0.6216437,-1
1.0,1
1.0000001,1
1.0,1
0.9999998,1
1.0,1
-0.024241926,-1
-0.20325156,-1
-0.3285048,-1
-0.17673136,-1
-0.2694811,-1
1.0000001,1
1.0000001,1
1.0000002,1
1.0000001,1
1.0,1
-0.016239354,-1
-0.46895364,-1
-0.27335992,-1
0.3474609,-1
-0.12808925,-1
0.9999998,1
0.99999994,1
1.0000001,1
1.0000001,1
0.9999999,1
-0.24448626,-1
0.0023988502,-1
0.09379748,-1
-0.10111238,-1
-0.17491987,-1
1.0000001,1
1.0000002,1
0.9999998,1
1.0,1
1.0000001,1
-0.10481959,-1
0.13591166,-1
-0.46193507,-1
-0.25275776,-1
0.8690591,-1
0.9999999,1
0.8797433,1
1.0,1
0.9986297,1
1.0000002,1
-0.2095234,-1
0.0005828448,-1
0.41945133,-1
-0.113266245,-1
0.21006653,-1
1.0,1
1.0000001,1
0.99999994,1
1.0,1
1.0000002,1
0.14934374,-1
-0.05226846,-1
-0.23730971,-1
-0.43912622,-1
-0.28035027,-1
0.9999999,1
1.0,1
1.0,1
1.0000001,1
1.0,1
0.29789558,-1
0.035088893,-1
0.16651285,-1
1.0,-1
-0.011296929,-1
1.0,1
1.0,1
1.0,1
0.8473818,1
0.9999998,1
1.0,-1
0.29917142,-1
-0.46821773,-1
0.24457264,-1
-0.44671106,-1
1.0,1
1.0000002,1
1.0,1
1.0000002,1
0.99999994,1
0.699442,-1
-0.30083108,-1
-0.26539612,-1
-0.33416834,-1
1.0,-1
1.0,1
0.99999994,1
0.9769471,1
0.99999994,1
1.0,1
1.0,-1
0.14171197,-1
-0.2966619,-1
-0.040851455,-1
-0.13367723,-1
0.9999999,1
1.0000001,1
0.9999999,1
0.9999998,1
1.0000001,1
-0.24789806,-1
-0.034214526,-1
-0.36913425,-1
-0.1569292,-1
-0.0774596,-1
0.9999999,1
1.0,1
0.99999994,1
0.9970103,1
1.0,1
-0.14652479,-1
0.97584736,-1
-0.33790293,-1
-0.00070203457,-1
0.45074376,-1
1.0000001,1
0.9999998,1
1.0000002,1
0.99999994,1
1.0000001,1
0.027974559,-1
-0.12623939,-1
-0.04794675,-1
-0.16340175,-1
0.27609867,-1
1.0,1
1.0000002,1
0.9999999,1
1.0000001,1
0.9999998,1
-0.46010557,-1
0.028630387,-1
-0.12518723,-1
-0.36735517,-1
-0.3347345,-1
1.0000001,1
1.0000001,1
1.0000001,1
1.0,1
1.0000002,1
-0.18795013,-1
-0.19288103,-1
0.03465368,-1
-0.12585337,-1
-0.16804293,-1
1.0,1
1.0000001,1
1.0,1
0.9999998,1
1.0000001,1
-0.104818925,-1
-0.03786547,-1
-0.47315067,-1
-0.055678166,-1
-0.43170702,-1
0.99999994,1
1.0,1
1.0000001,1
1.0,1
1.0,1
0.07941331,-1
1.0,-1
-0.26652935,-1
-0.46144214,-1
-0.51039135,-1
0.9999999,1
0.99999994,1
0.9999998,1
0.9999999,1
1.0000002,1
-0.1720928,-1
-0.3353729,-1
-0.06823834,-1
0.7650665,-1
-0.06322034,-1
0.99999994,1
1.0000001,1
0.99999994,1
0.9999999,1
0.9999998,1
-0.2027706,-1
-0.060405824,-1
0.99999994,-1
0.2511699,-1
-0.43235275,-1
1.0000001,1
1.0000001,1
1.0,1
1.0000001,1
1.0000002,1
-0.23586975,-1
0.6378275,-1
0.97737557,-1
-0.16609918,-1
-0.3716903,-1
1.0,1
1.0000001,1
1.0,1
0.9851274,1
0.97777563,1
-0.45089668,-1
-0.0012915882,-1
-0.06401183,-1
1.0000001,-1
-0.45089665,-1
