0.9999998,1
1.0,1
1.0,1
1.0,1
1.0000001,1
-0.14802434,-1
-0.20374952,-1
-0.20160425,-1
0.45238298,-1
0.12485835,-1
1.0000002,1
1.0,1
1.0000001,1
1.0000002,1
1.0000002,1
-0.31593385,-1
0.17997696,-1
-0.5011989,-1
-0.5078938,-1
-0.42349696,-1
1.0000001,1
1.0000001,1
1.0000001,1
1.0000002,1
1.0000001,1
-0.47187084,-1
-0.18118985,-1
0.02655154,-1
-0.2892252,-1
-0.31603187,-1
1.0000001,1
0.9999999,1
1.0,1
0.9999999,1
1.0,1
-0.3006111,-1
-0.118626736,-1
0.9999999,-1
0.13778932,-1
-0.057564106,-1
1.0000001,1
0.9999999,1
0.99999994,1
0.99999994,1
1.0000002,1
-0.3343696,-1
-0.36623266,-1
-0.317618,-1
-0.14054084,-1
1.0000001,-1
1.0,1
1.0000001,1
1.0,1
1.0000001,1
1.0,1
0.017842188,-1
-0.4167301,-1
0.1364316,-1
0.20788264,-1
0.92460346,-1
1.0000001,1
0.9999998,1
0.99999994,1
1.0,1
1.0000001,1
-0.3099195,-1
-0.14816624,-1
0.36166072,-1
0.24657883,-1
-0.5063843,-1
1.0,1
0.99999994,1
1.0,1
0.9999999,1
1.0000001,1
0.9999999,-1
-0.17960706,-1
0.24310037,-1
-0.21712482,-1
-0.46852553,-1
1.0,1
0.9999997,1
1.0,1
1.0000001,1
1.0,1
0.015074208,-1
-0.006719303,-1
-0.4505526,-1
0.047040187,-1
-0.14379308,-1
1.0000001,1
1.0000002,1
0.9988877,1
1.0,1
0.9999999,1
-0.22045031,-1
0.055743996,-1
0.37676603,-1
-0.32223657,-1
0.17919086,-1
1.0,1
1.0,1
1.0000001,1
1.0000002,1
1.0,1
0.0199367,-1
-0.21625537,-1
0.043032713,-1
-0.40239245,-1
-0.475994,-1
0.9999998,1
0.99999994,1
1.0,1
1.0000001,1
1.0,1
-0.2524953,-1
-0.20275389,-1
-0.21121988,-1
-0.31787446,-1
-0.16405025,-1
1.0000001,1
1.0,1
0.99999994,1
1.0000002,1
1.0,1
-0.22035392,-1
-0.35419407,-1
-0.31659192,-1
0.260128,-1
-0.23854154,-1
1.0000001,1
1.0000001,1
1.0,1
0.99999994,1
0.9999999,1
-0.15419872,-1
-0.20838113,-1
-0.30495134,-1
-0.11467104,-1
0.99999994,-1
1.0,1
1.0000001,1
0.9999998,1
1.0,1
1.0,1
-0.43112504,-1
-0.31036517,-1
0.8511045,-1
0.024916956,-1
-0.08295239,-1
1.0000001,1
0.9999998,1
1.0000001,1
1.0000001,1
0.9999999,1
-0.26175943,-1
-0.13105084,-1
0.14687791,-1
-0.29969049,-1
-0.31003714,-1
1.0000001,1
1.0,1
1.0000001,1
1.0,1
1.0000001,1
-0.06419893,-1
-0.23130846,-1
-0.104258925,-1
1.0,-1
0.5086934,-1
0.9999999,1
1.0,1
0.99999994,1
0.9999999,1
0.9999999,1
-0.3147285,-1
-0.049275957,-1
0.9999999,-1
0.14865924,-1
0.99999994,-1
1.0000002,1
1.0000002,1
1.0000001,1
1.0000002,1
1.0000001,1
-0.30472293,-1
0.007251403,-1
0.9240928,-1
0.13728672,-1
-0.031785965,-1
0.9999999,1
1.0000001,1
1.0000001,1
1.0,1
1.0,1
1.0,-1
0.84572804,-1
-0.32472435,-1
1.0,-1
-0.2337488,-1
1.0,1
0.99999994,1
0.9999999,1
1.0000001,1
0.99999994,1
-0.19028817,-1
-0.48275116,-1
-0.29368618,-1
-0.2213022,-1
-0.506625,-1
1.0000002,1
1.0,1
1.0000001,1
1.0000001,1
1.0000001,1
0.11108178,-1
-0.2955798,-1
-0.1538099,-1
0.004685133,-1
1.0,-1
0.9999999,1
0.9999999,1
1.0000001,1
1.0000001,1
1.0,1
0.12802035,-1
-0.2478359,-1
0.2615777,-1
-0.1350121,-1
-0.19817609,-1
1.0000002,1
1.0000001,1
1.0000001,1
1.0000001,1
1.0000001,1
-0.0911688,-1
1.0,-1
0.09295258,-1
-0.35028082,-1
-0.22691166,-1
0.99999994,1
1.0,1
0.99999994,1
1.0,1
0.9999999,1
0.39908937,-1
-0.33642957,-1
-0.29653442,-1
-0.37544358,-1
-0.46954995,-1
1.0,1
1.0000001,1
1.0000002,1
1.0,1
1.0,1
0.32634512,-1
-0.3162513,-1
-0.16294844,-1
0.10931266,-1
0.31296515,-1
1.0,1
1.0,1
1.0,1
1.0,1
1.0,1
1.0,-1
-0.49034148,-1
0.087041035,-1
-0.01136473,-1
0.33911648,-1
1.0,1
1.0,1
0.9844078,1
0.99999994,1
1.0,1
-0.35098374,-1
1.0000001,-1
0.60178065,-1
-0.012793593,-1
0.99418473,-1
1.0000004,1
1.0000004,1
1.0,1
1.0,1
1.0,1
-0.1541798,-1
-0.5469065,-1
-0.44825697,-1
0.6961763,-1
-0.2117332,-1
1.0,1
1.0000001,1
1.0000001,1
1.0,1
0.99999994,1
-0.12431318,-1
0.1375673,-1
-0.39960617,-1
0.003817595,-1
0.31085765,-1
1.0,1
0.99999994,1
0.9999998,1
0.9999998,1
1.0000001,1
0.008154124,-1
-0.11036835,-1
-0.13405834,-1
-0.15587567,-1
-0.19785751,-1
1.0000004,1
1.0000002,1
0.99999994,1
0.8101159,1
0.9999999,1
0.8025273,-1
-0.40821168,-1
-0.46635813,-1
-0.38616428,-1
0.10033862,-1
0.99999994,1
1.0000002,1
0.99999994,1
0.99999994,1
0.99999994,1
-0.31425276,-1
-0.29050943,-1
-0.32513514,-1
-0.17039005,-1
-0.44626302,-1
1.0,1
0.99999994,1
0.99999994,1
0.79765946,1
1.0000001,1
0.18892062,-1
-0.009019535,-1
-0.0007804765,-1
-0.4127319,-1
-0.34610468,-1
1.0000001,1
1.0000001,1
0.9999999,1
0.9999998,1
0.9999998,1
-0.31400055,-1
0.45459253,-1
-0.1854857,-1
0.17885713,-1
1.0,-1
0.99999994,1
0.9999998,1
0.9999998,1
0.99999994,1
1.0,1
-0.16759752,-1
-0.18242805,-1
-0.23388323,-1
0.028861746,-1
-0.4791318,-1
1.0,1
1.0000001,1
1.0000001,1
1.0000001,1
1.0,1
-0.18946849,-1
-0.27809572,-1
0.042478334,-1
-0.30739763,-1
-0.2607959,-1
1.0,1
1.0000001,1
1.0,1
0.9999999,1
0.99999994,1
-0.40495133,-1
0.1826921,-1
-0.18585408,-1
0.99999994,-1
-0.22351682,-1
0.99999994,1
0.99999994,1
0.99999994,1
0.99999976,1
1.0000001,1
-0.26751617,-1
-0.32073084,-1
-0.32264173,-1
0.011006643,-1
-0.40607315,-1
0.9999999,1
1.0,1
1.0,1
1.0,1
0.9999998,1
-0.24058367,-1
1.0000002,-1
-0.3206546,-1
-0.40355492,-1
-0.38335374,-1
0.9999999,1
0.9999999,1
1.0000002,1
1.0000001,1
1.0000001,1
-0.23055737,-1
-0.055436525,-1
0.007471965,-1
-0.21523848,-1
-0.36346745,-1
1.0,1
1.0,1
1.0000001,1
0.99999994,1
0.99999994,1
0.99999994,-1
0.18080114,-1
-0.39988625,-1
0.105478205,-1
-0.5823022,-1
1.0000001,1
0.9999999,1
1.0000001,1
1.0,1
1.0000001,1
-0.2751097,-1
-0.13038623,-1
0.13226731,-1
0.04608622,-1
-0.43606064,-1
0.99999994,1
1.0000001,1
1.0000001,1
1.0000001,1
1.0000001,1
-0.027997434,-1
-0.29472995,-1
0.12450293,-1
-0.44486892,-1
0.33633238,-1
1.0,1
1.0000001,1
1.0,1
1.0,1
0.9999999,1
-0.39893222,-1
0.0105813155,-1
-0.19234836,-1
0.13424905,-1
0.291402,-1
1.0000002,1
0.99999994,1
1.0,1
1.0000001,1
1.0000001,1
0.32664767,-1
-0.47684398,-1
-0.16303995,-1
-0.3412395,-1
-0.0934599,-1
0.99999994,1
1.0000001,1
0.9667146,1
1.0000001,1
1.0000001,1
-0.4027121,-1
0.11514991,-1
-0.30229822,-1
0.4467561,-1
-0.29873788,-1
1.0,1
1.0000001,1
1.0,1
1.0000002,1
0.99999994,1
-0.32332018,-1
0.52440625,-1
-0.30211636,-1
0.083414376,-1
-0.20876344,-1
1.0000001,1
1.0,1
0.99999994,1
1.0,1
0.81847125,1
-0.22082782,-1
0.81737846,-1
0.5541908,-1
-0.13586563,-1
0.99999994,-1
1.0,1
1.0,1
0.99999994,1
1.0000001,1
1.0000001,1
-0.06524528,-1
-0.06409957,-1
-0.44248638,-1
0.99999994,-1
-0.40829206,-1
1.0,1
1.0,1
1.0,1
1.0000001,1
0.9999999,1
0.8211141,-1
-0.4093619,-1
0.05415819,-1
-0.11279549,-1
-0.32478,-1
1.0000002,1
1.0000001,1
0.9999998,1
1.0000001,1
1.0,1
-0.13291363,-1
-0.40820032,-1
-0.48383233,-1
0.36085838,-1
0.8974437,-1
1.0000001,1
1.0,1
0.9999998,1
1.0,1
1.0000001,1
0.5581776,-1
-0.13735567,-1
-0.23710145,-1
0.019271087,-1
-0.4078555,-1
1.0,1
0.82602,1
1.0000001,1
1.0,1
1.0,1
0.36707163,-1
0.03609486,-1
-0.01895339,-1
0.3638346,-1
-0.3271249,-1
1.0000001,1
1.0000001,1
1.0000001,1
0.9999999,1
0.99999994,1
-0.094443925,-1
-0.22107337,-1
-0.40986457,-1
-0.15595333,-1
0.37820768,-1
1.0000001,1
1.0,1
1.0000002,1
0.99999994,1
0.096339166,1
0.74562055,-1
0.2603516,-1
-0.18202293,-1
-0.38307607,-1
0.9141454,-1
1.0,1
0.99999976,1
0.99999994,1
1.0,1
0.9999999,1
-0.17840593,-1
0.09514735,-1
0.49271283,-1
-0.054043345,-1
-0.35681286,-1
0.9999998,1
1.0,1
0.9999999,1
0.99999994,1
1.0,1
-0.37393394,-1
-0.12064522,-1
-0.015520762,-1
-0.23254879,-1
0.09815249,-1
0.9999999,1
1.0,1
1.0000001,1
1.0,1
1.0,1
-0.09430015,-1
-0.5045372,-1
-0.1772118,-1
-0.077693455,-1
0.7305137,-1
1.0000001,1
0.99999976,1
1.0000001,1
0.81236935,1
0.9999999,1
-0.42766193,-1
-0.42766193,-1
-0.03972694,-1
0.07943298,-1
-0.09389452,-1
0.99999994,1
1.0000001,1
0.99999994,1
1.0,1
0.9999998,1
-0.17456776,-1
-0.053888127,-1
-0.01061279,-1
-0.3000732,-1
-0.42522,-1
1.0,1
0.9999999,1
1.0000001,1
1.0,1
1.0000001,1
-0.49749684,-1
-0.2394946,-1
-0.49749684,-1
-0.4974969,-1
-0.11384887,-1
1.0000001,1
1.0,1
1.0000001,1
1.0,1
1.0000001,1
0.82663363,-1
0.16410385,-1
-0.41736308,-1
-0.33104908,-1
-0.49605688,-1
0.9999999,1
0.99999994,1
0.99999994,1
0.99999994,1
0.99999994,1
-0.20788088,-1
-0.07669737,-1
0.8262225,-1
0.9066194,-1
0.5761755,-1
0.9999998,1
1.0000001,1
1.0,1
0.9999999,1
0.9999998,1
-0.0888242,-1
0.35769597,-1
-0.044723075,-1
-0.34703547,-1
0.33557963,-1
0.9999999,1
1.0,1
0.9999998,1
0.9999998,1
1.0000001,1
0.106610075,-1
0.032150466,-1
-0.2628365,-1
0.30887875,-1
-0.5193053,-1
1.0000001,1
1.0000001,1
1.0000001,1
1.0000001,1
1.0,1
0.39445463,-1
-0.21051039,-1
-0.15351754,-1
-0.1235143,-1
0.90750563,-1
0.9999999,1
1.0,1
1.0,1
0.99999994,1
1.0,1
0.41270915,-1
-0.23601414,-1
-0.26537025,-1
-0.24981396,-1
-0.33747983,-1
1.0,1
0.99999994,1
1.0,1
1.0,1
1.0000001,1
0.91565245,-1
-0.26557088,-1
-0.2698751,-1
-0.38258794,-1
-0.23937532,-1
1.0000001,1
0.9999999,1
0.9999999,1
0.99999994,1
1.0000001,1
-0.083110936,-1
0.08058545,-1
1.0000001,-1
0.27470958,-1
-0.41624779,-1
1.0000001,1
1.0000001,1
1.0000001,1
1.0000001,1
1.0000001,1
-0.38767678,-1
0.3667749,-1
-0.20992751,-1
-0.4150429,-1
1.0,-1
1.0000001,1
1.0000001,1
1.0000001,1
1.0,1
0.9999999,1
-0.1636694,-1
1.0000001,-1
-0.15736477,-1
0.99999994,-1
0.44789052,-1
1.0000001,1
1.0000001,1
1.0000002,1
1.0,1
1.0000001,1
-0.3168568,-1
-0.018279137,-1
-0.27690342,-1
-0.031282555,-1
-0.20511381,-1
1.0000001,1
1.0000002,1
1.0,1
0.9999999,1
1.0000001,1
-0.3195853,-1
-0.2183697,-1
-0.20919482,-1
-0.5113416,-1
-0.007124147,-1
1.0000001,1
0.99999994,1
0.99999994,1
0.99999994,1
0.99999994,1
0.6502039,-1
-0.19591828,-1
-0.32177666,-1
0.99999994,-1
-0.4233051,-1
0.9999999,1
1.0000001,1
1.0000001,1
1.0000002,1
0.9999999,1
0.13237406,-1
-0.19889916,-1
-0.46225056,-1
0.99999994,-1
-0.029480709,-1
1.0000002,1
1.0000001,1
0.99465054,1
0.99999994,1
0.99999994,1
0.014653266,-1
0.21865773,-1
-0.21953267,-1
1.0000001,-1
0.19815044,-1
0.99999994,1
1.0000001,1
1.0000001,1
1.0000002,1
1.0000001,1
-0.25663862,-1
0.13440421,-1
0.6665812,-1
-0.22928049,-1
-0.4046949,-1
1.0000001,1
0.99999994,1
1.0000001,1
1.0000001,1
0.99999994,1
-0.14013883,-1
0.2862809,-1
0.08923892,-1
0.99999994,-1
-0.0029619879,-1
1.0000002,1
0.99999994,1
0.82841814,1
1.0000001,1
1.0,1
-0.30749667,-1
0.19714266,-1
-0.39775857,-1
-0.11161197,-1
-0.017227523,-1
1.0000001,1
1.0000001,1
1.0,1
0.99999994,1
0.9799889,1
0.026906874,-1
-0.06993455,-1
-0.37310758,-1
-0.279446,-1
-0.3849049,-1
0.08470617,1
0.9999998,1
1.0,1
0.9999999,1
1.0000002,1
-0.18776831,-1
-0.39073592,-1
0.9954183,-1
1.0000001,-1
0.0067663975,-1
1.0000001,1
0.99999994,1
0.99999994,1
0.71217847,1
0.99999994,1
-0.17436078,-1
-0.23169689,-1
-0.30102554,-1
0.07890454,-1
-0.1011272,-1
1.0000001,1
1.0,1
0.99999994,1
1.0,1
1.0,1
-0.22557348,-1
0.42965832,-1
0.16088045,-1
0.06639522,-1
-0.38554454,-1
1.0000001,1
1.0000001,1
1.0,1
1.0000001,1
0.9999999,1
-0.22950871,-1
0.24848583,-1
-0.38207695,-1
-0.26787862,-1
0.492562,-1
1.0000001,1
1.0000001,1
1.0000001,1
1.0000001,1
1.0000001,1
-0.0955693,-1
0.043083176,-1
1.0000001,-1
-0.23880032,-1
-0.23605642,-1
0.89466476,1
1.0,1
0.99999994,1
1.0,1
0.9999999,1
0.19067161,-1
-0.37387332,-1
0.99999994,-1
-0.16601442,-1
-0.035207633,-1
0.9999999,1
1.0000001,1
0.9999998,1
0.9999998,1
1.0000001,1
-0.038612142,-1
0.14029558,-1
-0.4018672,-1
-0.013029108,-1
0.16344208,-1
1.0000001,1
1.0000001,1
1.0000001,1
1.0000002,1
1.0000001,1
-0.2646188,-1
-0.044419587,-1
-0.24346696,-1
0.008756233,-1
0.097615644,-1
1.0,1
1.0000001,1
1.0000001,1
1.0000001,1
1.0000001,1
0.04362116,-1
-0.30008948,-1
-0.37039098,-1
0.20244873,-1
-0.350536,-1
1.0,1
1.0,1
1.0000001,1
1.0000001,1
1.0000001,1
-0.23408544,-1
-0.21637408,-1
-0.013587047,-1
-0.24975948,-1
-0.14467818,-1
1.0000001,1
1.0000002,1
0.9999998,1
1.0000001,1
1.0000001,1
0.24440937,-1
-0.37319356,-1
0.21050577,-1
-0.13647984,-1
1.0,-1
1.0,1
0.99999994,1
1.0,1
1.0,1
1.0000001,1
1.0,-1
-0.057546902,-1
-0.25281054,-1
-0.37407544,-1
-0.50595814,-1
1.0000001,1
1.0,1
1.0,1
0.9789293,1
1.0,1
-0.32806268,-1
-0.21960218,-1
0.4412885,-1
-0.15144351,-1
0.12256304,-1
1.0,1
0.99999994,1
1.0,1
1.0000001,1
1.0000002,1
-0.294953,-1
-0.28513464,-1
-0.45689693,-1
-0.44006822,-1
-0.18118326,-1
1.0000001,1
1.0,1
1.0,1
0.99999994,1
0.99999994,1
0.1662415,-1
0.24218333,-1
-0.37152904,-1
-0.11832542,-1
0.80340207,-1
1.0,1
1.0000001,1
1.0000001,1
1.0000001,1
1.0000001,1
1.0000001,-1
0.993862,-1
0.013115882,-1
0.15169437,-1
-0.057763617,-1
1.0,1
1.0,1
0.99999994,1
0.99999994,1
1.0000001,1
-0.30756873,-1
-0.10778995,-1
0.09409185,-1
0.029539987,-1
0.99999994,-1
1.0,1
1.0,1
1.0000001,1
1.0000001,1
1.0,1
-0.032193635,-1
-0.47284523,-1
-0.03471284,-1
-0.12229596,-1
-0.23931308,-1
1.0,1
1.0,1
1.0000001,1
1.0000001,1
1.0,1
0.8770072,-1
-0.5412028,-1
-0.23127714,-1
-0.05167235,-1
0.018131671,-1
1.0000001,1
1.0,1
1.0000001,1
1.0000001,1
0.9999999,1
-0.12860753,-1
0.06084493,-1
1.0000001,-1
-0.15699974,-1
-0.3639155,-1
1.0000001,1
1.0,1
0.9999998,1
1.0,1
1.0,1
0.05652348,-1
1.0000001,-1
0.33387017,-1
-0.1993582,-1
0.16773549,-1
1.0000001,1
1.0000001,1
1.0,1
0.9999999,1
1.0000001,1
0.0254844,-1
-0.35276142,-1
1.0000001,-1
-0.21083002,-1
-0.29784292,-1
0.99999994,1
1.0,1
1.0000001,1
1.0,1
1.0,1
1.0,-1
0.19544141,-1
-0.31668645,-1
0.13657606,-1
-0.36330184,-1
1.0000001,1
1.0,1
0.99999994,1
1.0000001,1
1.0,1
-0.3975042,-1
-0.037638113,-1
-0.28489047,-1
0.090850316,-1
-0.059614554,-1
1.0000001,1
1.0000001,1
0.99999994,1
0.8380353,1
1.0000001,1
0.8463655,-1
-0.30341893,-1
-0.057944357,-1
0.14819288,-1
-0.36366388,-1
0.9999999,1
1.0000001,1
0.9942712,1
0.9999999,1
0.99999994,1
0.002843119,-1
0.83906174,-1
-0.30587053,-1
-0.31060225,-1
-0.24773295,-1
1.0000001,1
1.0000001,1
1.0,1
1.0000001,1
0.9999999,1
0.15116856,-1
-0.395538,-1
0.027380781,-1
1.0,-1
0.026373541,-1
1.0000001,1
0.84232277,1
0.9999999,1
0.99999994,1
1.0000001,1
-0.18189827,-1
0.063304074,-1
-0.19575894,-1
0.3653954,-1
0.84232277,-1
1.0000001,1
1.0,1
1.0000001,1
0.9999998,1
1.0,1
0.3154358,-1
0.16263817,-1
-0.062706776,-1
-0.31206763,-1
-0.03504476,-1
1.0,1
1.0,1
0.99999994,1
0.99999994,1
0.99999994,1
0.08404865,-1
-0.46390525,-1
0.15180972,-1
-0.37235758,-1
-0.19451088,-1
1.0,1
0.46224615,1
1.0000001,1
1.0,1
1.0,1
0.001635549,-1
-0.31023714,-1
-0.18720809,-1
-0.23131342,-1
-0.46024156,-1
1.0,1
1.0,1
0.99999994,1
0.9999999,1
0.99999994,1
-0.3767542,-1
-0.14481112,-1
-0.30304864,-1
0.91005623,-1
-0.23581316,-1
1.0000001,1
0.8463902,1
1.0000001,1
1.0000001,1
1.0000001,1
1.0000001,-1
0.2974228,-1
1.0,-1
-0.21085313,-1
-0.35304633,-1
0.46986198,1
0.9999999,1
1.0000001,1
1.0000001,1
1.0000001,1
0.52392244,-1
-0.27882758,-1
0.84451437,-1
-0.3106088,-1
0.39294758,-1
0.99999994,1
1.0000001,1
1.0000002,1
1.0,1
1.0000001,1
-0.46178123,-1
0.63325924,-1
0.1266322,-1
0.09723491,-1
-0.3613743,-1
1.0,1
1.0000001,1
1.0000001,1
1.0000001,1
1.0000001,1
-0.21287364,-1
-0.13741952,-1
-0.14049654,-1
0.83589184,-1
-0.32893193,-1
1.0000001,1
0.9999999,1
0.9999999,1
1.0000001,1
1.0000001,1
-0.13071641,-1
-0.1871718,-1
-0.017226696,-1
0.34771666,-1
1.0,-1
1.0000001,1
1.0,1
1.0,1
1.0000001,1
1.0000001,1
0.9329177,-1
0.03146579,-1
-0.3894334,-1
-0.06522813,-1
-0.0936739,-1
0.822544,1
1.0000001,1
0.9999999,1
1.0000001,1
0.9999999,1
0.104405485,-1
-0.15787534,-1
-0.10936153,-1
0.10402469,-1
-0.24949463,-1
1.0,1
1.0000002,1
1.0000001,1
1.0,1
0.9999999,1
-0.38801873,-1
0.99999994,-1
0.032039367,-1
-0.1458696,-1
1.0,-1
1.0000002,1
1.0000001,1
1.0000001,1
1.0000001,1
1.0000001,1
0.0005856824,-1
-0.3298783,-1
-0.22860554,-1
-0.17708692,-1
-0.4777251,-1
1.0,1
0.99999994,1
1.0,1
1.0000002,1
1.0,1
-0.26246217,-1
1.0,-1
-0.28483072,-1
-0.37614346,-1
-0.122215234,-1
1.0000002,1
0.99999994,1
1.0,1
1.0000002,1
1.0000001,1
0.99999994,-1
-0.07249501,-1
-0.35431704,-1
-0.17968768,-1
-0.09916409,-1
1.0,1
0.9999999,1
0.9999999,1
1.0,1
1.0000001,1
0.04563788,-1
0.058065493,-1
-0.29281688,-1
-0.32976142,-1
-0.1569932,-1
1.0,1
1.0000002,1
1.0000001,1
1.0000001,1
1.0,1
-0.19179706,-1
0.18945582,-1
-0.29148492,-1
-0.30199507,-1
0.11215784,-1
1.0,1
1.0000001,1
1.0,1
1.0,1
1.0,1
-0.4246605,-1
-0.11528662,-1
0.26565272,-1
1.0,-1
-0.19129094,-1
0.99999994,1
1.0,1
0.9999999,1
1.0,1
0.99999994,1
-0.2123108,-1
-0.36209333,-1
0.12774858,-1
0.05385276,-1
0.5866635,-1
1.0000001,1
1.0,1
1.0000001,1
0.99999994,1
1.0000001,1
0.36921066,-1
0.9999998,-1
0.055918705,-1
-0.28214467,-1
0.0037061833,-1
1.0000001,1
1.0,1
1.0,1
1.0,1
1.0,1
0.44548804,-1
-0.07913755,-1
-0.1521442,-1
-0.1660986,-1
0.1950037,-1
1.0000001,1
0.9999999,1
1.0,1
1.0000001,1
1.0000001,1
-0.24981073,-1
0.016110716,-1
-0.23316693,-1
0.99486226,-1
-0.34282383,-1
0.99999994,1
1.0000001,1
0.9999999,1
1.0000001,1
1.0000001,1
0.0026212542,-1
-0.33113235,-1
0.35825855,-1
-0.5598681,-1
-0.47788393,-1
1.0000001,1
1.0000001,1
0.9999999,1
1.0,1
1.0,1
-0.23814717,-1
-0.03188303,-1
0.23981196,-1
-0.29153493,-1
-0.32413936,-1
1.0000001,1
1.0,1
1.0,1
1.0000002,1
1.0,1
0.16081788,-1
-0.02899186,-1
-0.30174056,-1
-0.18083681,-1
-0.3373561,-1
1.0000001,1
0.9990217,1
1.0,1
1.0000001,1
1.0000001,1
-0.2605078,-1
-0.30260247,-1
0.8191346,-1
-0.012369306,-1
-0.18472184,-1
0.55081975,1
0.99999994,1
1.0000001,1
0.9999998,1
1.0,1
-0.15291844,-1
0.9999998,-1
-0.32600534,-1
0.32846615,-1
1.0,-1
1.0000001,1
1.0000001,1
1.0000001,1
1.0000001,1
1.0000001,1
-0.41187555,-1
-0.32936978,-1
1.0000001,-1
1.0,-1
-0.15392694,-1
1.0,1
0.99999994,1
1.0000001,1
0.99999994,1
0.99999994,1
0.0183154,-1
-0.27967554,-1
-0.16325195,-1
-0.22225238,-1
0.03751738,-1
1.0000002,1
1.0000001,1
1.0,1
1.0,1
1.0000002,1
-0.17751625,-1
-0.34363517,-1
0.057330627,-1
1.0,-1
-0.4135868,-1
1.0000002,1
1.0000001,1
1.0,1
1.0,1
1.0,1
1.0,-1
-0.03273877,-1
0.0028660265,-1
-0.36563274,-1
-0.27385065,-1
1.0000001,1
0.99652416,1
0.99999994,1
1.0,1
1.0000002,1
-0.17793173,-1
-0.33117118,-1
-0.01655644,-1
0.3320995,-1
1.0,-1
0.99999976,1
1.0,1
1.0000001,1
1.0000001,1
1.0000001,1
-0.21774316,-1
-0.33200863,-1
-0.07634053,-1
-0.39602494,-1
-0.4118323,-1
0.9999998,1
1.0,1
1.0000001,1
1.0000001,1
1.0,1
0.3508423,-1
-0.3506238,-1
-0.3331135,-1
-0.34250808,-1
0.45976275,-1
1.0000001,1
1.0000002,1
1.0000001,1
1.0000002,1
1.0000001,1
-0.10148257,-1
-0.2975785,-1
0.05232421,-1
-0.18297097,-1
-0.35443008,-1
1.0,1
1.0000001,1
0.99999994,1
1.0,1
0.99999994,1
-0.23503006,-1
-0.4572331,-1
0.033280194,-1
0.39574802,-1
-0.20250922,-1
1.0000001,1
1.0000001,1
0.9999998,1
0.99999994,1
1.0,1
-0.22555214,-1
-0.05448511,-1
1.0000001,-1
-0.0570861,-1
0.10011323,-1
1.0,1
1.0000001,1
1.0000001,1
1.0000001,1
1.0000001,1
0.10505994,-1
-0.1729757,-1
-0.1571629,-1
-0.080052495,-1
-0.30548874,-1
1.0000001,1
1.0,1
1.0,1
0.9999998,1
1.0000001,1
0.08630811,-1
-0.34882957,-1
-0.35724384,-1
-0.18050307,-1
0.66703415,-1
0.99999994,1
1.0000001,1
1.0000001,1
1.0000001,1
0.99999994,1
0.03167238,-1
-0.31041688,-1
1.0000001,-1
0.7067243,-1
0.04148612,-1
1.0,1
1.0000001,1
1.0,1
1.0000001,1
1.0,1
-0.05560557,-1
0.13333988,-1
-0.382426,-1
-0.382426,-1
-0.43607023,-1
1.0000001,1
1.0000001,1
0.9999999,1
1.0,1
1.0000001,1
0.18891938,-1
-0.38938707,-1
0.09910085,-1
-0.28648183,-1
-0.46967748,-1
1.0000002,1
0.9999998,1
1.0000001,1
1.0000002,1
1.0000001,1
-0.47716075,-1
-0.2008098,-1
-0.39549744,-1
0.6624043,-1
-0.30021614,-1
1.0000001,1
1.0,1
1.0000001,1
1.0,1
0.99999994,1
-0.2702887,-1
0.017881425,-1
-0.40524736,-1
-0.4052473,-1
-0.2727715,-1
0.9999998,1
1.0000001,1
1.0000001,1
1.0,1
1.0000001,1
0.06388097,-1
-0.06474476,-1
-0.38886386,-1
-0.18939228,-1
0.0335199,-1
1.0000001,1
1.0000001,1
1.0000001,1
1.0,1
1.0,1
-0.333865,-1
-0.43152308,-1
0.11443738,-1
0.42915523,-1
-0.17054719,-1
0.9999998,1
1.0,1
1.0,1
0.9999998,1
1.0000002,1
0.28145108,-1
-0.14744444,-1
0.2600782,-1
0.11586862,-1
0.056794357,-1
0.99999994,1
0.99999994,1
0.7820076,1
1.0000001,1
1.0,1
-0.16985819,-1
0.6830588,-1
0.18274978,-1
0.22126223,-1
-0.39168736,-1
1.0,1
1.0000001,1
1.0000001,1
1.0000001,1
1.0000001,1
-0.3303327,-1
0.69536126,-1
-0.25572997,-1
-0.12465434,-1
-0.2934351,-1
1.0,1
1.0,1
0.9999998,1
1.0000001,1
1.0000001,1
0.78828436,-1
-0.38326165,-1
1.0,-1
-0.2403019,-1
0.29541808,-1
1.0000001,1
1.0,1
0.99999994,1
0.99999994,1
1.0,1
0.25816247,-1
0.011387878,-1
0.2017542,-1
-0.29359618,-1
0.47782344,-1
1.0000001,1
0.9999998,1
1.0000001,1
1.0000002,1
1.0,1
-0.36563426,-1
-0.41855335,-1
-0.2567366,-1
-0.49517897,-1
-0.17397769,-1
1.0,1
0.99999994,1
1.0000001,1
1.0000001,1
0.9999999,1
-0.20153001,-1
1.0000001,-1
0.14145368,-1
-0.1784815,-1
0.1678813,-1
1.0,1
0.99999976,1
1.0000001,1
1.0000001,1
1.0,1
-0.2419483,-1
-0.1658881,-1
-0.022739882,-1
-0.2401498,-1
-0.27588135,-1
1.0,1
1.0,1
1.0,1
0.99999976,1
0.9999999,1
-0.56543475,-1
0.21426173,-1
-0.27922687,-1
1.0,-1
-0.34783265,-1
1.0000001,1
1.0000001,1
1.0,1
1.0,1
1.0000001,1
1.0000001,-1
-0.20012814,-1
-0.3355206,-1
-0.24521725,-1
0.30815643,-1
1.0000002,1
1.0000002,1
1.0,1
1.0,1
0.9999999,1
0.59976953,-1
-0.3235508,-1
0.16508722,-1
-0.3978787,-1
-0.46353248,-1
1.0,1
1.0000001,1
1.0,1
1.0,1
1.0000001,1
0.33235827,-1
-0.3281234,-1
-0.0052973023,-1
0.44664583,-1
0.02634111,-1
1.0,1
1.0000001,1
1.0,1
1.0000001,1
1.0000001,1
-0.21866028,-1
-0.044773355,-1
-0.29693997,-1
-0.5404742,-1
-0.3952034,-1
0.9999998,1
1.0,1
1.0000002,1
1.0,1
1.0000001,1
0.14464882,-1
-0.3221623,-1
-0.39425218,-1
0.2931952,-1
0.018292718,-1
1.0,1
1.0,1
1.0000002,1
1.0000002,1
1.0,1
0.047509674,-1
0.088846,-1
-0.0022739817,-1
-0.096681476,-1
-0.48609704,-1
0.9999999,1
0.990796,1
1.0000001,1
1.0000001,1
0.9999999,1
-0.39428067,-1
-0.14059699,-1
-0.5011859,-1
0.06193107,-1
-0.40488663,-1
1.0,1
0.9666503,1
0.9999999,1
1.0000001,1
1.0000002,1
-0.22431637,-1
-0.31222078,-1
0.31428203,-1
-0.47918788,-1
-0.07443665,-1
1.0000001,1
1.0000001,1
1.0,1
1.0,1
1.0,1
-0.4098066,-1
-0.32773778,-1
-0.23375197,-1
-0.24378842,-1
-0.12456569,-1
1.0,1
1.0000001,1
1.0000002,1
0.7999051,1
1.0000001,1
0.35195267,-1
-0.2695611,-1
-0.24713722,-1
1.0,-1
-0.3730307,-1
1.0000001,1
0.99999994,1
1.0,1
1.0,1
1.0000001,1
-0.4063477,-1
0.04205183,-1
-0.39644462,-1
0.116343625,-1
0.13673961,-1
1.0,1
1.0,1
1.0,1
0.9999999,1
0.80012465,1
0.80012465,-1
-0.0033656377,-1
-0.3490158,-1
0.419967,-1
-0.031247739,-1
1.0,1
0.9999998,1
1.0,1
0.99999994,1
1.0,1
-0.39244893,-1
0.17540851,-1
-0.10077595,-1
-0.27128452,-1
0.11641061,-1
1.0,1
0.9999998,1
1.0000001,1
1.0,1
1.0000001,1
-0.05497366,-1
-0.22228773,-1
-0.43803924,-1
-0.29205477,-1
-0.053020548,-1
0.80661875,1
1.0000002,1
1.0000001,1
1.0000001,1
1.0000002,1
-0.4027808,-1
-0.018227458,-1
0.11989296,-1
-0.16639107,-1
-0.4639173,-1
1.0,1
0.9999999,1
1.0000002,1
1.0,1
1.0000001,1
0.501814,-1
-0.5076944,-1
0.80928856,-1
0.2844154,-1
-0.2413639,-1
0.99999994,1
1.0,1
1.0000002,1
0.07530613,1
0.99999994,1
-0.18205117,-1
0.016132962,-1
0.99999994,-1
0.17911576,-1
-0.21575995,-1
0.9999999,1
1.0,1
0.99999994,1
1.0,1
0.99999994,1
-0.43003967,-1
0.5198632,-1
-0.36728916,-1
-0.15571608,-1
-0.26865608,-1
1.0,1
1.0,1
0.9999999,1
1.0000001,1
1.0000001,1
0.123842224,-1
-0.018298555,-1
-0.32571012,-1
-0.23023055,-1
-0.3010572,-1
1.0,1
1.0000001,1
1.0000001,1
1.0000001,1
1.0,1
-0.47532064,-1
-0.42470127,-1
0.053349394,-1
-0.17334683,-1
-0.106759585,-1
1.0000001,1
1.0000001,1
1.0000001,1
1.0,1
1.0000001,1
-0.395498,-1
-0.16938683,-1
-0.19916889,-1
0.99999994,-1
0.8843522,-1
1.0000001,1
1.0000001,1
0.99999994,1
1.0,1
1.0000001,1
-0.19182031,-1
0.34070662,-1
-0.24556835,-1
-0.30455658,-1
1.0,-1
1.0000001,1
1.0,1
1.0000002,1
0.82933575,1
1.0,1
-0.30478004,-1
-0.5776837,-1
-0.38504592,-1
-0.04078143,-1
-0.46499103,-1
1.0000001,1
1.0,1
1.0,1
1.0,1
1.0,1
0.06566029,-1
1.0000001,-1
0.6342949,-1
0.08148288,-1
0.5048075,-1
1.0,1
1.0,1
1.0,1
1.0,1
0.99999994,1
1.0000001,-1
0.10562184,-1
-0.2098302,-1
0.39066038,-1
-0.19596617,-1
1.0,1
1.0000001,1
1.0000001,1
0.9999999,1
1.0000001,1
-0.25179726,-1
0.10851116,-1
0.26371166,-1
0.3471882,-1
-0.0938879,-1
1.0000001,1
0.99999994,1
0.99999994,1
1.0,1
1.0000001,1
-0.31666705,-1
-0.010521666,-1
-0.18784654,-1
-0.1837244,-1
-0.06210346,-1
0.99999994,1
0.99999994,1
1.0000001,1
1.0000002,1
0.99999994,1
-0.0751359,-1
-0.20995069,-1
0.08806998,-1
-0.32022375,-1
-0.12138857,-1
1.0000001,1
1.0000001,1
0.9999998,1
1.0000004,1
1.0,1
0.037668046,-1
-0.04328533,-1
-0.2991186,-1
0.8162378,-1
1.0,-1
1.0,1
1.0,1
1.0000001,1
0.025379522,1
1.0000001,1
-0.27736983,-1
-0.111651264,-1
-0.34694362,-1
-0.43864045,-1
-0.053361155,-1
1.0000001,1
1.0,1
1.0000001,1
0.99999994,1
1.0000001,1
-0.2377003,-1
-0.26381704,-1
-0.08016316,-1
-0.37279066,-1
-0.12248296,-1
1.0000001,1
0.99999994,1
1.0000001,1
1.0000001,1
0.99999994,1
-0.27050075,-1
-0.23717213,-1
-0.3188148,-1
0.99999994,-1
-0.3480089,-1
0.99999994,1
1.0000001,1
1.0000001,1
1.0000002,1
0.9999999,1
0.17830712,-1
0.9999999,-1
-0.34480327,-1
-0.015495239,-1
-0.25928214,-1
1.0000002,1
1.0000002,1
0.9999999,1
1.0,1
1.0000002,1
0.055659767,-1
-0.022902759,-1
-0.07559507,-1
-0.35300714,-1
-0.017251983,-1
1.0000001,1
0.9999999,1
1.0,1
1.0,1
1.0,1
0.006989942,-1
-0.07702397,-1
-0.23335394,-1
-0.25779137,-1
-0.1444475,-1
1.0,1
1.0000001,1
1.0000001,1
1.0000001,1
1.0,1
-0.2038114,-1
0.049369827,-1
1.0000001,-1
-0.2287099,-1
0.026755027,-1
1.0,1
1.0000001,1
1.0,1
1.0,1
0.9999999,1
-0.1899084,-1
-0.3469401,-1
-0.0265081,-1
-0.3421278,-1
0.18974534,-1
0.99999994,1
0.9951695,1
1.0000001,1
1.0000001,1
1.0,1
0.47975907,-1
-0.49829325,-1
1.0000001,-1
-0.30018306,-1
1.0,-1
1.0,1
0.9999999,1
1.0,1
1.0,1
1.0000001,1
-0.25760475,-1
0.6949177,-1
-0.091508426,-1
-0.04666379,-1
-0.028382309,-1
1.0,1
1.0,1
1.0000001,1
1.0000001,1
1.0000001,1
0.2721165,-1
0.48106512,-1
-0.34653145,-1
-0.001981015,-1
-0.010452217,-1
1.0000001,1
1.0,1
0.9999998,1
1.0000002,1
1.0,1
0.0356486,-1
0.03873857,-1
0.20063443,-1
-0.43133554,-1
-0.37531927,-1
1.0000001,1
0.9999999,1
0.9999999,1
0.97175527,1
0.08682277,1
-0.343737,-1
0.029244496,-1
1.0000001,-1
-0.23330846,-1
0.1176091,-1
1.0000001,1
1.0,1
1.0000001,1
1.0000001,1
1.0000001,1
-0.34291327,-1
-0.030649742,-1
1.0000001,-1
-0.21119294,-1
-0.13933548,-1
0.99999994,1
0.99999994,1
0.99999994,1
1.0,1
0.9999999,1
-0.24351655,-1
-0.42969248,-1
-0.5121569,-1
1.0000001,-1
-0.33858317,-1
1.0,1
1.0,1
1.0,1
1.0,1
0.99999994,1
-0.3724376,-1
0.015696127,-1
0.008046097,-1
-0.33990383,-1
-0.21297477,-1
0.9999999,1
1.0000001,1
0.99916804,1
1.0,1
0.99999994,1
-0.42213362,-1
0.08550568,-1
1.0,-1
-0.17772353,-1
-0.047728814,-1
1.0,1
1.0,1
1.0000001,1
1.0,1
0.8287578,1
1.0,-1
-0.04558892,-1
-0.12632889,-1
0.286242,-1
0.3692674,-1
0.99999994,1
0.99999976,1
0.99999976,1
1.0,1
0.99999976,1
-0.34176138,-1
0.99999976,-1
-0.16787997,-1
0.120019905,-1
-0.17140289,-1
0.9999998,1
1.0,1
1.0000001,1
0.9999998,1
0.9999998,1
0.32028663,-1
0.05603674,-1
-0.14880951,-1
0.7439729,-1
0.1098167,-1
0.99999994,1
1.0000001,1
1.0,1
1.0000001,1
1.0000001,1
1.0000001,-1
-0.21238965,-1
-0.16120191,-1
-0.21595973,-1
-0.3196259,-1
0.9999999,1
1.0000001,1
1.0,1
0.9999999,1
1.0000002,1
-0.24353284,-1
-0.041275125,-1
-0.044826236,-1
-0.08779119,-1
-0.37802538,-1
0.99999976,1
1.0,1
1.0,1
1.0,1
1.0000002,1
-0.12637502,-1
-0.13913411,-1
-0.20444141,-1
0.27177364,-1
0.48909837,-1
0.99999994,1
0.99999994,1
1.0000002,1
0.99999994,1
1.0000001,1
-0.34714422,-1
1.0,-1
0.15770973,-1
-0.30573928,-1
-0.2307399,-1
1.0,1
1.0000001,1
1.0000001,1
1.0000002,1
1.0000001,1
-0.15350038,-1
0.8560426,-1
-0.11593021,-1
0.9946547,-1
-0.34705198,-1
1.0000001,1
1.0000001,1
1.0,1
1.0000001,1
1.0000002,1
-0.26899764,-1
0.45332146,-1
-0.12545852,-1
-0.34296033,-1
-0.34688643,-1
1.0,1
1.0000002,1
1.0000002,1
0.9999999,1
0.99999994,1
-0.25230974,-1
0.043173485,-1
-0.4589871,-1
-0.26407525,-1
-0.2318305,-1
0.99999994,1
0.9999998,1
0.99999994,1
0.99999994,1
1.0,1
0.068661444,-1
0.99999994,-1
-0.2475929,-1
-0.1800058,-1
1.0,-1
1.0000001,1
0.7502593,1
1.0,1
0.9999999,1
1.0000001,1
0.9999999,-1
0.1185818,-1
0.010447535,-1
0.15098484,-1
0.99999994,-1
1.0000001,1
1.0000002,1
0.99999994,1
1.0000001,1
0.99999994,1
0.3117471,-1
-0.09837279,-1
0.09849653,-1
-0.20768397,-1
-0.0038831464,-1
0.9999999,1
1.0000001,1
1.0000001,1
1.0000002,1
1.0000001,1
0.037417296,-1
1.0000001,-1
-0.39546484,-1
0.02167551,-1
-0.24369314,-1
1.0000001,1
1.0000002,1
1.0000001,1
1.0000001,1
1.0000001,1
-0.17482704,-1
-0.36603957,-1
-0.16473196,-1
-0.5158263,-1
0.99999994,-1
0.99999994,1
1.0000001,1
1.0000001,1
1.0000001,1
1.0,1
-0.10220416,-1
-0.32853612,-1
0.18255378,-1
1.0,-1
-0.037157673,-1
1.0,1
1.0,1
1.0000001,1
1.0,1
0.99999994,1
-0.34448475,-1
0.035146687,-1
-0.27126148,-1
-0.3270424,-1
-0.27639508,-1
1.0,1
1.0000001,1
1.0000001,1
1.0000001,1
0.99999994,1
-0.18682025,-1
-0.052402355,-1
-0.21191914,-1
-0.33080888,-1
-0.32494652,-1
1.0000001,1
1.0000001,1
0.99999994,1
0.99999994,1
0.9999999,1
-0.16192819,-1
0.9999999,-1
0.096603096,-1
-0.3462459,-1
-0.050364766,-1
1.0000001,1
1.0,1
0.99999976,1
0.90849954,1
0.99999994,1
-0.2035534,-1
0.12093878,-1
0.18707654,-1
-0.44253513,-1
0.0141383875,-1
1.0000001,1
1.0000002,1
1.0,1
1.0000002,1
1.0,1
-0.42888924,-1
0.020721026,-1
0.18274142,-1
-0.32128152,-1
1.0,-1
1.0000001,1
0.9946079,1
1.0,1
1.0000002,1
1.0000002,1
-0.2536123,-1
-0.32336265,-1
-0.17995265,-1
-0.32052913,-1
1.0000001,-1
0.9999999,1
0.9999998,1
1.0,1
0.9999999,1
0.9999999,1
0.11132422,-1
-0.0156104965,-1
-0.31978032,-1
-0.35113382,-1
-0.050971713,-1
0.8571008,1
1.0,1
0.99999994,1
1.0,1
1.0000001,1
-0.12825726,-1
-0.054029547,-1
-0.18314968,-1
0.8571008,-1
-0.08201581,-1
0.9999999,1
1.0,1
1.0,1
0.9999999,1
1.0000001,1
-0.23797923,-1
0.09278653,-1
-0.1940885,-1
-0.35063925,-1
-0.043505564,-1
0.9999999,1
0.99999994,1
1.0000001,1
0.99999994,1
1.0000001,1
-0.12515245,-1
-0.22882427,-1
0.99999994,-1
-0.2963968,-1
-0.11878659,-1
1.0000001,1
0.9999999,1
1.0000001,1
1.0000001,1
1.0,1
-0.23307677,-1
-0.098347165,-1
-0.30742133,-1
-0.04782035,-1
-0.30742133,-1
1.0000001,1
1.0,1
0.9999999,1
1.0,1
1.0000001,1
-0.2549217,-1
-0.26366258,-1
-0.060278393,-1
-0.12018818,-1
-0.1022251,-1
0.8598288,1
1.0,1
0.9999998,1
0.9999999,1
0.44293553,1
0.15245971,-1
0.58363557,-1
-0.09412774,-1
-0.30384877,-1
-0.19848835,-1
1.0000001,1
1.0000001,1
0.9999999,1
1.0,1
1.0000001,1
0.063795626,-1
0.0004035244,-1
-0.106527664,-1
-0.18697181,-1
-0.24013838,-1
0.99999994,1
1.0,1
0.9999999,1
1.0000001,1
0.99999994,1
0.30868024,-1
-0.12001621,-1
-0.0041949465,-1
0.99999994,-1
-0.4174724,-1
1.0000001,1
1.0000002,1
1.0,1
1.0000001,1
1.0000001,1
-0.06386633,-1
-0.11625466,-1
-0.2606676,-1
-0.124125555,-1
-0.13173287,-1
1.0,1
1.0000001,1
1.0000001,1
1.0,1
0.9997526,1
0.05844162,-1
0.14300221,-1
-0.18906733,-1
-0.26642013,-1
0.21684723,-1
0.9999999,1
0.9999999,1
1.0000001,1
1.0000001,1
0.85831743,1
0.12968306,-1
-0.07109342,-1
0.60350895,-1
-0.2508611,-1
0.99999994,-1
1.0,1
1.0000001,1
1.0000001,1
1.0000001,1
1.0000001,1
0.050650757,-1
0.057518482,-1
0.09321829,-1
-0.08371186,-1
-0.22392678,-1
1.0000001,1
0.99999994,1
1.0,1
1.0,1
1.0,1
-0.15976602,-1
-0.07288632,-1
0.0972035,-1
-0.3223998,-1
-0.25828522,-1
1.0000002,1
1.0000002,1
0.9999998,1
1.0000002,1
1.0000001,1
0.11136124,-1
0.45861813,-1
0.2374966,-1
1.0,-1
-0.04133357,-1
0.9999998,1
1.0000001,1
1.0,1
1.0000001,1
0.9999998,1
1.0000001,-1
-0.11624297,-1
1.0000001,-1
0.99999994,-1
-0.15688924,-1
0.9999999,1
1.0000001,1
0.99999994,1
1.0000001,1
0.9999999,1
0.0911796,-1
-0.04963594,-1
-0.039345037,-1
-0.121128984,-1
-0.22278883,-1
