0.99999994,1
1.0,1
1.0000001,1
0.2280886,1
0.5040185,1
-0.7204679,-1
-0.016960047,-1
-0.23674074,-1
-0.12503742,-1
-0.140241,-1
0.7217353,1
0.8465857,1
1.0,1
1.0,1
0.99999994,1
-0.28019077,-1
-0.48487464,-1
0.021748792,-1
0.2822837,-1
-0.40308282,-1
1.0,1
0.7384183,1
1.0,1
1.0,1
1.0,1
-0.24613987,-1
-0.17543897,-1
-0.0037572363,-1
-0.0255877,-1
0.158446,-1
1.0,1
0.77125394,1
0.8331415,1
0.6952938,1
0.78663504,1
-0.18863422,-1
-0.14179568,-1
0.012113119,-1
0.09470481,-1
0.13260278,-1
0.9211426,1
0.9999999,1
0.85704666,1
1.0000001,1
0.72334665,1
0.45289886,-1
-0.22910205,-1
-0.16144828,-1
0.56714016,-1
0.056996044,-1
1.0,1
1.0000001,1
0.5650966,1
0.88766783,1
0.8806368,1
0.5244352,-1
-0.17066927,-1
0.09134913,-1
0.011144088,-1
-0.03249428,-1
1.0,1
0.8703397,1
1.0,1
0.8306629,1
1.0,1
-0.030199165,-1
-0.13495298,-1
-0.3865798,-1
0.16654077,-1
-0.10847727,-1
0.7064523,1
1.0000001,1
0.35629135,1
0.72186637,1
0.5712246,1
-0.29868522,-1
0.25515038,-1
0.5973786,-1
0.15179841,-1
-0.14448567,-1
0.7440387,1
0.8938395,1
1.0000001,1
0.8624275,1
0.28841087,1
0.14296857,-1
0.024019439,-1
-0.266877,-1
-0.55572987,-1
-0.24980086,-1
1.0000001,1
1.0,1
1.0,1
1.0000001,1
1.0000001,1
-0.4910057,-1
-0.30142465,-1
0.56564695,-1
-0.3170822,-1
-0.19367094,-1
1.0,1
0.7791406,1
0.86454946,1
0.5800168,1
1.0,1
0.20769976,-1
-0.28922886,-1
-0.1187666,-1
0.27312204,-1
0.013336988,-1
0.6525554,1
1.0,1
0.8643797,1
0.99999994,1
0.9999999,1
-0.14393316,-1
0.07738388,-1
-0.035079315,-1
0.540729,-1
-0.11776641,-1
1.0000001,1
1.0000001,1
1.0,1
0.99999994,1
1.0000001,1
0.041707143,-1
-0.51153326,-1
-0.09448678,-1
-0.054297984,-1
0.07936484,-1
0.75952995,1
0.82237697,1
1.0000001,1
1.0,1
1.0,1
0.1668161,-1
0.3141905,-1
-0.19830714,-1
-0.25876814,-1
0.03604232,-1
1.0,1
0.87750494,1
1.0,1
1.0,1
0.99999994,1
0.41559112,-1
-0.48686397,-1
-0.1735683,-1
-0.09567954,-1
-0.18986265,-1
1.0000001,1
0.8569017,1
0.43908602,1
1.0,1
0.89351654,1
0.20010924,-1
0.47864944,-1
-0.327282,-1
0.14653875,-1
-0.5049268,-1
1.0,1
0.9999999,1
0.5395922,1
1.0,1
0.5883626,1
0.69437563,-1
0.06941545,-1
0.33510777,-1
0.22480592,-1
-0.14552021,-1
1.0,1
1.0,1
0.899892,1
0.99999994,1
0.6425968,1
0.03503873,-1
-0.004398249,-1
-0.2878574,-1
-0.02554377,-1
-0.086932875,-1
0.8060607,1
0.18246958,1
0.99999994,1
1.0,1
0.83546907,1
-0.014666353,-1
0.15908375,-1
-0.27488366,-1
-0.50778586,-1
-0.2038162,-1
1.0000001,1
1.0,1
1.0000001,1
1.0,1
1.0,1
-0.35021684,-1
-0.00036008173,-1
-0.35955253,-1
-0.3340665,-1
0.28921348,-1
0.8390961,1
1.0,1
0.66978514,1
1.0,1
0.9150666,1
-0.21119647,-1
-0.20933998,-1
-0.072932094,-1
0.7784763,-1
-0.43612742,-1
0.7579126,1
1.0,1
0.8306988,1
-0.10236175,1
1.0000001,1
0.10733822,-1
0.53065646,-1
-0.10961445,-1
-0.44742593,-1
0.9747517,-1
0.38748536,1
0.6084231,1
1.0,1
1.0,1
0.5678734,1
0.15749986,-1
0.17063192,-1
-0.27180582,-1
-0.076327726,-1
0.21660733,-1
0.9373151,1
0.90663755,1
0.64912194,1
1.0000001,1
0.70745355,1
0.26862907,-1
0.13834018,-1
-0.3779868,-1
-0.2017327,-1
-0.1899101,-1
0.83628076,1
0.8745182,1
1.0000001,1
0.85391074,1
0.099935755,1
-0.4876188,-1
-0.31949836,-1
0.09071701,-1
0.10886715,-1
0.12326273,-1
1.0000001,1
-0.1119345,1
0.81509167,1
1.0,1
1.0000001,1
-0.14028068,-1
0.35294914,-1
-0.09188708,-1
-0.4687854,-1
-0.10876505,-1
1.0000001,1
0.69299054,1
0.35685948,1
0.99999994,1
1.0000001,1
-0.09361783,-1
0.010677861,-1
-0.33198434,-1
-0.13098192,-1
0.14452547,-1
0.9144813,1
0.87953657,1
1.0,1
0.78231907,1
0.99999994,1
-0.35374644,-1
-0.4335252,-1
-0.45692682,-1
-0.53670377,-1
-0.15618382,-1
0.86097646,1
0.8176792,1
0.75435835,1
1.0000001,1
0.5850494,1
-0.41170037,-1
-0.2536615,-1
-0.18002866,-1
0.039830416,-1
-0.00024254632,-1
1.0,1
1.0,1
0.835306,1
0.76242083,1
0.7591041,1
-0.11680766,-1
-0.17777073,-1
-0.20467877,-1
0.68861693,-1
0.346239,-1
1.0000001,1
1.0,1
0.49763274,1
0.735363,1
0.37647364,1
-0.6882725,-1
0.19282232,-1
0.1984781,-1
-0.24811314,-1
-0.5353481,-1
1.0,1
0.8234522,1
0.7691457,1
0.8148405,1
0.47744307,1
-0.13763277,-1
-0.224438,-1
0.69851226,-1
-0.39389023,-1
-0.24865797,-1
0.8350309,1
1.0,1
0.82445294,1
1.0000001,1
0.9999999,1
-0.42178348,-1
-0.527041,-1
0.011029104,-1
-0.15426302,-1
-0.25483963,-1
0.6866905,1
0.861596,1
0.92614466,1
1.0000001,1
1.0,1
0.23617488,-1
0.27688894,-1
0.7784545,-1
-0.21591203,-1
-0.19150421,-1
1.0000001,1
0.8389528,1
0.9999999,1
1.0000001,1
1.0000001,1
0.0015633854,-1
-0.17725597,-1
0.0566005,-1
0.27554917,-1
0.042911787,-1
0.97161716,1
1.0,1
0.9110824,1
1.0,1
1.0000001,1
-0.33213553,-1
0.14585021,-1
0.5754322,-1
-0.10069113,-1
-0.20581181,-1
0.9052789,1
1.0,1
0.61407924,1
1.0000001,1
1.0,1
-0.16145831,-1
0.29371515,-1
-0.06311342,-1
0.30968046,-1
-0.08089123,-1
0.88672525,1
1.0000001,1
-0.22749424,1
0.90198743,1
1.0,1
0.57257223,-1
-0.37074977,-1
-0.4190824,-1
0.13895229,-1
0.030810652,-1
1.0,1
1.0000001,1
0.9537023,1
0.52713066,1
1.0,1
-0.19046655,-1
0.38724488,-1
0.012642074,-1
-0.2200816,-1
0.44614592,-1
0.8316499,1
1.0,1
1.0000001,1
1.0000001,1
0.8590172,1
-0.07692679,-1
-0.19108292,-1
-0.44056326,-1
-0.3181887,-1
0.23337275,-1
0.9999999,1
1.0000001,1
1.0000001,1
0.95363814,1
1.0,1
0.2852037,-1
-0.13848776,-1
-0.04202413,-1
0.11800463,-1
-0.14446773,-1
1.0000001,1
0.7028304,1
0.8828683,1
1.0,1
1.0000001,1
0.028347785,-1
0.30409372,-1
0.5254315,-1
-0.27678028,-1
0.3866706,-1
0.9999999,1
0.5672987,1
0.806019,1
0.67148733,1
1.0000001,1
0.22312701,-1
0.29167134,-1
-0.2643345,-1
0.12632787,-1
0.052074354,-1
0.5849525,1
1.0000001,1
1.0,1
1.0000001,1
0.9999999,1
0.21037091,-1
-0.010744957,-1
-0.096447684,-1
-0.17302653,-1
-0.03766118,-1
0.7213752,1
0.99999994,1
0.37581044,1
0.75376266,1
1.0,1
-0.22279441,-1
0.12898324,-1
0.39646104,-1
0.08284902,-1
-0.31372038,-1
0.9159212,1
0.82593316,1
0.8560914,1
1.0000001,1
1.0000001,1
-0.31514183,-1
0.5084399,-1
0.22311808,-1
-0.40108427,-1
0.0109247165,-1
0.99999994,1
0.5761725,1
1.0000002,1
0.7527888,1
0.8096778,1
0.16007532,-1
-0.09033,-1
-0.17596652,-1
-0.077727236,-1
-0.6026801,-1
1.0,1
1.0000001,1
1.0,1
0.76404566,1
0.45833126,1
0.42898166,-1
-0.40579906,-1
-0.056207564,-1
0.26599064,-1
-0.116479166,-1
0.56454676,1
0.776962,1
0.9065966,1
1.0,1
0.8875183,1
-0.21168622,-1
-0.35425815,-1
-0.08687561,-1
-0.26352695,-1
-0.27337506,-1
0.6382465,1
0.9277484,1
1.0,1
0.773826,1
0.50513154,1
-0.15384357,-1
-0.17982087,-1
-0.050524324,-1
-0.3418901,-1
-0.19752869,-1
1.0,1
0.78487337,1
1.0,1
0.30898172,1
1.0000001,1
-0.02371767,-1
0.12461027,-1
0.81674194,-1
-0.03433748,-1
0.2811106,-1
0.9114068,1
1.0,1
0.99999994,1
1.0,1
0.8985219,1
0.7188623,-1
0.18014243,-1
-0.12871416,-1
-0.15847592,-1
0.17766589,-1
1.0,1
1.0,1
0.67255646,1
0.9132952,1
1.0,1
-0.21169156,-1
0.06417637,-1
-0.059735846,-1
-0.28407687,-1
-0.24803318,-1
0.80621034,1
0.99999994,1
1.0,1
1.0000001,1
1.0000001,1
-0.31407857,-1
-0.14281374,-1
-0.35767218,-1
-0.073827244,-1
-0.65201944,-1
1.0,1
1.0,1
0.9523389,1
0.9999999,1
1.0000001,1
-0.2252629,-1
-0.23444332,-1
-0.27613655,-1
-0.1136724,-1
-0.53639513,-1
0.85476303,1
0.49480888,1
1.0,1
0.80367136,1
0.99999994,1
-0.18091346,-1
-0.42307034,-1
-0.31987813,-1
-0.32633123,-1
0.065483674,-1
0.88636386,1
1.0000001,1
0.70697045,1
0.8169648,1
1.0000001,1
0.22133797,-1
0.4456403,-1
-0.04686182,-1
-0.07618331,-1
-0.020097405,-1
-0.10391557,1
0.7967532,1
1.0000001,1
0.99999994,1
1.0,1
-0.057450395,-1
-0.49362373,-1
-0.2738757,-1
-0.21768363,-1
0.19942275,-1
1.0,1
1.0000001,1
1.0000001,1
0.8932429,1
1.0000001,1
-0.10562569,-1
-0.34557492,-1
-0.10790138,-1
-0.28121775,-1
0.41005602,-1
0.5139372,1
0.930157,1
0.91399854,1
0.8227247,1
0.7333261,1
0.022797003,-1
0.15923801,-1
-0.14038903,-1
-0.004332348,-1
-0.14296253,-1
0.69096416,1
0.8581414,1
1.0,1
1.0000001,1
1.0,1
0.102511056,-1
0.34445015,-1
0.0007300503,-1
-0.076436445,-1
0.15434441,-1
1.0000001,1
0.90271944,1
0.6203096,1
0.6572264,1
0.73294353,1
0.09154303,-1
-0.12378052,-1
0.37577,-1
-0.056593765,-1
-0.31738448,-1
1.0000001,1
0.99999994,1
0.80718935,1
0.91396934,1
0.90921444,1
0.10182278,-1
0.03110147,-1
-0.17601863,-1
-0.022198409,-1
0.108764976,-1
1.0,1
1.0000001,1
0.99999994,1
1.0000001,1
1.0000001,1
0.12060918,-1
-0.45288682,-1
-0.16324767,-1
-0.05347507,-1
0.38684803,-1
0.81073123,1
1.0000001,1
0.7351492,1
0.7731449,1
1.0000001,1
0.6959498,-1
0.28119668,-1
-0.094266385,-1
-0.07051468,-1
-0.40864623,-1
0.8087792,1
1.0000001,1
1.0000001,1
0.82801753,1
0.6877158,1
-0.029919878,-1
0.893314,-1
-0.16257311,-1
0.20342012,-1
-0.36128235,-1
1.0,1
0.77900153,1
1.0,1
1.0,1
0.9149181,1
-0.16253747,-1
-0.016484743,-1
-0.5694534,-1
0.14902943,-1
-0.013973648,-1
1.0,1
0.8479034,1
0.7301326,1
0.9984569,1
0.474258,1
-0.22476748,-1
0.047932338,-1
-0.09900824,-1
-0.25477263,-1
0.21650745,-1
1.0,1
0.85238695,1
1.0000001,1
0.84734094,1
0.75317043,1
-0.066497326,-1
-0.14047042,-1
-0.33679911,-1
0.05428457,-1
-0.3646113,-1
1.0,1
1.0000001,1
0.50542974,1
0.857338,1
0.68460906,1
0.07874803,-1
-0.3039081,-1
-0.13318722,-1
0.064740844,-1
-0.027809666,-1
1.0,1
1.0000001,1
1.0,1
0.62067544,1
1.0000001,1
0.4984291,-1
-0.09419915,-1
0.1729407,-1
-0.08656586,-1
-0.25835162,-1
0.91347617,1
0.87413716,1
1.0000001,1
0.9999999,1
0.9999999,1
-0.2131908,-1
0.3341548,-1
0.28630507,-1
0.19472328,-1
-0.37991813,-1
1.0000001,1
0.59429383,1
1.0000001,1
0.972805,1
0.93245417,1
0.20989892,-1
-0.05948076,-1
0.24108563,-1
-0.2667211,-1
-0.028614301,-1
0.9077508,1
0.80390394,1
0.6194665,1
1.0,1
1.0,1
-0.22426209,-1
-0.09310959,-1
-0.09251734,-1
0.44267666,-1
0.43317538,-1
0.9999999,1
1.0,1
0.8709542,1
1.0,1
1.0000001,1
0.40588012,-1
-0.23355311,-1
0.1778863,-1
-0.29861096,-1
-0.10203163,-1
0.93100613,1
0.99999994,1
1.0000001,1
0.16899578,1
1.0,1
-0.20669097,-1
-0.42900667,-1
-0.12874646,-1
0.44505256,-1
0.22732037,-1
0.7270177,1
0.99655735,1
1.0,1
1.0,1
0.5379713,1
0.35228702,-1
0.125538,-1
-0.5727703,-1
-0.055188403,-1
0.0815469,-1
0.80600077,1
1.0,1
1.0,1
0.16993825,1
0.7608009,1
-0.0059505263,-1
0.4645129,-1
-0.065295376,-1
-0.52667767,-1
-0.01993339,-1
1.0000001,1
1.0,1
1.0000001,1
0.8051464,1
0.95620906,1
-0.60148746,-1
-0.22837703,-1
-0.1346252,-1
-0.031476177,-1
-0.37958166,-1
0.9144894,1
1.0,1
0.8331197,1
0.8095945,1
1.0,1
0.20020244,-1
0.11165554,-1
-0.34286076,-1
0.018321507,-1
0.5062501,-1
0.99999994,1
1.0000001,1
0.90460664,1
1.0,1
0.8140697,1
-0.33695742,-1
0.04661836,-1
0.41311985,-1
0.23777075,-1
-0.28485084,-1
1.0000001,1
1.0,1
0.6208822,1
0.9275679,1
1.0000001,1
-0.21199438,-1
-0.43275565,-1
-0.15071964,-1
0.11835024,-1
0.54623485,-1
1.0,1
1.0000001,1
0.83907837,1
1.0,1
0.59146607,1
-0.13982007,-1
-0.32049337,-1
0.012554433,-1
0.06472946,-1
-0.13057473,-1
0.77517414,1
0.88061345,1
1.0,1
0.73612726,1
1.0,1
0.016548267,-1
-0.07333939,-1
-0.10359931,-1
-0.49483442,-1
-0.33070198,-1
0.7599637,1
0.7682986,1
0.77027327,1
0.55639315,1
1.0000001,1
-0.58102006,-1
-0.46709886,-1
0.0861453,-1
0.32066005,-1
0.39890745,-1
0.9999999,1
0.99999994,1
0.91158277,1
0.93045825,1
0.55608344,1
-0.62445575,-1
-0.14070916,-1
-0.15400843,-1
0.19116938,-1
-0.25342837,-1
1.0000001,1
0.6404344,1
0.99999994,1
0.88608795,1
0.75651175,1
-0.14363813,-1
-0.4306263,-1
-0.2043668,-1
0.21778052,-1
-0.32504785,-1
1.0,1
0.6948922,1
0.79926306,1
0.88313115,1
1.0000001,1
0.20572014,-1
-0.23423818,-1
-0.11200959,-1
-0.51786256,-1
-0.18783914,-1
0.6912717,1
0.9999999,1
0.8268768,1
0.7222272,1
0.8593048,1
-0.1989933,-1
-0.23283389,-1
-0.42453277,-1
-0.24546385,-1
-0.048364483,-1
1.0,1
0.6518406,1
1.0,1
0.7354238,1
0.99999994,1
-0.15586442,-1
0.06149994,-1
-0.20318435,-1
0.10459867,-1
-0.046572745,-1
1.0,1
0.7041216,1
0.38155887,1
0.9999999,1
0.8037901,1
0.3607384,-1
-0.017668081,-1
-0.37870392,-1
-0.26990053,-1
0.15450305,-1
0.75804883,1
0.8770495,1
0.8515426,1
1.0,1
0.9921254,1
-0.3678371,-1
-0.31490937,-1
0.17158289,-1
0.62229884,-1
0.04047716,-1
1.0000001,1
1.0,1
1.0000001,1
0.86667454,1
0.7579288,1
-0.01358807,-1
0.11674376,-1
0.2664804,-1
-0.4042538,-1
-0.6204661,-1
1.0,1
0.81952375,1
0.8931441,1
1.0,1
0.99999994,1
-0.2820188,-1
-0.082304694,-1
-0.20645845,-1
0.13122746,-1
-0.40814003,-1
0.9999999,1
0.7941916,1
0.81121165,1
1.0000001,1
1.0000001,1
-0.053138986,-1
-0.4533027,-1
0.07928645,-1
-0.3307518,-1
0.22665708,-1
0.7383083,1
1.0,1
0.7751608,1
0.7999353,1
0.9016136,1
-0.16562459,-1
-0.03133376,-1
0.30292377,-1
-0.5415624,-1
-0.48630977,-1
0.83557904,1
0.8829956,1
0.25640586,1
0.93843836,1
1.0,1
-0.17227831,-1
-0.2363532,-1
-0.2808291,-1
-0.30989185,-1
-0.13147709,-1
0.817035,1
0.86463773,1
1.0,1
0.83049005,1
0.88796055,1
-0.30143344,-1
0.46444348,-1
0.7375668,-1
-0.23454382,-1
-0.1667056,-1
0.81825155,1
1.0000001,1
0.12016392,1
0.7868873,1
0.70555705,1
-0.27200773,-1
-0.19361536,-1
0.040056046,-1
-0.019384917,-1
-0.13887414,-1
1.0000001,1
0.40833762,1
0.9583606,1
1.0,1
0.8432595,1
-0.14633037,-1
-0.2558976,-1
-0.4478249,-1
-0.28071702,-1
0.12938857,-1
1.0000001,1
1.0000001,1
0.9999999,1
0.78915316,1
0.94836813,1
-0.11351863,-1
-0.20168394,-1
-0.11304048,-1
-0.21955328,-1
-0.12256639,-1
0.7916473,1
1.0000001,1
0.9460324,1
1.0,1
0.88602793,1
0.12160679,-1
0.119543694,-1
0.20164844,-1
0.13009258,-1
0.37862456,-1
0.9100201,1
1.0000001,1
1.0,1
0.9999999,1
0.706083,1
0.3308246,-1
0.25595,-1
-0.37043393,-1
-0.112336665,-1
-0.30594388,-1
1.0000001,1
0.84807736,1
0.8168555,1
0.8374495,1
0.99999994,1
0.08830426,-1
0.2887792,-1
-0.15381534,-1
-0.087847866,-1
-0.09354187,-1
0.6269904,1
0.7817084,1
0.662689,1
0.9126651,1
0.8938782,1
0.24242106,-1
-0.027952256,-1
0.18723816,-1
-0.38133344,-1
-0.05168112,-1
0.48373672,1
1.0000001,1
1.0,1
0.38734475,1
1.0,1
-0.17398892,-1
-0.641177,-1
0.48056144,-1
-0.47238272,-1
-0.095125586,-1
0.897256,1
1.0000001,1
0.82961345,1
0.41988668,1
1.0,1
-0.4033144,-1
0.046085004,-1
-0.05221812,-1
-0.033264242,-1
-0.16933273,-1
0.3936362,1
1.0,1
0.7075332,1
0.47545654,1
0.6064229,1
-0.28510013,-1
0.0848094,-1
0.085897036,-1
0.21826656,-1
-0.05768732,-1
0.8620625,1
0.72317094,1
0.76438594,1
1.0,1
0.6091472,1
-0.44542253,-1
0.9811576,-1
-0.10374765,-1
-0.270147,-1
-0.4304441,-1
0.7350782,1
1.0000001,1
1.0000001,1
0.31865036,1
0.84107953,1
-0.3118013,-1
0.37417036,-1
-0.2958409,-1
0.026248263,-1
-0.12309932,-1
1.0,1
1.0,1
0.82291794,1
0.77231276,1
0.95596147,1
0.05930886,-1
0.011542019,-1
-0.16079663,-1
0.17996684,-1
-0.23678197,-1
0.78947085,1
1.0000001,1
0.8672305,1
1.0000001,1
1.0,1
-0.29447225,-1
0.55878913,-1
-0.21366446,-1
-0.052353162,-1
0.2644559,-1
1.0,1
1.0,1
1.0,1
0.8532242,1
0.76068556,1
0.0033688254,-1
-0.033801466,-1
0.091706626,-1
-0.100079425,-1
-0.031801257,-1
0.20808312,1
1.0000001,1
1.0000001,1
1.0000001,1
0.9857734,1
0.21554288,-1
0.07522178,-1
0.21168852,-1
0.16807136,-1
0.275049,-1
0.99999994,1
1.0000001,1
0.99999994,1
0.7923354,1
1.0,1
-0.34495482,-1
-0.0980789,-1
0.6472552,-1
0.28816956,-1
-0.43378252,-1
1.0,1
0.67463565,1
1.0000001,1
0.6374479,1
1.0000001,1
-0.03341233,-1
0.15547016,-1
-0.20970817,-1
0.421621,-1
-0.061680403,-1
0.99999994,1
0.78591293,1
1.0,1
1.0,1
0.6510031,1
-0.47618216,-1
-0.05874845,-1
0.30958757,-1
-0.04226523,-1
-0.47274184,-1
0.8006043,1
0.6589334,1
0.68275857,1
0.8118821,1
1.0000001,1
-0.25001663,-1
0.07393239,-1
-0.4938141,-1
-0.5792346,-1
-0.16496116,-1
1.0,1
1.0000001,1
-0.24505171,1
0.9711635,1
0.07230312,1
0.23993595,-1
0.095444195,-1
-0.03820009,-1
0.06428316,-1
-0.6992516,-1
1.0000001,1
0.6486696,1
1.0000001,1
1.0,1
0.70232177,1
-0.46521777,-1
-0.035166446,-1
-0.50585115,-1
-0.42603707,-1
-0.20213225,-1
0.80700064,1
-0.17620836,1
1.0000001,1
0.13505511,1
0.8101018,1
-0.25187832,-1
-0.048906125,-1
-0.33115053,-1
-0.2365171,-1
0.10897884,-1
1.0000001,1
0.7757711,1
1.0000001,1
1.0000001,1
0.87029785,1
0.28520966,-1
-0.35569906,-1
-0.10979377,-1
0.074632466,-1
-0.21634395,-1
1.0000001,1
0.7997131,1
1.0000001,1
0.7099418,1
1.0,1
0.029444905,-1
0.003824576,-1
0.40469658,-1
-0.36217788,-1
0.043632828,-1
0.88153374,1
1.0000001,1
0.84562516,1
0.85503876,1
1.0,1
0.15241551,-1
0.36040846,-1
0.31309918,-1
-0.13393044,-1
-0.20203719,-1
1.0000001,1
1.0,1
0.99999994,1
1.0,1
1.0,1
-0.36530048,-1
-0.30143338,-1
-0.49758944,-1
0.39080384,-1
-0.1500709,-1
0.8073979,1
1.0000001,1
1.0000001,1
0.8790655,1
0.8026924,1
-0.18151443,-1
0.5739241,-1
-0.023055434,-1
0.06520704,-1
-0.40515688,-1
1.0,1
1.0000001,1
1.0,1
0.9200498,1
0.4826611,1
0.16401696,-1
-0.23623732,-1
0.23959263,-1
0.7101262,-1
-0.29142007,-1
0.87872905,1
1.0000001,1
0.9040711,1
1.0000001,1
1.0000001,1
-0.23183684,-1
0.497632,-1
0.1265371,-1
0.24791417,-1
-0.20257685,-1
0.90246,1
1.0,1
0.8595776,1
0.86343825,1
0.77559966,1
0.20287801,-1
-0.27281725,-1
-0.20902058,-1
-0.074165404,-1
0.1657385,-1
0.99999994,1
1.0000001,1
1.0,1
0.06379417,1
0.45844352,1
-0.35521048,-1
-0.5542174,-1
-0.2608654,-1
-0.41917154,-1
0.2973974,-1
0.4825077,1
0.665667,1
0.30477905,1
1.0,1
1.0,1
-0.04496391,-1
-0.17859347,-1
0.246958,-1
-0.22469865,-1
0.55328536,-1
1.0,1
0.7979936,1
1.0,1
1.0,1
1.0,1
-0.44178194,-1
-0.64520895,-1
-0.3069952,-1
-0.13955376,-1
-0.6025956,-1
1.0,1
0.7847949,1
0.528157,1
1.0000001,1
1.0,1
0.101939775,-1
0.5520149,-1
-0.1831421,-1
0.16850707,-1
0.34502828,-1
0.30420187,1
0.7787814,1
1.0,1
1.0000001,1
1.0000001,1
0.05055763,-1
0.17541157,-1
-0.20724323,-1
-0.5642955,-1
-0.5882837,-1
0.7802063,1
0.87595487,1
0.574539,1
1.0,1
1.0000001,1
0.26378757,-1
-0.09121319,-1
-0.17189965,-1
0.13714601,-1
-0.1026937,-1
1.0,1
0.6437772,1
0.87810683,1
1.0000001,1
1.0,1
-0.047617346,-1
-0.4001346,-1
-0.5218626,-1
0.13250922,-1
0.3391798,-1
0.038694594,1
1.0,1
0.7504149,1
0.6478346,1
0.8723443,1
-0.6584156,-1
-0.19085804,-1
-0.19805565,-1
-0.015372717,-1
-0.44207865,-1
0.81716835,1
0.9355366,1
0.74839085,1
1.0,1
0.8211659,1
0.056259718,-1
-0.12817203,-1
-0.33127394,-1
0.45498496,-1
-0.14472537,-1
0.7443875,1
0.86349773,1
1.0000001,1
0.81566024,1
1.0,1
0.12010893,-1
-0.08101461,-1
-0.31678545,-1
-0.08166816,-1
-0.14443804,-1
1.0000001,1
0.10081725,1
1.0000001,1
0.7121053,1
1.0000001,1
0.26675904,-1
0.107385695,-1
0.28713426,-1
-0.28274664,-1
-0.16203038,-1
0.7009411,1
0.90426195,1
0.9936511,1
1.0,1
1.0000001,1
-0.1465036,-1
-0.3266489,-1
0.82263726,-1
-0.20634958,-1
-0.40304083,-1
0.88831097,1
0.69781476,1
0.8586406,1
0.8389637,1
1.0000001,1
-0.45718685,-1
0.037979536,-1
0.7214408,-1
0.08067385,-1
0.34922475,-1
0.78200555,1
0.3568148,1
0.8867465,1
1.0,1
1.0000001,1
0.07369946,-1
-0.31010324,-1
-0.13317552,-1
0.10712787,-1
0.54651767,-1
1.0,1
1.0,1
0.7222481,1
1.0,1
0.8372657,1
-0.24194829,-1
0.22282209,-1
-0.24865933,-1
0.49620482,-1
0.59678715,-1
0.78994954,1
0.6927581,1
0.7700311,1
0.5194714,1
0.67408615,1
-0.19720288,-1
-0.6771331,-1
0.028635146,-1
-0.21240442,-1
-0.21830232,-1
1.0,1
0.934465,1
0.9266806,1
1.0,1
0.6569568,1
-0.12578864,-1
0.07200098,-1
0.07569343,-1
0.10902441,-1
-0.18094157,-1
1.0,1
0.9010015,1
0.80642456,1
1.0000001,1
0.9785022,1
-0.28108957,-1
0.09500888,-1
0.17650406,-1
-0.5499748,-1
-0.3392967,-1
0.8467144,1
0.6833728,1
1.0,1
1.0000001,1
0.11896282,1
-0.18721664,-1
0.025188455,-1
-0.3505267,-1
-0.19093607,-1
0.07605865,-1
0.7858121,1
1.0,1
0.9307034,1
1.0000001,1
1.0000001,1
-0.015137208,-1
0.17626831,-1
-0.25747693,-1
0.18918201,-1
0.3749441,-1
1.0,1
0.923807,1
0.42928684,1
1.0000001,1
1.0000001,1
0.25190774,-1
0.3912449,-1
0.2640963,-1
-0.12174674,-1
-0.2832471,-1
0.8662131,1
1.0,1
0.84949154,1
0.84452,1
1.0,1
0.117313094,-1
-0.4527257,-1
-0.07541983,-1
0.49835354,-1
0.19111867,-1
0.99999994,1
1.0,1
0.8017805,1
1.0000001,1
0.9999999,1
-0.2529418,-1
0.27140445,-1
-0.28397763,-1
-0.16072254,-1
-0.16617513,-1
0.9418949,1
1.0000001,1
0.78710145,1
0.8555804,1
1.0,1
0.021566635,-1
-0.35907266,-1
0.041421242,-1
-0.26133984,-1
-0.08489855,-1
0.9999999,1
1.0000001,1
0.5659543,1
1.0000001,1
1.0,1
0.08807337,-1
-0.22289081,-1
-0.16693588,-1
0.051946424,-1
-0.49424917,-1
0.8490821,1
0.7586526,1
0.8358496,1
0.64651376,1
1.0,1
-0.10237588,-1
-0.3490808,-1
-0.2739435,-1
0.34581158,-1
0.26787102,-1
0.5759903,1
0.53674257,1
0.99999994,1
1.0,1
0.7578189,1
-0.1766796,-1
0.0066534425,-1
0.322113,-1
0.021014502,-1
0.09179964,-1
0.8259016,1
0.8454251,1
0.32992235,1
1.0,1
1.0000001,1
0.2581128,-1
-0.24053274,-1
-0.049070083,-1
-0.13440089,-1
-0.11423445,-1
0.99999994,1
0.4314704,1
0.73441255,1
1.0,1
0.84977293,1
-0.027028758,-1
0.5372627,-1
0.68042237,-1
-0.13183695,-1
-0.17811652,-1
0.9999999,1
0.9999999,1
0.85598636,1
0.8632652,1
0.99999994,1
0.16962555,-1
0.058285315,-1
-0.10737827,-1
-0.32781315,-1
-0.4033154,-1
1.0,1
1.0,1
1.0000001,1
1.0000001,1
0.7510642,1
-0.50196594,-1
0.43891537,-1
-0.27549878,-1
-0.3095736,-1
-0.60767394,-1
1.0,1
1.0,1
0.7420435,1
0.98695654,1
0.7464969,1
0.12250705,-1
0.104183204,-1
0.29023096,-1
-0.16689758,-1
0.031727005,-1
0.91100866,1
0.8755673,1
1.0000001,1
0.7578284,1
0.6000636,1
-0.19353689,-1
0.6265964,-1
-0.3173413,-1
0.10106127,-1
-0.26680627,-1
0.70399475,1
0.99999994,1
0.80100286,1
0.9999999,1
1.0,1
-0.28485188,-1
-0.15471491,-1
-0.12417784,-1
-0.24654233,-1
-0.02162141,-1
0.7214857,1
0.87380946,1
0.9097667,1
1.0,1
0.6676585,1
-0.27252206,-1
-0.13785285,-1
-0.061662033,-1
-0.016716277,-1
-0.058000773,-1
1.0,1
0.67759347,1
1.0000001,1
1.0,1
0.8983288,1
0.11391451,-1
0.009055742,-1
-0.37623867,-1
-0.19129819,-1
0.034360148,-1
1.0,1
0.99999994,1
1.0,1
1.0,1
0.90041125,1
-0.24190177,-1
-0.25295612,-1
-0.12985729,-1
-0.06035429,-1
-0.11252243,-1
0.9742078,1
0.4591507,1
0.8940554,1
1.0000001,1
1.0,1
0.39774823,-1
0.23398684,-1
-0.24807656,-1
-0.48585212,-1
-0.47706965,-1
1.0,1
0.3005365,1
0.30129048,1
-0.15777974,1
1.0,1
0.16475293,-1
0.32514915,-1
-0.006482991,-1
-0.41850814,-1
0.118769415,-1
1.0,1
0.9679287,1
1.0,1
0.8386548,1
1.0000001,1
0.021204162,-1
-0.61986023,-1
0.17139305,-1
-0.1564579,-1
-0.1826621,-1
0.7599576,1
0.37598544,1
0.90658337,1
0.80722547,1
1.0,1
-0.2849208,-1
-0.01020851,-1
-0.071494885,-1
-0.468182,-1
-0.37260726,-1
0.9010639,1
0.6712793,1
1.0000001,1
0.42714468,1
0.926917,1
0.039543007,-1
-0.20366943,-1
-0.12647808,-1
0.23182112,-1
0.20384736,-1
0.9999999,1
1.0,1
0.9017464,1
0.9064802,1
0.6745059,1
-0.4082342,-1
-0.5243949,-1
-0.2768237,-1
0.14178073,-1
-0.03574525,-1
0.8673089,1
1.0000001,1
0.8452953,1
1.0000001,1
0.31813022,1
-0.31101772,-1
-0.41482985,-1
-0.029428527,-1
-0.10316831,-1
-0.37103072,-1
0.99999994,1
1.0,1
1.0,1
0.98320836,1
0.7819806,1
-0.14620432,-1
0.3539583,-1
-0.26500145,-1
-0.20642303,-1
-0.22701457,-1
0.5149896,1
0.9999999,1
0.8392508,1
0.99999994,1
1.0,1
-0.22402368,-1
-0.31189448,-1
-0.23460878,-1
0.34595338,-1
-0.034002304,-1
0.5449487,1
1.0000001,1
0.72071344,1
0.66690034,1
1.0,1
0.0975066,-1
0.028031697,-1
-0.21508405,-1
-0.33003676,-1
0.14647631,-1
0.82236046,1
0.36676234,1
1.0000001,1
0.94792897,1
0.9999999,1
0.45717284,-1
-0.4906537,-1
0.2563362,-1
0.05213229,-1
-0.3994722,-1
1.0,1
1.0,1
1.0000001,1
1.0000001,1
1.0,1
-0.056200925,-1
-0.30416286,-1
-0.3340487,-1
-0.5177459,-1
-0.13089933,-1
1.0,1
0.75137883,1
0.7469077,1
0.6850053,1
1.0,1
0.6117111,-1
-0.09062295,-1
-0.27817953,-1
0.6061088,-1
-0.5327646,-1
0.8595633,1
1.0,1
1.0,1
1.0,1
0.9770531,1
-0.119085066,-1
0.34860075,-1
0.7718128,-1
0.2008982,-1
0.34654763,-1
1.0,1
0.88113374,1
0.78033406,1
0.8626907,1
0.9277199,1
-0.3100236,-1
-0.110258,-1
-0.24334276,-1
0.13822341,-1
-0.38953245,-1
1.0,1
1.0000001,1
1.0000001,1
0.8309059,1
1.0000001,1
-0.40594342,-1
-0.049343318,-1
-0.14867768,-1
0.15114644,-1
-0.2482007,-1
0.8549349,1
1.0000001,1
1.0000001,1
0.95767725,1
1.0,1
0.06307221,-1
0.066275306,-1
0.6741202,-1
-0.41129002,-1
0.18556087,-1
0.99999994,1
0.81701416,1
0.8884834,1
0.5983788,1
0.62962615,1
-0.532807,-1
-0.08644564,-1
0.011597603,-1
0.5081738,-1
0.15220481,-1
0.8742994,1
0.33804733,1
0.1814703,1
0.80661184,1
0.2953219,1
0.2728065,-1
-0.17038369,-1
0.009029151,-1
0.03483687,-1
0.021831093,-1
1.0000001,1
1.0,1
1.0,1
1.0000001,1
1.0000001,1
0.7895661,-1
-0.39358813,-1
0.4990496,-1
0.22581314,-1
0.77106637,-1
0.71300817,1
1.0000001,1
1.0000001,1
0.3541523,1
0.3783924,1
-0.0754878,-1
0.40817302,-1
-0.29782292,-1
-0.033050243,-1
0.25564143,-1
1.0000001,1
0.7655262,1
0.45278552,1
0.78765136,1
0.90987647,1
-0.26387578,-1
0.4085426,-1
-0.17992578,-1
-0.23687047,-1
-0.44318953,-1
1.0,1
1.0,1
0.82991034,1
1.0000001,1
0.7597921,1
-0.0054504424,-1
-0.12626292,-1
-0.0071082315,-1
0.33030158,-1
0.45025924,-1
1.0,1
1.0,1
0.74903905,1
0.9195967,1
0.7984796,1
0.14024736,-1
-0.41067764,-1
-0.1587849,-1
-0.1012268,-1
0.03587451,-1
1.0,1
1.0000001,1
0.97693276,1
1.0,1
1.0,1
-0.49668834,-1
-0.20309211,-1
-0.2688962,-1
-0.24708332,-1
-0.4472376,-1
0.58259016,1
0.8429211,1
0.8493753,1
1.0000001,1
1.0000001,1
-0.058246113,-1
-0.46150237,-1
-0.044643085,-1
-0.21165036,-1
-0.045416016,-1
0.7556401,1
1.0000001,1
0.7894373,1
0.85845214,1
0.7541755,1
-0.14335547,-1
-0.10953903,-1
-0.13917504,-1
0.18128783,-1
-0.0014285832,-1
0.6627424,1
1.0000001,1
1.0,1
1.0,1
0.83887297,1
0.4424719,-1
0.060334213,-1
-0.35656852,-1
-0.38227966,-1
0.21153417,-1
0.7403136,1
0.7999962,1
0.97518563,1
1.0000001,1
1.0000001,1
-0.17007445,-1
-0.025669351,-1
-0.59904367,-1
-0.11982847,-1
-0.5400896,-1
1.0,1
0.7944278,1
1.0,1
0.99999994,1
0.82625407,1
-0.30115038,-1
-0.395734,-1
-0.28576568,-1
-0.38476622,-1
-0.063831136,-1
1.0,1
1.0000001,1
1.0,1
0.8209566,1
0.78185064,1
-0.26913005,-1
-0.22615188,-1
-0.06643234,-1
-0.18466134,-1
-0.36909977,-1
0.5840562,1
0.8630914,1
0.51282424,1
0.77256453,1
0.73530704,1
-0.24054961,-1
0.17464258,-1
-0.17294487,-1
-0.34067485,-1
-0.37781504,-1
1.0,1
1.0,1
0.20044231,1
0.7015766,1
0.79193574,1
-0.4974348,-1
0.1982215,-1
-0.2810342,-1
-0.25965744,-1
0.0127030155,-1
0.86015123,1
1.0000001,1
1.0,1
1.0,1
-0.28474903,1
-0.27397907,-1
-0.080267586,-1
-0.21143888,-1
-0.40167165,-1
-0.10551139,-1
0.99999994,1
1.0,1
1.0000001,1
0.49938792,1
-0.011109271,1
-0.060943834,-1
-0.019155322,-1
0.44801033,-1
0.35987908,-1
0.22722818,-1
1.0,1
0.99999994,1
0.49275097,1
1.0,1
0.6496531,1
0.35309273,-1
-0.21356389,-1
-0.16542454,-1
-0.121603735,-1
-0.05279554,-1
0.99999994,1
0.8020982,1
1.0,1
0.57886046,1
1.0000001,1
0.5413608,-1
0.2789936,-1
-0.37086198,-1
-0.19025117,-1
0.5358654,-1
1.0000001,1
1.0,1
1.0,1
1.0000001,1
1.0000002,1
0.039733555,-1
0.044699203,-1
-0.4691976,-1
0.16450024,-1
-0.4641008,-1
1.0000001,1
1.0000001,1
1.0,1
1.0000001,1
0.8540496,1
-0.39902958,-1
0.8729087,-1
-0.18116654,-1
0.5911194,-1
-0.032580547,-1
1.0,1
0.99999994,1
1.0,1
1.0,1
1.0000001,1
-0.21573164,-1
0.06766053,-1
0.25699636,-1
-0.2623378,-1
-0.3881445,-1
0.8468077,1
1.0000001,1
0.77668417,1
0.50088555,1
1.0000001,1
0.66652715,-1
-0.17162862,-1
-0.39437258,-1
0.47477978,-1
-0.08643879,-1
1.0,1
0.8381298,1
1.0,1
1.0,1
0.9208498,1
-0.20221747,-1
0.016855635,-1
-0.08507506,-1
-0.49293837,-1
0.09102335,-1
1.0000001,1
1.0000001,1
1.0,1
1.0,1
0.81282026,1
-0.31034175,-1
0.041145995,-1
-0.41504607,-1
0.0437504,-1
0.30516037,-1
1.0000001,1
1.0,1
1.0,1
0.7747038,1
0.8980967,1
0.050129373,-1
-0.44518125,-1
-0.37644738,-1
-0.3774103,-1
-0.28434026,-1
0.8587501,1
0.60357964,1
0.6428823,1
0.8416861,1
0.6910439,1
-0.0648329,-1
-0.24183273,-1
0.124722496,-1
-0.41470146,-1
0.12433112,-1
1.0000001,1
0.69490844,1
0.66672117,1
0.43048856,1
0.8058865,1
-0.3431392,-1
0.21870178,-1
-0.011143178,-1
-0.25286737,-1
-0.38769662,-1
1.0000001,1
1.0,1
0.9632233,1
1.0000001,1
0.8043975,1
-0.53236836,-1
0.048369534,-1
-0.25115034,-1
0.42303732,-1
0.4289135,-1
1.0,1
0.7755431,1
0.749064,1
1.0,1
1.0,1
0.39075014,-1
0.20971987,-1
0.03181911,-1
-0.10372147,-1
-0.10026152,-1
1.0,1
1.0,1
0.563064,1
0.80622864,1
1.0000001,1
-0.13450316,-1
0.43890116,-1
0.2731003,-1
-0.054424163,-1
-0.35439265,-1
0.5750089,1
0.64431673,1
0.77181584,1
0.75721776,1
0.99999994,1
0.5942171,-1
-0.5265547,-1
0.094102606,-1
-0.46434438,-1
-0.103742465,-1
1.0,1
0.99999994,1
1.0,1
1.0,1
1.0000001,1
0.31471586,-1
-0.31574965,-1
-0.25156772,-1
-0.3216877,-1
-0.05528106,-1
0.85475314,1
1.0000001,1
0.86711115,1
0.78585726,1
1.0,1
-0.4259432,-1
0.12558429,-1
-0.43963495,-1
-0.21545178,-1
-0.4512178,-1
0.8831807,1
1.0,1
0.50607634,1
0.8925163,1
0.79980516,1
-0.2435207,-1
-0.08053916,-1
-0.2067172,-1
0.12438571,-1
-0.31326842,-1
1.0000001,1
1.0000001,1
1.0,1
1.0000001,1
0.6579794,1
-0.026086746,-1
-0.21364963,-1
-0.079042785,-1
-0.19276704,-1
-0.3903274,-1
1.0,1
1.0000001,1
0.65337336,1
1.0,1
0.78856814,1
-0.4207756,-1
0.042680137,-1
0.15046112,-1
-0.023091355,-1
-0.19647518,-1
0.78059703,1
1.0000001,1
0.4093867,1
1.0,1
0.8280166,1
-0.63310957,-1
-0.03656548,-1
-0.03521199,-1
0.37480006,-1
-0.19163309,-1
1.0,1
1.0,1
0.99999994,1
1.0,1
0.8771066,1
0.38057566,-1
-0.016880756,-1
0.49316555,-1
-0.11286967,-1
-0.17134237,-1
0.98420453,1
0.92674744,1
1.0,1
1.0000001,1
0.621862,1
-0.2749715,-1
-0.4536283,-1
-0.025239235,-1
-0.41324228,-1
-0.35436088,-1
1.0,1
1.0000001,1
1.0,1
0.9123897,1
1.0,1
0.008663452,-1
0.7783955,-1
-0.30955786,-1
0.15779388,-1
0.098527126,-1
1.0,1
1.0,1
1.0,1
1.0,1
1.0000001,1
0.2901258,-1
-0.2526987,-1
-0.16714503,-1
0.030862646,-1
-0.019254094,-1
0.80724055,1
0.8098728,1
1.0,1
1.0000001,1
0.9448505,1
-0.32772905,-1
-0.16073427,-1
-0.031831224,-1
-0.20697397,-1
-0.32588592,-1
0.87404716,1
1.0,1
1.0,1
0.90100634,1
1.0,1
-0.4302677,-1
-0.2688323,-1
-0.09880976,-1
0.18067577,-1
0.14169279,-1
0.84499234,1
0.99999994,1
1.0,1
1.0,1
1.0,1
-0.0025922104,-1
-0.20113912,-1
-0.28767714,-1
-0.2701721,-1
-0.38119063,-1
1.0,1
-0.23397812,1
1.0000001,1
1.0000001,1
0.8868454,1
0.6673641,-1
-0.22306985,-1
-0.20367822,-1
0.508429,-1
-0.20146668,-1
0.65083015,1
0.03687323,1
0.89196944,1
0.7823261,1
1.0000001,1
0.3727299,-1
-0.030577105,-1
0.42722276,-1
-0.4177081,-1
0.39855865,-1
0.88216424,1
0.8359253,1
0.87335634,1
0.99999994,1
0.83218634,1
0.34095684,-1
-0.23323572,-1
0.16655323,-1
0.024239713,-1
0.18484285,-1
0.9532796,1
1.0,1
0.743274,1
0.65549034,1
1.0,1
0.036595833,-1
0.07524239,-1
-0.37270185,-1
0.04931444,-1
0.30736852,-1
1.0,1
0.8258798,1
1.0000001,1
0.6678761,1
0.99999994,1
-0.32298025,-1
0.120465875,-1
-0.19072081,-1
-0.12142105,-1
-0.17046236,-1
1.0000001,1
0.9173157,1
0.6330989,1
1.0,1
1.0,1
-0.044375513,-1
-0.31275237,-1
0.22149055,-1
0.06336511,-1
-0.27783737,-1
1.0000001,1
1.0,1
0.9999999,1
1.0,1
0.8891079,1
-0.17456065,-1
-0.4432265,-1
-0.31264892,-1
-0.21173903,-1
-0.19677827,-1
0.8816258,1
1.0,1
1.0,1
1.0000001,1
0.8908126,1
-0.11732547,-1
0.05222464,-1
0.06751621,-1
0.47970435,-1
-0.38776273,-1
0.99999994,1
1.0,1
1.0,1
1.0000001,1
1.0000001,1
-0.070216924,-1
0.51575845,-1
-0.06311013,-1
-0.1035084,-1
-0.06919202,-1
1.0000001,1
0.8376248,1
0.810518,1
1.0,1
-0.018594028,1
-0.23347369,-1
-0.19685662,-1
-0.4295877,-1
-0.71704805,-1
0.18304831,-1
1.0,1
1.0000001,1
1.0,1
1.0,1
1.0000001,1
-0.43503428,-1
0.0015958471,-1
-0.23803425,-1
-0.17705528,-1
-0.14684725,-1
0.6783666,1
0.9985593,1
1.0000001,1
0.59353274,1
0.9275517,1
-0.0017571753,-1
0.3162971,-1
-0.4072851,-1
-0.32893044,-1
-0.53100586,-1
1.0,1
1.0,1
1.0,1
1.0,1
0.84608,1
-0.32120493,-1
-0.29767752,-1
-0.6072737,-1
0.08541371,-1
0.12169765,-1
1.0000001,1
0.8657265,1
1.0,1
0.99999994,1
0.7749578,1
0.39262182,-1
-0.020345543,-1
-0.20290995,-1
0.016999107,-1
0.4742713,-1
0.76344526,1
1.0,1
0.3473941,1
0.38021868,1
0.86718565,1
-0.40806922,-1
-0.05871806,-1
0.13581637,-1
0.25578916,-1
0.15581524,-1
1.0,1
0.1259324,1
0.7006256,1
0.84627974,1
0.9999999,1
-0.0875261,-1
0.12625903,-1
-0.06359764,-1
-0.3200693,-1
-0.28690603,-1
0.8586635,1
0.70919585,1
1.0000001,1
1.0000001,1
0.9521697,1
-0.44754627,-1
-0.4033368,-1
-0.0748614,-1
0.17682979,-1
0.1544994,-1
1.0000001,1
1.0,1
0.54188246,1
0.82690406,1
0.8588382,1
-0.21494567,-1
-0.37228322,-1
-0.095991865,-1
-0.053615984,-1
-0.07174631,-1
0.68483186,1
1.0000001,1
1.0,1
0.6793391,1
1.0,1
-0.3150974,-1
-0.20686212,-1
0.34314114,-1
-0.05384846,-1
-0.33179745,-1
0.892919,1
1.0,1
1.0000001,1
1.0,1
0.8630613,1
-0.47929505,-1
0.049138095,-1
-0.37099978,-1
-0.20366165,-1
-0.09090869,-1
1.0,1
1.0000001,1
1.0000001,1
0.17392848,1
0.8008285,1
-0.48620957,-1
0.27422404,-1
-0.19122362,-1
-0.29658508,-1
0.3757852,-1
0.9999999,1
0.99999994,1
1.0000001,1
1.0000001,1
1.0,1
-0.22414355,-1
-0.012050245,-1
0.17216372,-1
-0.083560154,-1
-0.13083299,-1
1.0,1
0.53602433,1
1.0,1
0.7470791,1
1.0,1
0.13211296,-1
0.1598269,-1
-0.06755261,-1
-0.0026336722,-1
-0.36929983,-1
0.83204675,1
1.0,1
1.0,1
0.7952932,1
0.8220999,1
-0.5597654,-1
-0.39750084,-1
-0.017935002,-1
-0.037222434,-1
0.22553335,-1
0.82720053,1
1.0000002,1
1.0,1
1.0,1
1.0000001,1
-0.322811,-1
-0.075244606,-1
0.086885884,-1
-0.5083169,-1
-0.12623143,-1
0.95416635,1
0.72079796,1
0.8917114,1
1.0000001,1
1.0,1
0.5374337,-1
0.6509168,-1
0.01580179,-1
-0.0982399,-1
0.36542332,-1
1.0000001,1
0.8041884,1
0.86154944,1
0.78002745,1
1.0,1
0.081425115,-1
-0.46845067,-1
-0.33112618,-1
0.032073963,-1
-0.086094,-1
0.7860221,1
0.8619309,1
1.0000001,1
0.16765358,1
0.7017023,1
-0.06911978,-1
-0.5240717,-1
-0.15357062,-1
-0.47949052,-1
-0.31182027,-1
0.90444195,1
0.88633853,1
1.0,1
-0.21747789,1
1.0,1
0.6829522,-1
-0.23171699,-1
0.07546555,-1
0.13011245,-1
-0.114442445,-1
0.73439497,1
0.8200741,1
1.0000001,1
0.3030279,1
0.8155719,1
-0.32281315,-1
-0.25385866,-1
-0.2689575,-1
-0.24918681,-1
-0.096547775,-1
1.0,1
0.9999999,1
0.84570307,1
1.0000001,1
0.77494603,1
0.43852332,-1
-0.20711227,-1
-0.2885978,-1
-0.20870227,-1
-0.01695503,-1
1.0,1
0.8407967,1
1.0,1
0.84199977,1
1.0,1
-0.59566414,-1
0.098064885,-1
-0.2317075,-1
-0.30037338,-1
0.17929815,-1
0.98947906,1
0.83415186,1
0.71597934,1
1.0,1
1.0,1
-0.35011095,-1
-0.21562864,-1
0.04298488,-1
-0.13411835,-1
-0.23890781,-1
0.6047592,1
1.0,1
1.0000001,1
1.0000001,1
1.0,1
0.02938696,-1
-0.27421972,-1
0.16271004,-1
-0.014579728,-1
-0.16125153,-1
1.0000001,1
0.99999994,1
0.44064975,1
1.0,1
0.8037448,1
-0.06867792,-1
-0.39267832,-1
0.27571476,-1
-0.2773231,-1
0.6018702,-1
0.82872313,1
1.0,1
0.99999994,1
1.0000001,1
1.0,1
-0.42675537,-1
-0.08159629,-1
0.21293463,-1
-0.25950435,-1
-0.2919326,-1
1.0000001,1
1.0000001,1
0.96608233,1
0.24532449,1
0.9999999,1
-0.47170594,-1
0.28882277,-1
0.036705676,-1
0.1838537,-1
0.029704915,-1
0.7727391,1
1.0000002,1
1.0,1
0.80571216,1
1.0,1
-0.53364193,-1
-0.18499164,-1
-0.033782136,-1
0.02101346,-1
0.19362666,-1
1.0,1
0.8282987,1
0.9999999,1
0.9272798,1
0.83912903,1
-0.4217668,-1
-0.041916378,-1
-0.69384295,-1
-0.27553672,-1
-0.39160886,-1
1.0000001,1
0.88323826,1
0.8634717,1
1.0000001,1
0.79532236,1
-0.06812563,-1
0.22946943,-1
0.57536954,-1
0.2622224,-1
-0.10564923,-1
0.92869747,1
1.0000001,1
1.0000001,1
1.0000001,1
1.0,1
0.65474904,-1
-0.32440713,-1
-0.39185894,-1
0.03253996,-1
0.0014487042,-1
0.774731,1
1.0000001,1
0.8879277,1
1.0000001,1
0.97429144,1
0.09192869,-1
0.20557523,-1
-0.12242695,-1
0.14527862,-1
-0.02703887,-1
1.0000001,1
0.82913023,1
1.0000001,1
0.92361933,1
1.0000001,1
-0.102321915,-1
-0.27528998,-1
-0.33023608,-1
-0.3492731,-1
0.120800585,-1
1.0000001,1
0.5749253,1
0.8804168,1
0.022888647,1
0.89761895,1
-0.07507105,-1
0.5970774,-1
0.117160425,-1
0.13071293,-1
0.0009886844,-1
0.79062057,1
0.9002474,1
1.0000001,1
1.0000001,1
1.0,1
0.01975841,-1
0.24064203,-1
0.46746638,-1
-0.42473343,-1
-0.3503934,-1
1.0000001,1
0.611127,1
1.0,1
1.0,1
0.84664035,1
0.09074606,-1
-0.25357363,-1
0.37039706,-1
0.085860275,-1
-0.4741894,-1
1.0,1
1.0000001,1
1.0000001,1
0.7389841,1
1.0,1
-0.23116818,-1
0.84587497,-1
0.08591241,-1
0.12263005,-1
-0.100770526,-1
1.0,1
0.8094652,1
0.6897804,1
1.0,1
1.0,1
-0.067893595,-1
0.31430423,-1
-0.026000356,-1
-0.36373517,-1
-0.04057116,-1
1.0,1
1.0,1
0.8488577,1
1.0000001,1
1.0,1
0.20601776,-1
0.071362555,-1
-0.014553496,-1
0.25574,-1
-0.24547206,-1
1.0,1
0.7866859,1
0.7288496,1
0.819268,1
0.89954096,1
-0.17050701,-1
0.2856589,-1
0.32706174,-1
-0.46726257,-1
0.08775197,-1
1.0000001,1
0.81348497,1
0.8584441,1
0.58184403,1
1.0,1
0.02624507,-1
0.1274507,-1
-0.13183157,-1
-0.28877276,-1
0.094311915,-1
0.7765245,1
0.99999994,1
0.90451825,1
1.0000001,1
1.0,1
0.046422843,-1
-0.25820264,-1
0.36257526,-1
-0.1646433,-1
0.04006228,-1
0.92031217,1
1.0,1
0.82424366,1
1.0000001,1
1.0,1
-0.30124772,-1
-0.10891029,-1
-0.15576424,-1
-0.014138755,-1
-0.3497957,-1
0.371158,1
0.9999999,1
0.99999994,1
0.8433915,1
0.9999999,1
-0.15336607,-1
-0.093719736,-1
-0.2915689,-1
-0.24707758,-1
-0.23819245,-1
0.5443166,1
0.83351165,1
1.0,1
1.0,1
1.0000001,1
0.001930236,-1
0.62332624,-1
-0.030589141,-1
0.21555863,-1
0.3356576,-1
0.98556864,1
0.40415215,1
1.0000001,1
1.0000001,1
1.0000001,1
0.1447713,-1
-0.046662174,-1
-0.024997003,-1
0.18391588,-1
-0.4691379,-1
1.0,1
1.0000001,1
0.6419058,1
1.0,1
0.709675,1
-0.22766568,-1
0.4257423,-1
0.20438363,-1
-0.47644284,-1
-0.4764993,-1
1.0,1
1.0,1
0.34376714,1
1.0,1
0.71577126,1
-0.25854975,-1
-0.07083888,-1
0.08756856,-1
0.48578727,-1
-0.2752726,-1
1.0000001,1
0.8961753,1
0.34794936,1
1.0000001,1
0.83661467,1
-0.15786862,-1
-0.4242392,-1
-0.055758517,-1
0.08252927,-1
-0.23885787,-1
0.74933267,1
0.5612815,1
0.8200843,1
0.945302,1
0.99999994,1
0.008093605,-1
-0.21119443,-1
-0.29898548,-1
0.30028194,-1
0.4715347,-1
1.0,1
0.7355093,1
0.6172094,1
1.0000001,1
0.78560704,1
-0.5196006,-1
-0.36363766,-1
-0.39903554,-1
-0.012982208,-1
-0.36998627,-1
0.90670437,1
1.0000001,1
1.0,1
0.7452935,1
1.0000001,1
0.07370763,-1
-0.024660887,-1
-0.16054119,-1
-0.23097256,-1
0.04712999,-1
1.0,1
0.8296982,1
1.0,1
1.0000001,1
1.0000001,1
-0.020946113,-1
-0.15095004,-1
0.047128204,-1
-0.022236256,-1
0.2539914,-1
1.0000001,1
1.0,1
1.0000001,1
1.0,1
0.76125103,1
-0.32808393,-1
-0.2052442,-1
0.37450367,-1
-0.1721489,-1
-0.046909455,-1
1.0000001,1
1.0,1
1.0000001,1
1.0,1
1.0,1
0.38684386,-1
0.30173728,-1
-0.06873178,-1
-0.4704841,-1
-0.24684347,-1
0.8102268,1
0.7315098,1
1.0000001,1
0.9212093,1
0.861396,1
0.007502409,-1
-0.023929588,-1
0.17564698,-1
0.19409458,-1
-0.541576,-1
1.0,1
0.35007414,1
0.5963422,1
1.0000001,1
1.0,1
-0.11687728,-1
0.31153697,-1
0.47964793,-1
-0.26597604,-1
-0.15464383,-1
1.0000001,1
0.9965545,1
-0.0922582,1
0.8105936,1
0.99999994,1
0.066438854,-1
0.20099033,-1
0.004087584,-1
-0.59337604,-1
-0.4841372,-1
0.7870036,1
0.77801204,1
1.0000001,1
0.84719753,1
1.0,1
-0.45859477,-1
-0.015608697,-1
-0.28385833,-1
-0.229144,-1
0.03757897,-1
0.81849325,1
0.80392766,1
0.5566119,1
0.66978437,1
0.5463664,1
-0.15942909,-1
0.15453345,-1
-0.21713534,-1
0.09252688,-1
-0.08498465,-1
1.0,1
1.0000001,1
1.0,1
0.87931395,1
1.0,1
-0.04020471,-1
-0.16421632,-1
-0.14088687,-1
0.08305894,-1
-0.26040804,-1
0.6535101,1
0.99999994,1
0.6252505,1
0.7979421,1
0.85001224,1
-0.18207607,-1
0.101094164,-1
-0.27043554,-1
0.1403757,-1
0.19888853,-1
0.9999999,1
1.0000001,1
0.87269557,1
-0.10609272,1
1.0,1
0.52717847,-1
0.07788567,-1
0.086177856,-1
0.7410378,-1
-0.27921954,-1
0.91995853,1
1.0,1
0.88754207,1
0.8715975,1
1.0,1
-0.5493504,-1
0.10069033,-1
-0.43226177,-1
-0.30443963,-1
-0.18095489,-1
0.5234457,1
0.9999999,1
0.82916296,1
0.9999999,1
0.5777728,1
0.10327984,-1
-0.110308565,-1
-0.214984,-1
0.06415759,-1
-0.18470046,-1
1.0,1
1.0,1
1.0000001,1
1.0,1
0.25165284,1
-0.14026168,-1
-0.2488748,-1
-0.26776907,-1
0.12316146,-1
0.28613323,-1
0.86305666,1
1.0000001,1
0.8864207,1
1.0000001,1
0.9174256,1
0.27641526,-1
-0.430267,-1
-0.15192573,-1
-0.5416912,-1
0.05152322,-1
0.52775687,1
1.0,1
1.0000001,1
1.0,1
0.91318345,1
-0.10835368,-1
-0.17866552,-1
-0.0056292526,-1
-0.22226818,-1
-0.2822826,-1
1.0,1
0.44407913,1
0.69567245,1
0.47820914,1
0.65088886,1
0.057431564,-1
-0.21127972,-1
-0.38266084,-1
-0.07360648,-1
-0.21510944,-1
1.0,1
1.0,1
1.0000001,1
1.0000001,1
0.8990084,1
-0.096177615,-1
0.7127284,-1
0.09390823,-1
-0.51072,-1
-0.025092816,-1
0.9877896,1
0.9260171,1
1.0,1
0.86159515,1
1.0,1
-0.039804615,-1
-0.1749246,-1
-0.1703316,-1
0.17957756,-1
0.1443518,-1
1.0,1
0.85998803,1
1.0,1
0.69156075,1
0.8859277,1
-0.35563058,-1
-0.1391718,-1
0.5628043,-1
0.03783704,-1
-0.28332442,-1
0.71785617,1
0.77433264,1
0.87583804,1
0.7718977,1
1.0000001,1
0.08700568,-1
-0.2095429,-1
-0.3789815,-1
0.1406626,-1
0.34730616,-1
0.9999999,1
1.0000001,1
0.840568,1
0.99999994,1
0.9906976,1
0.3326201,-1
-0.45774654,-1
-0.05300313,-1
0.25943434,-1
-0.2954672,-1
0.8006141,1
1.0000001,1
1.0000001,1
0.9563055,1
0.7490833,1
-0.0961862,-1
0.699774,-1
-0.06747577,-1
-0.092365466,-1
-0.09229437,-1
0.87527347,1
1.0,1
1.0,1
0.8694163,1
1.0,1
0.30319756,-1
-0.050613288,-1
-0.29051554,-1
0.4254926,-1
0.6500699,-1
1.0000001,1
0.73732555,1
1.0,1
1.0000001,1
0.9262922,1
-0.16454232,-1
-0.1324978,-1
-0.1984464,-1
0.20935942,-1
0.14463697,-1
0.99999994,1
0.5994486,1
1.0,1
0.84205234,1
0.99999994,1
-0.4201835,-1
-0.19485563,-1
0.7472751,-1
-0.4256543,-1
0.60658133,-1
0.7296308,1
0.9999999,1
0.99999994,1
1.0,1
0.82534707,1
-0.419916,-1
-0.17645994,-1
-0.06584627,-1
-0.19582628,-1
0.032361053,-1
1.0,1
0.9999999,1
1.0,1
1.0,1
0.95430166,1
-0.1542983,-1
-0.05104061,-1
-0.17975649,-1
-0.04080884,-1
-0.38602594,-1
1.0000001,1
0.63990116,1
0.73970485,1
0.67726374,1
1.0,1
-0.24688739,-1
-0.15894441,-1
-0.09862062,-1
0.034558583,-1
-0.34587798,-1
0.9999999,1
0.14555699,1
0.5964059,1
1.0000001,1
1.0,1
0.2521437,-1
0.4705296,-1
0.56233054,-1
-0.13131471,-1
0.12329197,-1
1.0,1
0.99999994,1
0.69128,1
0.9999999,1
0.7072049,1
-0.6324262,-1
-0.09684259,-1
-0.18878634,-1
-0.3951726,-1
0.5808853,-1
0.7044302,1
0.87160975,1
1.0000001,1
0.5986091,1
0.7914198,1
-0.44683617,-1
0.25399968,-1
-0.22665216,-1
-0.35286313,-1
0.014434114,-1
1.0,1
1.0000001,1
0.7445315,1
0.8172198,1
0.6741177,1
-0.14815931,-1
-0.092470765,-1
-0.107008144,-1
0.45497847,-1
-0.22402614,-1
0.89830226,1
1.0,1
1.0000001,1
1.0,1
1.0,1
-0.3401237,-1
-0.22477585,-1
-0.12376832,-1
0.03941529,-1
0.122099824,-1
0.7705739,1
0.87960714,1
1.0000001,1
0.5953765,1
1.0,1
-0.41395822,-1
-0.05773479,-1
0.36789992,-1
-0.30421337,-1
-0.011314128,-1
0.77725583,1
1.0,1
0.7659726,1
1.0000001,1
1.0,1
-0.32897145,-1
-0.16344577,-1
0.6022566,-1
-0.0170104,-1
-0.103901714,-1
1.0000001,1
0.6241632,1
0.9999999,1
0.77122116,1
1.0,1
-0.24432918,-1
0.07560085,-1
0.23032728,-1
-0.3682172,-1
0.036267623,-1
1.0000001,1
0.9999999,1
0.9999999,1
0.92190886,1
0.8315054,1
0.5259155,-1
-0.274425,-1
-0.2922971,-1
0.4729237,-1
0.33563784,-1
0.7960549,1
0.8482164,1
1.0000001,1
0.9689723,1
0.7570989,1
-0.4581605,-1
0.17568113,-1
0.10092977,-1
-0.3158099,-1
-0.0081051495,-1
1.0000001,1
1.0,1
0.08675944,1
1.0000001,1
1.0000001,1
-0.54238224,-1
0.15271245,-1
-0.06088585,-1
-0.19908716,-1
-0.054298084,-1
0.9245027,1
1.0,1
1.0,1
1.0,1
1.0000001,1
0.13371241,-1
0.13235223,-1
-0.022030234,-1
-0.14566383,-1
-0.5451684,-1
1.0000001,1
1.0,1
0.8615478,1
0.63054264,1
0.9982463,1
0.25568652,-1
-0.46198204,-1
-0.09948996,-1
-0.5572272,-1
-0.3821378,-1
1.0000001,1
0.81929785,1
0.43337598,1
0.99999994,1
1.0,1
-0.41643012,-1
-0.24444106,-1
-0.41648847,-1
0.23152426,-1
-0.31634706,-1
0.90663254,1
1.0,1
1.0000001,1
1.0000001,1
0.522049,1
-0.061771423,-1
-0.2918981,-1
-0.40554124,-1
-0.45584944,-1
-0.20498982,-1
0.798438,1
0.7875877,1
1.0,1
1.0000001,1
0.90052927,1
-0.31349364,-1
0.264419,-1
-0.296374,-1
-0.12686709,-1
-0.14375174,-1
0.8538349,1
1.0,1
1.0,1
1.0,1
1.0,1
-0.23790011,-1
-0.09384294,-1
0.124245904,-1
0.13257822,-1
0.31394207,-1
1.0,1
1.0000001,1
0.80629593,1
0.5155237,1
0.8337751,1
-0.18249552,-1
-0.16736129,-1
0.1626044,-1
0.040691327,-1
-0.49298102,-1
0.584199,1
0.71276337,1
0.8737264,1
1.0000001,1
1.0,1
0.14688489,-1
-0.06444188,-1
-0.16720362,-1
-0.41255715,-1
0.11798584,-1
0.802885,1
0.9098452,1
0.106136285,1
0.8115407,1
0.72772354,1
-0.5959095,-1
-0.3140325,-1
-0.10094456,-1
-0.48334727,-1
-0.20358175,-1
1.0000001,1
1.0,1
1.0000001,1
1.0000001,1
1.0,1
-0.27981752,-1
0.10309718,-1
-0.3249912,-1
-0.12758477,-1
0.32092285,-1
1.0000001,1
0.8262109,1
0.7902527,1
1.0,1
0.22621746,1
-0.109174624,-1
-0.20337851,-1
0.2486182,-1
-0.15956685,-1
0.13398772,-1
0.7203653,1
0.82229316,1
0.68416566,1
1.0,1
0.6878221,1
0.021395061,-1
0.17153105,-1
0.59366137,-1
0.19064687,-1
-0.46755233,-1
1.0000001,1
1.0000001,1
0.79361796,1
0.90032077,1
1.0,1
-0.11649119,-1
-0.25626934,-1
-0.13470203,-1
0.12520005,-1
0.15128665,-1
1.0000001,1
0.8589091,1
1.0000001,1
1.0,1
0.99999994,1
-0.35230368,-1
-0.31223848,-1
-0.18638538,-1
-0.5867109,-1
0.16514802,-1
0.62808126,1
0.99999994,1
0.607236,1
1.0,1
0.596262,1
-0.06992585,-1
0.0063785263,-1
-0.1456213,-1
-0.12012949,-1
0.25971588,-1
1.0,1
1.0,1
1.0000001,1
0.9156373,1
1.0,1
-0.45233634,-1
-0.22101729,-1
-0.017840503,-1
-0.06642696,-1
-0.2089846,-1
0.8159369,1
0.89694387,1
0.8136451,1
0.42824197,1
1.0,1
-0.21633367,-1
-0.28284734,-1
0.33683404,-1
-0.22683296,-1
-0.33915693,-1
1.0,1
1.0,1
1.0000001,1
1.0,1
0.91360354,1
0.28205657,-1
0.009219052,-1
-0.039331812,-1
-0.3498884,-1
-0.39332867,-1
0.792005,1
0.32055295,1
1.0000001,1
0.57364726,1
0.8494889,1
0.22693256,-1
0.51613015,-1
-0.2465407,-1
-0.36393365,-1
-0.20667252,-1
0.41945884,1
0.7046071,1
0.74911237,1
1.0000001,1
1.0000001,1
0.124859974,-1
-0.038380705,-1
-0.2359222,-1
-0.11605813,-1
0.016952978,-1
1.0000001,1
0.80439055,1
1.0000001,1
1.0,1
0.734985,1
0.42615715,-1
0.36577964,-1
-0.3074185,-1
-0.028042823,-1
-0.18667142,-1
0.8499042,1
0.55398315,1
1.0,1
0.8793814,1
0.8780456,1
-0.05963911,-1
-0.21000844,-1
-0.40322706,-1
-0.28706735,-1
-0.15702836,-1
1.0000001,1
0.62702,1
1.0000001,1
1.0000001,1
0.7736493,1
0.3496652,-1
-0.43631217,-1
0.23642275,-1
0.15153712,-1
-0.43001097,-1
0.6039433,1
0.81456715,1
1.0000001,1
1.0,1
1.0000001,1
-0.30728775,-1
0.24630816,-1
-0.25487927,-1
-0.141075,-1
-0.32964715,-1
1.0,1
1.0000001,1
-0.23123164,1
0.70884794,1
0.7823381,1
-0.39496726,-1
0.46750507,-1
-0.14368436,-1
-0.16707961,-1
-0.25761232,-1
0.44628704,1
0.6931491,1
0.45783183,1
1.0,1
1.0,1
-0.52866185,-1
-0.30219048,-1
0.29227474,-1
0.0273092,-1
0.100027345,-1
0.09498103,1
1.0,1
1.0,1
1.0000001,1
0.5685759,1
-0.14909445,-1
0.17693305,-1
0.31306008,-1
-0.31778085,-1
0.15926167,-1
0.7702099,1
1.0,1
1.0000001,1
1.0,1
1.0,1
-0.06699693,-1
-0.5560915,-1
-0.07686652,-1
-0.007409844,-1
-0.013244454,-1
0.76277214,1
0.43514028,1
1.0000001,1
0.6201979,1
1.0,1
0.11332555,-1
-0.40505478,-1
-0.17196828,-1
-0.40075612,-1
-0.14848888,-1
0.86341804,1
0.99999994,1
0.7659073,1
0.75838524,1
1.0000001,1
-0.32264453,-1
-0.251551,-1
0.117996745,-1
-0.17975329,-1
-0.27237624,-1
0.8817791,1
0.99999994,1
0.8896125,1
0.7283323,1
1.0,1
0.15386824,-1
-0.31303272,-1
-0.1280615,-1
-0.23547664,-1
0.31077254,-1
1.0000001,1
0.59508544,1
0.99999994,1
0.9258386,1
0.8891372,1
0.25949645,-1
0.33602422,-1
-0.4095096,-1
0.03741492,-1
-0.1777126,-1
1.0,1
1.0,1
0.82999915,1
1.0000001,1
1.0000001,1
-0.1548504,-1
-0.32441095,-1
0.04036529,-1
-0.30792215,-1
-0.5355689,-1
0.54452276,1
0.8222888,1
0.8956242,1
0.74487877,1
1.0000001,1
0.018942231,-1
0.34910417,-1
0.16090307,-1
0.10254336,-1
0.51833564,-1
0.53151625,1
0.8219379,1
0.58700883,1
0.7925835,1
1.0,1
-0.08544553,-1
-0.19796555,-1
0.10959583,-1
-0.22591178,-1
-0.34713337,-1
1.0000001,1
0.9999999,1
0.60180926,1
1.0000001,1
0.09487572,1
-0.12412974,-1
0.24730767,-1
-0.28654656,-1
-0.56290406,-1
0.07837681,-1
1.0000001,1
0.84659296,1
1.0000001,1
1.0000001,1
0.86090505,1
0.256963,-1
-0.16559851,-1
-0.06214533,-1
0.09721282,-1
0.058624372,-1
1.0000001,1
0.9248451,1
1.0,1
0.77528113,1
0.7268971,1
-0.12154143,-1
0.3939179,-1
0.102604695,-1
-0.10352273,-1
-0.05982916,-1
0.6773987,1
1.0,1
0.9060645,1
1.0000001,1
0.648971,1
0.23234962,-1
-0.110457726,-1
0.25870696,-1
-0.00042713206,-1
-0.49487174,-1
0.7680901,1
1.0,1
0.9016187,1
1.0,1
1.0000001,1
-0.20245415,-1
-0.018517118,-1
-0.3541834,-1
-0.2593505,-1
0.29834872,-1
0.901987,1
0.83759344,1
0.6718429,1
1.0,1
0.9258589,1
0.010378948,-1
0.35075408,-1
-0.052603636,-1
-0.21444461,-1
-0.13555753,-1
0.7134791,1
0.9451983,1
1.0,1
1.0,1
0.88351506,1
-0.05032343,-1
-0.27058688,-1
-2.0016774e-05,-1
-0.21097493,-1
-0.074012116,-1
0.9452463,1
0.83577925,1
1.0,1
0.6801275,1
1.0000001,1
-0.40178138,-1
-0.045838688,-1
-0.15720545,-1
0.11173064,-1
-0.11274481,-1
0.9085223,1
1.0000001,1
0.76314616,1
1.0000001,1
0.63776803,1
-0.16971707,-1
-0.12779969,-1
0.2467576,-1
0.2891465,-1
-0.3079421,-1
0.36108288,1
0.8574789,1
1.0,1
0.9999999,1
0.8966221,1
-0.078655824,-1
-0.086776905,-1
-0.19405803,-1
-0.07446572,-1
0.33244658,-1
1.0,1
0.7984784,1
1.0000001,1
1.0,1
1.0000001,1
-0.4522674,-1
0.15168908,-1
0.13183014,-1
-0.22524989,-1
-0.045469176,-1
0.77183205,1
1.0000001,1
1.0000001,1
1.0000001,1
0.56264025,1
0.8191718,-1
-0.2984035,-1
-0.2965019,-1
0.1993092,-1
-0.3613203,-1
1.0,1
0.7266788,1
1.0,1
0.10195553,1
0.9887139,1
-0.15565377,-1
-0.0626486,-1
-0.37455264,-1
0.10430932,-1
-0.278274,-1
0.5654607,1
0.65314835,1
1.0,1
0.6818241,1
0.8541147,1
-0.32473552,-1
0.50703925,-1
0.07600932,-1
-0.40252408,-1
-0.062490225,-1
0.7314386,1
0.8051525,1
0.5937032,1
1.0000001,1
1.0000001,1
0.46410894,-1
0.20975368,-1
0.12650806,-1
0.053884566,-1
0.082371645,-1
0.99999994,1
1.0,1
1.0,1
0.7366077,1
0.7537371,1
0.034551032,-1
0.05642182,-1
-0.23598133,-1
0.46382967,-1
-0.2677758,-1
0.9050837,1
0.7875581,1
0.9057522,1
0.78255105,1
1.0,1
0.4212253,-1
0.22549066,-1
-0.11716072,-1
-0.025681928,-1
-0.022290176,-1
0.9142579,1
1.0,1
0.74250823,1
1.0,1
0.9407792,1
0.008803188,-1
-0.09038266,-1
0.020952418,-1
0.07321741,-1
-0.3750194,-1
0.9999999,1
1.0,1
0.7410638,1
0.85790294,1
1.0,1
0.109172374,-1
0.09374535,-1
-0.12734762,-1
-0.0963682,-1
0.1812316,-1
0.55323935,1
1.0000001,1
0.637588,1
0.846561,1
0.8638972,1
0.18003875,-1
-0.01772304,-1
-0.06247828,-1
0.0680516,-1
-0.61770415,-1
-0.038948305,1
0.84482497,1
0.65235907,1
0.9991629,1
0.98229694,1
0.31905812,-1
-0.30055043,-1
-0.18292345,-1
0.16997124,-1
-0.0937085,-1
0.93637913,1
0.38322744,1
0.9076414,1
1.0000001,1
1.0,1
-0.4040037,-1
0.09290386,-1
-0.3711918,-1
-0.06911614,-1
-0.32380718,-1
0.75363994,1
1.0000001,1
0.782492,1
1.0000001,1
0.68890387,1
-0.19386089,-1
0.43535617,-1
-0.37918314,-1
-0.18725845,-1
-0.30184445,-1
1.0,1
1.0000001,1
1.0,1
0.84567297,1
0.7478583,1
-0.07543272,-1
0.4526191,-1
0.0028241712,-1
-0.19720909,-1
-0.05130541,-1
0.7801323,1
1.0,1
0.19607355,1
1.0000001,1
0.60816795,1
-0.027094638,-1
0.7561294,-1
-0.0075426362,-1
0.70421,-1
0.03991625,-1
0.871038,1
0.7771904,1
0.93793774,1
0.99999994,1
0.9152572,1
-0.20377548,-1
0.2671052,-1
0.118080206,-1
-0.5135013,-1
-0.003917241,-1
1.0000001,1
0.8157147,1
1.0000001,1
0.7754516,1
0.99999994,1
-0.32502088,-1
0.1663081,-1
0.2577478,-1
0.12033557,-1
0.15353443,-1
1.0000001,1
1.0,1
0.9153042,1
1.0000002,1
0.8346763,1
0.040265497,-1
0.5928085,-1
-0.07786255,-1
0.045386933,-1
-0.006130538,-1
1.0,1
1.0,1
1.0000001,1
0.9423423,1
1.0,1
-0.28165132,-1
0.061198264,-1
0.12336769,-1
0.303233,-1
0.117231764,-1
0.8955721,1
0.76223266,1
0.61193717,1
0.8518598,1
1.0000001,1
-0.19810523,-1
0.06305816,-1
-0.5515388,-1
0.2562507,-1
0.33820623,-1
0.7736644,1
0.7275351,1
0.53450686,1
1.0,1
1.0,1
-0.0030965337,-1
-0.086777486,-1
-0.3353557,-1
0.009166262,-1
-0.4627487,-1
0.8600799,1
0.36419967,1
0.83721095,1
1.0,1
0.9074458,1
0.14688757,-1
0.21382906,-1
-0.25432757,-1
-0.1770468,-1
-0.44424087,-1
0.79975414,1
0.7448404,1
0.5469631,1
0.6832971,1
1.0,1
-0.381687,-1
0.047709424,-1
-0.20622745,-1
0.46206337,-1
-0.12437359,-1
1.0000001,1
0.48243684,1
0.7650226,1
1.0000001,1
1.0,1
0.055570774,-1
-0.070471324,-1
-0.081229515,-1
-0.55506814,-1
-0.1297993,-1
0.8936757,1
1.0000001,1
0.8668911,1
1.0,1
1.0000001,1
0.44779778,-1
-0.37010822,-1
-0.44054547,-1
0.1723109,-1
0.18412629,-1
0.76049006,1
0.99999994,1
1.0000001,1
0.8380478,1
1.0000001,1
-0.22813001,-1
0.16796616,-1
0.11388282,-1
0.21932721,-1
-0.06432815,-1
0.9999999,1
1.0000001,1
0.74337107,1
0.8369865,1
1.0,1
0.032694273,-1
-0.7775003,-1
-0.08270088,-1
-0.3401065,-1
-0.36934015,-1
0.9052723,1
0.86340606,1
1.0000001,1
0.79777044,1
1.0,1
-0.06522792,-1
-0.13559082,-1
0.025452172,-1
0.08668321,-1
-0.38606215,-1
1.0,1
1.0,1
0.65692806,1
1.0,1
1.0,1
0.1714248,-1
0.014432777,-1
-0.4929052,-1
-0.2907704,-1
-0.24580993,-1
0.7006297,1
0.8595476,1
1.0000001,1
0.9999999,1
0.8365266,1
0.10239056,-1
0.059711207,-1
-0.3183848,-1
-0.22156112,-1
-0.5958649,-1
1.0,1
1.0,1
0.88195544,1
1.0,1
0.65787363,1
-0.37734058,-1
-0.2448017,-1
-0.13283108,-1
0.0092542665,-1
-0.30675182,-1
0.9651953,1
0.87866956,1
1.0,1
0.53974015,1
1.0,1
-0.2948089,-1
0.40082428,-1
-0.023476103,-1
-0.3424061,-1
0.23980634,-1
0.89442384,1
1.0,1
0.99999994,1
1.0000001,1
0.80364895,1
-0.166678,-1
0.065855816,-1
-0.23420718,-1
-0.25003847,-1
0.2750677,-1
0.99999994,1
0.84787375,1
0.99999994,1
0.73850495,1
0.9189949,1
-0.1006783,-1
0.07437104,-1
0.5454861,-1
0.07200291,-1
-0.07824618,-1
1.0,1
0.6140679,1
0.9999999,1
1.0000001,1
1.0000001,1
-0.3923808,-1
-0.063918576,-1
-0.25154158,-1
-0.31211486,-1
0.07071737,-1
0.76669556,1
0.8931119,1
0.8963611,1
1.0000001,1
1.0,1
-0.18197188,-1
0.18474777,-1
0.092819005,-1
-0.07597963,-1
-0.17478023,-1
0.9886537,1
0.9999999,1
1.0,1
1.0,1
0.6624291,1
0.51422775,-1
-0.25798666,-1
0.46994954,-1
-0.20090294,-1
-0.17464533,-1
1.0,1
1.0,1
0.73079216,1
1.0,1
1.0000001,1
0.98343396,-1
-0.1515975,-1
-0.0422901,-1
0.13389747,-1
0.1879507,-1
1.0000001,1
0.99999994,1
0.76563644,1
1.0,1
0.72905844,1
-0.35117653,-1
-0.34903657,-1
-0.10899596,-1
0.124798894,-1
0.65095776,-1
0.79401004,1
0.86274827,1
1.0,1
0.81284857,1
1.0000001,1
-0.078310125,-1
-0.320698,-1
-0.13578525,-1
0.16836835,-1
-0.20589754,-1
0.639445,1
1.0000001,1
0.61951613,1
1.0000001,1
1.0,1
-0.18933405,-1
-0.33795145,-1
-0.31344336,-1
-0.15836704,-1
-0.05284513,-1
1.0000001,1
1.0,1
1.0,1
1.0000001,1
0.6482475,1
-0.43285394,-1
0.076872796,-1
-0.15085997,-1
-0.08378222,-1
-0.31754926,-1
1.0,1
0.82522005,1
0.8581497,1
0.7964238,1
0.7370038,1
-0.4295479,-1
-0.07699038,-1
0.196632,-1
-0.5192053,-1
-0.09225485,-1
1.0,1
0.99999994,1
1.0,1
1.0,1
0.80958974,1
-0.04342691,-1
0.107618585,-1
-0.4079893,-1
0.105889976,-1
0.21753746,-1
0.81067896,1
1.0,1
0.6111268,1
0.81721973,1
0.99999994,1
0.45138824,-1
0.15706122,-1
-0.27523643,-1
0.2783869,-1
0.020128857,-1
1.0000001,1
0.9564175,1
0.9364472,1
1.0,1
0.87110376,1
0.122149065,-1
-0.39345977,-1
-0.306546,-1
-0.285334,-1
0.049748044,-1
0.6472513,1
1.0000001,1
0.6652635,1
0.36091122,1
-0.26579943,1
-0.262617,-1
-0.029570224,-1
0.42175227,-1
-0.49216142,-1
-0.08918761,-1
0.8481063,1
0.89548814,1
0.64710945,1
0.9591801,1
1.0,1
-0.32551286,-1
-0.55294734,-1
-0.0021113704,-1
-0.24568897,-1
-0.3102673,-1
0.64350724,1
0.18735921,1
1.0000001,1
0.70641494,1
1.0,1
-0.29071754,-1
0.05566783,-1
0.15579288,-1
-0.055493712,-1
-0.081591606,-1
0.37190872,1
1.0000001,1
1.0,1
0.80697024,1
1.0,1
0.037913557,-1
-0.33633843,-1
-0.65642416,-1
0.03673743,-1
-0.25879788,-1
1.0000001,1
0.14982396,1
0.7725645,1
1.0000001,1
1.0000001,1
0.018517239,-1
-0.18574095,-1
-0.26996195,-1
0.45640257,-1
-0.013959283,-1
0.7579882,1
1.0000001,1
1.0000001,1
0.9128399,1
1.0000001,1
-0.14599194,-1
-0.51516455,-1
-0.330972,-1
0.25335398,-1
-0.17225046,-1
0.8070551,1
0.7988705,1
0.75122935,1
0.7759114,1
0.8183113,1
-0.12027799,-1
-0.46494502,-1
-0.14670932,-1
-0.18045662,-1
-0.14698991,-1
0.8936352,1
0.68017757,1
0.7892251,1
0.6718787,1
0.9999999,1
-0.34676975,-1
-0.34617153,-1
-0.042226534,-1
0.33117113,-1
-0.093655266,-1
0.66944206,1
1.0000001,1
1.0000001,1
0.9999999,1
0.84119993,1
0.33120024,-1
-0.37279302,-1
-0.037817925,-1
0.1811037,-1
0.010036571,-1
0.8512205,1
0.57194096,1
1.0,1
0.86645997,1
1.0000001,1
0.07689141,-1
0.09634862,-1
-0.1757003,-1
-0.097338274,-1
-0.15376967,-1
1.0000001,1
1.0,1
0.926184,1
0.807931,1
0.72126704,1
-0.3319648,-1
0.10075835,-1
-0.17717132,-1
0.14660925,-1
0.4794183,-1
0.77857494,1
1.0,1
0.97147876,1
0.69269615,1
0.7300881,1
0.69434196,-1
-0.6141275,-1
-0.36932868,-1
-0.02123534,-1
0.2238644,-1
0.9447304,1
0.93404543,1
0.414383,1
1.0,1
0.78162116,1
-0.260356,-1
0.00017482853,-1
-0.7141719,-1
0.5938317,-1
-0.2710277,-1
0.791485,1
0.87768143,1
0.9999999,1
0.80551946,1
0.70154554,1
-0.1999374,-1
0.112688296,-1
0.14533557,-1
-0.413289,-1
-0.2063504,-1
1.0,1
0.8561438,1
1.0000001,1
0.7168506,1
0.86635494,1
-0.23438062,-1
-0.13991548,-1
0.5115577,-1
-0.10917696,-1
0.22708376,-1
1.0000001,1
1.0000001,1
0.85119486,1
-0.3002134,1
0.68454605,1
-0.2627511,-1
-0.6161285,-1
-0.55693316,-1
0.045098547,-1
0.4932546,-1
0.8074471,1
0.9999999,1
1.0000001,1
1.0,1
1.0000001,1
0.050998483,-1
-0.22305089,-1
-0.2558427,-1
-0.17576385,-1
-0.59504956,-1
1.0000001,1
1.0000001,1
0.8383941,1
1.0000001,1
0.8370919,1
0.34276602,-1
-0.08207401,-1
-0.14535467,-1
-0.067325376,-1
0.6464876,-1
1.0000001,1
1.0,1
1.0,1
1.0,1
0.81148744,1
0.7052234,-1
-0.046587467,-1
0.39187685,-1
-0.2430939,-1
-0.5052047,-1
0.9227059,1
0.7259587,1
0.7332397,1
1.0,1
1.0,1
0.080365635,-1
-0.27921814,-1
-0.15251683,-1
-0.59445786,-1
-0.3574605,-1
0.8267043,1
0.7825375,1
1.0,1
0.2297219,1
1.0000001,1
-0.13649122,-1
0.2216855,-1
0.0634325,-1
-0.16647176,-1
-0.102109164,-1
1.0,1
0.99999994,1
0.7328321,1
0.69066364,1
1.0000001,1
-0.25583068,-1
0.013946301,-1
-0.07191494,-1
-0.067068845,-1
-0.42681536,-1
0.8447328,1
1.0,1
0.8025022,1
1.0000001,1
0.86710024,1
-0.010883914,-1
-0.336109,-1
-0.055279735,-1
-0.34987244,-1
-0.3254019,-1
0.58531153,1
0.9999999,1
1.0000001,1
0.8822636,1
1.0,1
-0.37909997,-1
-0.2757866,-1
0.04804491,-1
-0.12083811,-1
0.13793331,-1
0.74489635,1
0.80804324,1
0.81890565,1
0.8515552,1
0.87284195,1
0.23058264,-1
-0.2824292,-1
0.037979707,-1
-0.20259763,-1
0.17820396,-1
1.0000001,1
0.81181186,1
1.0,1
-0.21679349,1
1.0000001,1
-0.04305873,-1
-0.27222523,-1
-0.09485402,-1
-0.42344874,-1
0.20818004,-1
0.946485,1
0.74285936,1
1.0,1
1.0000001,1
0.70879793,1
-0.2730534,-1
-0.7035483,-1
-0.41838616,-1
-0.21921958,-1
-0.17051263,-1
0.8032806,1
0.8072129,1
0.9310496,1
1.0,1
0.9202414,1
0.36505774,-1
-0.067368045,-1
-0.42072594,-1
0.10279342,-1
0.46982497,-1
0.91969246,1
0.99999994,1
1.0,1
0.93343073,1
0.30273184,1
-0.042813677,-1
-0.23189022,-1
-0.14875089,-1
-0.36837634,-1
-0.1428869,-1
0.73087764,1
0.9470944,1
0.63395065,1
0.9987725,1
0.8765795,1
-0.57795054,-1
0.7047141,-1
-0.06651398,-1
-0.18017438,-1
0.49250978,-1
1.0,1
1.0000001,1
1.0,1
0.43713695,1
0.99999994,1
-0.63711154,-1
-0.06963995,-1
-0.1748737,-1
-0.41034356,-1
-0.29975706,-1
0.6664513,1
1.0000001,1
0.92682123,1
1.0,1
1.0,1
0.09814437,-1
0.38383988,-1
0.44869682,-1
0.32840902,-1
-0.4246141,-1
1.0000001,1
1.0,1
0.8361177,1
1.0000001,1
0.9618034,1
0.6288535,-1
0.09250454,-1
0.21930055,-1
0.24584831,-1
-0.47842866,-1
0.7892184,1
0.29796872,1
0.8726854,1
1.0000001,1
1.0,1
-0.15841274,-1
0.039097395,-1
0.4178161,-1
0.3743388,-1
0.24434905,-1
0.81518877,1
0.36795595,1
1.0000001,1
1.0,1
1.0,1
0.009236002,-1
-0.439847,-1
0.09163747,-1
0.098664686,-1
-0.28524694,-1
0.72116673,1
1.0,1
0.59563285,1
0.8822642,1
0.9999999,1
0.60521024,-1
0.23991607,-1
0.06260558,-1
0.2159232,-1
0.31417874,-1
0.8238696,1
0.25084883,1
1.0,1
0.99999994,1
0.8625292,1
-0.3041527,-1
-0.5323063,-1
0.48787856,-1
-0.20996492,-1
-0.40626025,-1
0.99999994,1
1.0,1
1.0,1
1.0,1
0.6795157,1
-0.0067599104,-1
-0.35493106,-1
0.4461985,-1
-0.103366785,-1
-0.21167874,-1
1.0000001,1
0.8568526,1
1.0,1
0.8924288,1
1.0,1
0.33822623,-1
-0.13905069,-1
0.22080015,-1
-0.13854727,-1
-0.01196177,-1
1.0000001,1
1.0000001,1
1.0,1
1.0,1
0.46305847,1
-0.4873799,-1
-0.32244027,-1
0.036982547,-1
0.20633565,-1
-0.17979904,-1
1.0,1
1.0,1
1.0,1
0.88990545,1
1.0,1
-0.29921332,-1
-0.09360094,-1
0.067482635,-1
-0.023774197,-1
0.15354297,-1
1.0000001,1
0.7582191,1
1.0,1
1.0,1
1.0000001,1
-0.4407593,-1
0.0796214,-1
-0.19875327,-1
0.06326585,-1
-0.36319134,-1
0.71161085,1
1.0000001,1
0.89333755,1
0.8410953,1
0.80239713,1
-0.29109666,-1
0.45961505,-1
-0.37614596,-1
0.21679132,-1
0.40043306,-1
1.0000001,1
0.85707843,1
0.63821214,1
1.0,1
0.89072305,1
-0.42724416,-1
-0.06723229,-1
-0.42887348,-1
-0.46975306,-1
-0.2525256,-1
1.0000001,1
1.0000001,1
1.0,1
1.0,1
0.9999999,1
0.4312054,-1
-0.54314715,-1
-0.1019041,-1
-0.053373937,-1
0.053072285,-1
1.0,1
0.96713793,1
-0.011436035,1
0.9189749,1
0.5652389,1
-0.46329916,-1
-0.2346053,-1
0.35175648,-1
0.45140055,-1
-0.3888026,-1
0.92945296,1
0.7708912,1
1.0000001,1
1.0,1
0.99999994,1
-0.22893614,-1
-0.30798465,-1
-0.34342888,-1
-0.03516151,-1
-0.03462539,-1
1.0000001,1
1.0,1
1.0000001,1
0.41229677,1
0.83828896,1
-0.44428557,-1
-0.2484744,-1
-0.34107733,-1
-0.09192851,-1
0.38454017,-1
0.99999994,1
0.030873515,1
0.8709534,1
1.0,1
1.0000002,1
-0.07775071,-1
-0.07989452,-1
-0.11109964,-1
-0.25459862,-1
0.48375294,-1
0.58284324,1
0.9999999,1
0.6729461,1
1.0000001,1
0.8042941,1
-0.13787219,-1
0.11397572,-1
-0.55709696,-1
0.34848976,-1
-0.19754657,-1
0.8124932,1
0.89242584,1
0.7803547,1
1.0,1
-0.13672765,1
-0.07874507,-1
-0.07898011,-1
0.018637285,-1
0.12924571,-1
-0.07769174,-1
1.0000001,1
1.0,1
0.8239059,1
0.72074276,1
0.8683199,1
-0.2526307,-1
-0.13271418,-1
0.4701024,-1
0.018309634,-1
-0.19715062,-1
0.86301273,1
0.90746796,1
0.82226545,1
1.0,1
0.7925401,1
0.043858595,-1
-0.14165679,-1
-0.6298721,-1
0.22749323,-1
-0.060796477,-1
0.40439495,1
0.8923343,1
1.0,1
0.86168236,1
0.9999999,1
-0.11737385,-1
0.2846731,-1
0.4758366,-1
-0.18881485,-1
0.3930915,-1
1.0000001,1
0.84677476,1
1.0,1
0.9137669,1
1.0000001,1
0.63093287,-1
-0.08071558,-1
-0.51989913,-1
-0.19461372,-1
-0.25628588,-1
0.80897737,1
1.0000001,1
1.0,1
1.0,1
1.0000001,1
-0.18622017,-1
0.57014924,-1
-0.34119347,-1
-0.16400525,-1
-0.2925235,-1
1.0000001,1
1.0000001,1
0.99999994,1
1.0,1
1.0000001,1
0.4401578,-1
-0.40723643,-1
0.089033574,-1
0.29599592,-1
0.8044266,-1
1.0,1
1.0,1
1.0,1
0.972134,1
1.0,1
0.16333751,-1
0.25887036,-1
0.38195693,-1
-0.63269186,-1
0.08263019,-1
1.0,1
0.7017649,1
1.0000001,1
1.0000001,1
1.0,1
0.031517804,-1
-0.11267435,-1
0.20732379,-1
-0.368532,-1
-0.3048121,-1
0.71005195,1
1.0,1
0.52375734,1
0.34618425,1
1.0,1
-0.2273016,-1
0.023515167,-1
-0.05905512,-1
-0.29050118,-1
0.59248084,-1
0.9999999,1
0.75893176,1
0.9999999,1
1.0000001,1
0.7931718,1
-0.07683227,-1
-0.20647068,-1
0.26279986,-1
0.38483617,-1
-0.12987141,-1
0.60442674,1
0.758358,1
0.9999999,1
1.0,1
1.0000001,1
-0.15519007,-1
0.047749806,-1
0.097685434,-1
0.31924367,-1
-0.08926015,-1
0.9999999,1
0.99999994,1
1.0,1
0.04897253,1
1.0,1
0.36208522,-1
-0.09879138,-1
-0.3365814,-1
-0.26972997,-1
-0.112858534,-1
0.8332276,1
0.67704016,1
0.84670174,1
1.0,1
0.99999994,1
0.32409173,-1
-0.33279204,-1
0.18604232,-1
0.032351848,-1
-0.34554112,-1
0.7507593,1
1.0,1
0.7996877,1
1.0000001,1
0.99999994,1
-0.15294059,-1
-0.4229596,-1
-0.2087,-1
0.20944455,-1
0.08022198,-1
0.8798854,1
0.7367241,1
0.8562061,1
1.0000001,1
0.2302109,1
-0.44059336,-1
-0.20889273,-1
-0.12674567,-1
-0.3291691,-1
0.25533432,-1
0.83215374,1
1.0,1
1.0000001,1
1.0,1
1.0,1
-0.08696253,-1
-0.421646,-1
0.090843864,-1
-0.038983762,-1
-0.49225885,-1
0.9919116,1
1.0,1
0.48996988,1
0.86664546,1
0.77801836,1
0.12551452,-1
-0.05429465,-1
0.23382449,-1
0.07237247,-1
-0.1581024,-1
0.79960436,1
0.84700644,1
1.0,1
0.83901304,1
0.17278634,1
0.5862146,-1
0.15772235,-1
-0.25934446,-1
0.10995285,-1
-0.12289016,-1
0.8899212,1
0.7608122,1
0.8347882,1
0.7113517,1
0.9999999,1
-0.10284363,-1
0.3502439,-1
-0.33424124,-1
-0.11250315,-1
0.05644187,-1
1.0,1
1.0,1
0.82734853,1
1.0,1
0.8402542,1
0.13070843,-1
0.5227221,-1
-0.34085897,-1
-0.24190398,-1
-0.5498523,-1
1.0000001,1
0.674823,1
1.0000001,1
1.0000001,1
0.9999999,1
-0.2791854,-1
-0.24674384,-1
-0.29254124,-1
-0.30849412,-1
0.6678945,-1
1.0,1
0.79503286,1
0.81876326,1
0.99999994,1
0.8849828,1
-0.525374,-1
-0.22818638,-1
0.20033494,-1
-0.16900387,-1
-0.11343357,-1
1.0,1
1.0000001,1
1.0000001,1
1.0,1
1.0000001,1
0.059102703,-1
0.20920976,-1
-0.09782861,-1
0.06509095,-1
0.3417323,-1
1.0,1
0.9999999,1
1.0,1
0.75413525,1
1.0000001,1
-0.09177008,-1
-0.24890272,-1
-0.11991277,-1
0.030239513,-1
-0.24214877,-1
1.0000001,1
0.72709733,1
0.95000136,1
1.0,1
1.0,1
-0.034748677,-1
-0.3631567,-1
-0.041185603,-1
-0.23206602,-1
-0.24655661,-1
0.18198454,1
0.8503116,1
1.0,1
0.8245719,1
1.0000001,1
-0.49079517,-1
0.6601243,-1
-0.10519804,-1
-0.32408807,-1
0.4220121,-1
0.99999994,1
1.0000001,1
1.0000001,1
1.0,1
1.0000001,1
-0.14177744,-1
0.25760728,-1
-0.20225069,-1
0.17406712,-1
-0.11075479,-1
0.76615536,1
1.0,1
0.79418045,1
1.0000001,1
0.2698787,1
-0.024399215,-1
0.14329062,-1
-0.3886088,-1
-0.063447855,-1
-0.1934229,-1
0.853901,1
1.0,1
0.43826455,1
1.0,1
0.7718299,1
-0.16305469,-1
-0.40810826,-1
-0.087747775,-1
0.27217856,-1
-0.061019324,-1
1.0000001,1
1.0000001,1
1.0,1
1.0,1
1.0000001,1
-0.08612246,-1
-0.053424772,-1
0.38374522,-1
0.08303869,-1
-0.38778,-1
0.7478522,1
0.74329466,1
0.94593084,1
1.0000001,1
0.99999994,1
-0.43001536,-1
-0.1139755,-1
0.23597282,-1
-0.1553293,-1
-0.18747784,-1
0.8734082,1
0.47965798,1
0.9999999,1
1.0,1
1.0000001,1
0.21236458,-1
-0.33826405,-1
0.69530475,-1
-0.36783773,-1
-0.19059213,-1
0.52376616,1
1.0000001,1
0.5037253,1
0.17841125,1
0.5668312,1
-0.29215443,-1
0.3914424,-1
-0.19263509,-1
0.021578752,-1
-0.06669488,-1
1.0000001,1
0.48274222,1
1.0,1
1.0000001,1
1.0,1
-0.5968842,-1
-0.18796766,-1
0.06499863,-1
-0.060403783,-1
0.12371145,-1
0.8594759,1
0.8548849,1
0.83168906,1
0.89948934,1
1.0,1
-0.20452063,-1
-0.51049304,-1
-0.50405097,-1
-0.024316074,-1
0.3074103,-1
1.0,1
1.0,1
0.7832524,1
0.84887326,1
0.8357852,1
-0.11954512,-1
-0.17812625,-1
-0.47962776,-1
-0.13796926,-1
0.45375273,-1
0.6989759,1
1.0,1
0.7860403,1
1.0,1
0.99999994,1
-0.045032337,-1
-0.107489884,-1
-0.22952388,-1
-0.047814462,-1
-0.33172086,-1
1.0000001,1
0.80439544,1
1.0,1
0.7202504,1
0.8137125,1
0.16174419,-1
-0.3857904,-1
0.1340219,-1
-0.12236837,-1
-0.08126076,-1
1.0000001,1
0.9999999,1
1.0000001,1
0.7181191,1
0.8643123,1
-0.030523099,-1
-0.0660219,-1
-0.10511627,-1
0.40972775,-1
-0.5199065,-1
1.0000001,1
1.0000001,1
0.64369476,1
0.7911573,1
1.0,1
0.0049573686,-1
-0.1427779,-1
0.4049213,-1
-0.30837134,-1
-0.0895465,-1
0.5190909,1
1.0,1
1.0000001,1
0.85551375,1
0.9999999,1
-0.050618686,-1
-0.08351949,-1
0.34596705,-1
-0.600201,-1
-0.13005905,-1
0.8851285,1
1.0000001,1
0.8649218,1
0.96967924,1
0.58260244,1
-0.1741679,-1
0.2893356,-1
-0.12481945,-1
-0.18982244,-1
0.5309314,-1
1.0000001,1
0.85026866,1
0.7926632,1
1.0000001,1
1.0,1
0.19153962,-1
0.0280554,-1
0.15971167,-1
0.038243238,-1
0.3690828,-1
0.41659483,1
-0.17604423,1
1.0,1
1.0,1
0.9588629,1
-0.22805627,-1
0.3284486,-1
-0.15563644,-1
-0.19294967,-1
-0.23926441,-1
0.81203294,1
0.9008941,1
0.6923205,1
0.8817481,1
0.41749147,1
0.2940313,-1
-0.41084832,-1
-0.31242368,-1
0.036596242,-1
-0.0132692875,-1
1.0,1
0.8317091,1
1.0,1
0.99999994,1
1.0000001,1
0.06426787,-1
-0.34725082,-1
-0.12671381,-1
-0.063004,-1
-0.31896392,-1
0.9044273,1
0.5591015,1
1.0,1
1.0000001,1
1.0,1
-0.3103651,-1
0.33523172,-1
0.78288436,-1
0.3325584,-1
0.18833739,-1
1.0,1
1.0,1
1.0,1
0.8871618,1
0.84069324,1
-0.2805927,-1
-0.14257303,-1
0.1034217,-1
0.0065182676,-1
-0.0896947,-1
0.9059473,1
1.0,1
1.0000001,1
0.8016181,1
0.93023765,1
0.4170527,-1
0.02417695,-1
-0.35736617,-1
-0.40844834,-1
-0.06774301,-1
1.0000001,1
0.97847867,1
1.0,1
1.0,1
1.0,1
-0.14390425,-1
-0.165041,-1
0.4331316,-1
-0.122513115,-1
0.271387,-1
0.86228263,1
0.28047347,1
0.9999999,1
1.0000001,1
1.0,1
-0.50124604,-1
-0.5644704,-1
-0.045114025,-1
-0.13242295,-1
-0.39858946,-1
0.78489745,1
1.0,1
0.82752466,1
0.90045124,1
0.4936728,1
-0.481559,-1
0.41223297,-1
-0.07361978,-1
0.110872105,-1
-0.4277766,-1
1.0,1
0.92016864,1
0.9066965,1
1.0,1
1.0,1
-0.43998435,-1
-0.27623692,-1
-0.2237097,-1
-0.4498916,-1
-0.21654706,-1
0.9999999,1
1.0,1
1.0,1
1.0000001,1
0.9999999,1
0.035122972,-1
0.37779975,-1
-0.071128964,-1
-0.23162566,-1
-0.185389,-1
0.8310656,1
0.9999999,1
0.9956246,1
1.0,1
1.0000001,1
-0.40719223,-1
-0.1123184,-1
-0.21060808,-1
0.04743461,-1
0.25305474,-1
1.0000001,1
1.0000001,1
1.0,1
0.82732403,1
0.8805572,1
0.25160512,-1
-0.12848157,-1
0.059832346,-1
-0.53557014,-1
0.02007037,-1
0.73104656,1
0.85773546,1
1.0,1
1.0000001,1
0.82865137,1
-0.24094798,-1
-0.08211168,-1
-0.23472714,-1
-0.11929218,-1
-0.02591685,-1
1.0,1
0.82086664,1
0.43173453,1
0.8944605,1
0.78184336,1
-0.12460167,-1
-0.46852434,-1
-5.9018817e-05,-1
0.6381095,-1
-0.21669628,-1
0.6370418,1
0.9488004,1
0.47864613,1
0.7401336,1
1.0,1
-0.22605592,-1
-0.26190415,-1
-0.15334016,-1
-0.5042301,-1
0.7366301,-1
1.0000001,1
1.0000001,1
0.86263335,1
1.0,1
1.0000001,1
-0.20621309,-1
-0.48659676,-1
-0.029128717,-1
-0.21315485,-1
-0.3078082,-1
0.28147078,1
0.8268207,1
1.0000001,1
0.93226177,1
1.0,1
-0.23189478,-1
-0.26731107,-1
0.25773633,-1
-0.15699409,-1
-0.2575949,-1
0.87264526,1
1.0000001,1
0.8008382,1
1.0,1
1.0,1
0.12537451,-1
-0.4069598,-1
-0.38510528,-1
-0.13806398,-1
-0.109859794,-1
1.0000001,1
1.0000001,1
1.0,1
0.8183091,1
1.0,1
-0.15953656,-1
0.4016644,-1
-0.043764357,-1
-0.4804256,-1
-0.44355965,-1
0.5976224,1
0.722872,1
1.0,1
0.666509,1
0.78525615,1
-0.2404856,-1
0.26994506,-1
0.06356874,-1
-0.08942549,-1
-0.41698885,-1
1.0,1
1.0,1
0.80545765,1
0.36352655,1
1.0000001,1
-0.042535618,-1
-0.1848299,-1
-0.20816816,-1
-0.4084952,-1
-0.2484126,-1
1.0,1
0.9999999,1
0.8297044,1
0.4648583,1
1.0000001,1
-0.3560244,-1
-0.12993269,-1
-0.1623267,-1
0.4073773,-1
-0.3708962,-1
1.0,1
1.0000001,1
0.8658485,1
1.0,1
1.0000001,1
-0.5831403,-1
-0.23218217,-1
0.071152,-1
0.5994441,-1
-0.18966414,-1
0.99999994,1
1.0000001,1
1.0,1
1.0000001,1
1.0,1
-0.2287149,-1
-0.35037005,-1
-0.28924578,-1
0.43904987,-1
0.27115583,-1
1.0,1
1.0000001,1
0.718594,1
1.0000001,1
0.7827508,1
-0.050948802,-1
0.073991075,-1
-0.005330015,-1
0.39646766,-1
0.18508579,-1
0.8302856,1
0.8877112,1
0.80224234,1
0.8050213,1
0.7303748,1
-0.28112844,-1
-0.309317,-1
0.21480557,-1
-0.33501607,-1
0.04524528,-1
0.97225434,1
1.0000001,1
0.9999999,1
0.7965214,1
1.0,1
0.2652388,-1
0.078412876,-1
-0.29707018,-1
-0.1597333,-1
0.33543712,-1
1.0000001,1
0.83468,1
0.8557008,1
1.0000001,1
1.0000001,1
-0.20656736,-1
-0.09157185,-1
0.14060251,-1
-0.30637977,-1
0.10726308,-1
0.92566806,1
1.0,1
0.80596447,1
0.5627773,1
0.905845,1
-0.378984,-1
0.028134596,-1
0.11163135,-1
-0.15451325,-1
-0.038138617,-1
0.5606823,1
1.0,1
1.0000001,1
1.0000001,1
0.7893909,1
0.014787548,-1
-0.25069588,-1
-0.30075532,-1
-0.21818829,-1
-0.29645956,-1
1.0,1
0.7236837,1
0.7589111,1
0.8413649,1
0.25198752,1
0.29021043,-1
0.27621767,-1
-0.20793484,-1
-0.3416306,-1
0.46773997,-1
1.0,1
0.99999994,1
1.0000001,1
1.0000001,1
1.0000001,1
0.514895,-1
-0.29369614,-1
0.07472858,-1
-0.1483657,-1
0.10458829,-1
0.90827936,1
0.49192098,1
1.0,1
1.0000001,1
0.7688209,1
-0.18678296,-1
0.15192947,-1
0.056231357,-1
-0.28464752,-1
-0.226726,-1
0.40772668,1
1.0000001,1
0.7279258,1
1.0000001,1
0.8041305,1
-0.28310457,-1
-0.11491696,-1
-0.36354604,-1
-0.31406876,-1
0.386519,-1
0.81995267,1
0.56025195,1
0.9999999,1
1.0,1
0.8864724,1
-0.049630493,-1
0.005788352,-1
-0.20830058,-1
-0.47177592,-1
-0.20717737,-1
0.8961617,1
1.0,1
0.99828255,1
0.83785355,1
0.83014596,1
-0.56856847,-1
0.2781927,-1
-0.08319799,-1
-0.2506719,-1
0.23496091,-1
1.0,1
1.0000001,1
1.0,1
0.72275543,1
0.71760094,1
-0.22288394,-1
-0.24848647,-1
-0.0063546672,-1
-0.16086464,-1
-0.38654935,-1
1.0,1
0.99999994,1
0.8720838,1
0.8602209,1
-0.13005687,1
0.45905557,-1
0.583607,-1
-0.56071764,-1
0.19785738,-1
0.20768163,-1
1.0000001,1
0.6731647,1
0.84301287,1
1.0,1
1.0000001,1
0.3828186,-1
0.06275765,-1
0.23714419,-1
-0.20175019,-1
-0.4218345,-1
1.0000001,1
0.8227148,1
0.9003471,1
1.0000001,1
0.99999994,1
0.038774393,-1
0.078898355,-1
0.005651628,-1
-0.3080866,-1
-0.5742987,-1
0.78024757,1
0.82346237,1
0.99999994,1
0.13958398,1
-0.011561764,1
0.17748019,-1
0.17221959,-1
-0.36493418,-1
0.37138203,-1
-0.3674181,-1
0.90948033,1
1.0,1
1.0000001,1
1.0,1
0.62600935,1
-0.3895389,-1
0.17683801,-1
0.13440408,-1
-0.14844364,-1
0.18386295,-1
0.63245195,1
1.0,1
0.70895475,1
1.0,1
0.6123675,1
0.00836621,-1
-0.24862477,-1
-0.21201971,-1
-0.25040424,-1
-0.39645043,-1
0.9999999,1
1.0,1
0.7501998,1
0.7198267,1
0.99999994,1
0.042281307,-1
0.3191004,-1
0.024101816,-1
-0.5097955,-1
-0.16561882,-1
0.93777996,1
1.0,1
1.0,1
1.0000001,1
0.8415592,1
-0.14179803,-1
-0.40438288,-1
0.030892612,-1
0.43139848,-1
-0.19139223,-1
0.7470225,1
1.0000001,1
0.62240744,1
1.0,1
1.0,1
-0.006195869,-1
0.33210173,-1
0.5161089,-1
0.31452233,-1
-0.17127623,-1
0.5576119,1
0.86026627,1
0.9999999,1
1.0000001,1
0.7890123,1
-0.113586895,-1
0.56642854,-1
0.22029062,-1
-0.42027295,-1
0.12342252,-1
1.0000001,1
1.0,1
0.8060755,1
0.83058196,1
0.93739474,1
0.13509534,-1
0.45816928,-1
-0.02415117,-1
0.048035387,-1
0.07257826,-1
0.73408395,1
0.80863756,1
1.0,1
0.93050134,1
0.34657547,1
-0.25831524,-1
0.20030142,-1
-0.05247494,-1
0.3357834,-1
-0.26349568,-1
0.8593936,1
1.0,1
0.79984003,1
1.0000001,1
0.86228114,1
-0.119686484,-1
0.17225625,-1
-0.46253738,-1
0.5247808,-1
0.28931597,-1
1.0,1
0.93844736,1
0.85113496,1
0.9999999,1
0.8612821,1
0.119986825,-1
-0.33384287,-1
-0.01816526,-1
-0.23395512,-1
-0.34386104,-1
1.0000001,1
0.8486665,1
0.56127787,1
0.8940985,1
1.0000001,1
0.07307806,-1
-0.3426063,-1
0.6642861,-1
-0.2907041,-1
-0.025230696,-1
1.0000001,1
0.023672953,1
0.8136015,1
1.0,1
1.0000001,1
0.13508025,-1
0.2719382,-1
-0.50064445,-1
-0.3523029,-1
0.10419844,-1
1.0,1
1.0000001,1
1.0000001,1
1.0,1
1.0000001,1
0.0060145645,-1
-0.20899245,-1
-0.1098742,-1
0.22537702,-1
-0.015981035,-1
1.0000001,1
1.0000001,1
0.88733333,1
1.0,1
0.9213598,1
-0.351696,-1
-0.020632656,-1
0.21193255,-1
-0.13887957,-1
-0.059265744,-1
0.47500846,1
0.4489274,1
1.0000001,1
0.5634915,1
1.0,1
0.108034,-1
0.13346745,-1
-0.4631193,-1
0.4411018,-1
-0.48652846,-1
0.78357625,1
1.0,1
0.7405803,1
0.6723608,1
1.0,1
-0.06847306,-1
0.3448437,-1
0.21883453,-1
-0.07633652,-1
-0.3785176,-1
0.9999999,1
0.8259279,1
0.86437035,1
0.83512133,1
0.99999994,1
0.026988756,-1
-0.5558223,-1
-0.22849676,-1
-0.09546835,-1
0.4022571,-1
1.0000001,1
1.0,1
0.93739456,1
1.0,1
0.734976,1
0.08624111,-1
-0.17075552,-1
-0.101134285,-1
-0.35544664,-1
-0.18998325,-1
1.0,1
1.0000001,1
1.0,1
0.9172551,1
-0.27994663,1
-0.3302283,-1
-0.27763027,-1
0.24956235,-1
-0.23663728,-1
-0.31510592,-1
0.89241505,1
1.0000001,1
1.0,1
1.0,1
-0.1242885,1
-0.10970137,-1
-0.015924457,-1
-0.52148634,-1
0.064672016,-1
-0.4315386,-1
0.79604244,1
-0.04156774,1
0.91632307,1
0.99999994,1
1.0,1
-0.2124598,-1
-0.044815186,-1
-0.27433056,-1
0.09634309,-1
-0.17971379,-1
1.0000001,1
1.0,1
0.8794468,1
1.0,1
1.0000001,1
-0.11555587,-1
-0.1143907,-1
-0.22492076,-1
0.11026206,-1
0.5066497,-1
1.0,1
1.0000001,1
1.0,1
1.0000001,1
1.0,1
-0.39750996,-1
0.3022461,-1
-0.15548615,-1
-0.1252979,-1
0.15534706,-1
0.696792,1
0.6144694,1
0.88387,1
0.5110292,1
1.0,1
-0.24487063,-1
-0.2104323,-1
-0.21360296,-1
-0.5289492,-1
0.11288529,-1
0.69145626,1
1.0,1
1.0000001,1
0.8357911,1
1.0000001,1
0.06878155,-1
0.4665435,-1
-0.16196409,-1
-0.050901122,-1
-0.12339758,-1
1.0,1
0.86043954,1
0.7882499,1
1.0,1
0.99999994,1
-0.016502183,-1
0.1813868,-1
-0.22104535,-1
0.22207412,-1
-0.28366184,-1
0.6854931,1
0.91918105,1
1.0,1
0.8785427,1
1.0000001,1
-0.04417729,-1
0.3025317,-1
0.07045299,-1
0.3722689,-1
-0.42962515,-1
0.4084408,1
0.85565895,1
1.0,1
0.99999994,1
0.8818854,1
0.45066065,-1
-0.022651108,-1
-0.5304894,-1
-0.27538,-1
-0.3706658,-1
0.8734852,1
0.66423625,1
1.0,1
0.8181628,1
1.0000001,1
-0.014855015,-1
-0.29985774,-1
0.027505167,-1
-0.35477468,-1
0.13291347,-1
1.0,1
1.0,1
1.0,1
0.18089058,1
1.0,1
0.042285517,-1
-0.28018022,-1
-0.15055104,-1
-0.47443062,-1
0.06373212,-1
1.0,1
0.99945825,1
0.92584527,1
0.74008656,1
0.99874717,1
0.59634537,-1
-0.191503,-1
-0.18436778,-1
-0.112710394,-1
-0.250829,-1
0.99999994,1
0.5148785,1
1.0000001,1
0.9999999,1
0.99999994,1
-0.2316736,-1
0.5413133,-1
-0.20501086,-1
0.19830234,-1
0.060604554,-1
0.84928304,1
1.0,1
0.84423274,1
0.9301798,1
0.86124,1
0.04336333,-1
0.059742358,-1
-0.45897305,-1
-0.47654137,-1
0.81481034,-1
1.0,1
0.78522986,1
1.0000001,1
1.0,1
1.0000001,1
-0.023325473,-1
0.25150192,-1
-0.068579994,-1
0.43778968,-1
-0.055192623,-1
1.0000001,1
1.0,1
0.9227843,1
1.0000001,1
1.0,1
0.17872094,-1
-0.6024262,-1
-0.12519176,-1
-0.16718729,-1
-0.5215778,-1
0.6425883,1
1.0000001,1
1.0,1
0.8430851,1
0.8053284,1
-0.119416356,-1
-0.56202483,-1
-0.18200941,-1
-0.04994916,-1
-0.43611175,-1
0.8692561,1
0.74428654,1
0.955983,1
0.8428938,1
1.0,1
0.06921335,-1
-0.3524637,-1
-0.15258987,-1
-0.53119266,-1
-0.107091084,-1
0.49475226,1
0.8613123,1
0.99999994,1
1.0,1
1.0,1
-0.43079492,-1
-0.3529342,-1
-0.5247517,-1
-0.42685947,-1
-0.49277097,-1
1.0000001,1
1.0,1
0.9999999,1
0.90054095,1
1.0,1
-0.19419575,-1
-0.046256814,-1
0.25334165,-1
-0.085950695,-1
0.17844021,-1
1.0,1
1.0,1
1.0,1
1.0000001,1
0.98908895,1
-0.24978536,-1
0.075171694,-1
-0.24579689,-1
-0.19578844,-1
0.45664525,-1
0.0033833685,1
1.0000001,1
0.7623835,1
1.0000001,1
0.80460113,1
0.17180401,-1
-0.09275041,-1
-0.1384781,-1
-0.46851358,-1
0.13022038,-1
0.78580195,1
1.0000001,1
1.0000001,1
0.74288774,1
0.6687963,1
-0.32835343,-1
-0.14581259,-1
-0.3532768,-1
0.23073655,-1
0.15963428,-1
0.79249805,1
0.6615634,1
1.0,1
0.8652993,1
0.59669757,1
0.19390145,-1
-0.52010334,-1
0.14673308,-1
0.18588844,-1
0.27968943,-1
0.8784795,1
0.7540813,1
0.8215837,1
0.8010092,1
1.0,1
0.15603052,-1
-0.4294775,-1
-0.18078318,-1
-0.19101407,-1
0.12913321,-1
1.0000001,1
0.96050614,1
0.8592307,1
1.0,1
1.0,1
-0.29051924,-1
-0.11428275,-1
-0.063442945,-1
0.0682563,-1
0.0039446466,-1
0.898192,1
0.87562895,1
0.83119124,1
0.8703536,1
1.0000001,1
0.22756201,-1
0.43548214,-1
-0.56408614,-1
-0.17918077,-1
-0.39642596,-1
1.0,1
0.83553654,1
0.9538182,1
1.0,1
0.8900495,1
0.42012593,-1
0.032589044,-1
-0.21515866,-1
-0.2025043,-1
0.10605358,-1
1.0000001,1
1.0000001,1
1.0,1
0.9999999,1
0.8902572,1
-0.22657129,-1
-0.2807703,-1
0.47973946,-1
0.065129764,-1
-0.12778813,-1
0.99999994,1
-0.24703833,1
1.0000001,1
0.7832055,1
0.7991733,1
0.0017788853,-1
0.5285631,-1
-0.14632434,-1
0.6017281,-1
0.14703216,-1
1.0,1
1.0000001,1
1.0000001,1
1.0,1
0.99999994,1
-0.12696251,-1
0.0061128875,-1
0.46603423,-1
-0.20007953,-1
0.2100665,-1
1.0000001,1
1.0,1
1.0,1
1.0,1
0.83315104,1
0.073161565,-1
-0.27373758,-1
-0.23367961,-1
-0.27679893,-1
0.7647207,-1
0.8832016,1
1.0,1
1.0000001,1
0.98985416,1
0.84808886,1
0.2670208,-1
-0.073181316,-1
-0.17026913,-1
-0.2900278,-1
0.35682476,-1
0.66993797,1
1.0000001,1
1.0,1
0.6570902,1
0.6816403,1
-0.114658974,-1
0.24260493,-1
-0.25227836,-1
0.18734798,-1
-0.19690602,-1
0.8402011,1
0.5216276,1
0.6329101,1
1.0000001,1
0.87142205,1
-0.62054515,-1
0.119794585,-1
-0.2416819,-1
0.35310644,-1
0.058453236,-1
1.0,1
1.0,1
0.7841253,1
1.0,1
1.0,1
0.07429266,-1
-0.22114016,-1
-0.20477484,-1
0.15834452,-1
0.61227256,-1
1.0,1
0.7085001,1
0.8894547,1
1.0,1
0.9231017,1
-0.08366835,-1
-0.10018639,-1
-0.0022971872,-1
-0.19182512,-1
0.21932924,-1
0.9637318,1
0.20378572,1
0.8691145,1
1.0,1
0.89422464,1
-0.01418968,-1
0.103943646,-1
0.37061113,-1
0.062342446,-1
0.08636236,-1
1.0,1
1.0,1
1.0000001,1
0.90929615,1
1.0,1
0.1799218,-1
0.006092972,-1
0.42270413,-1
-0.13868944,-1
-0.0731616,-1
0.8755474,1
0.92453206,1
1.0,1
0.51272917,1
0.8654996,1
0.15555285,-1
0.22724433,-1
-0.28017062,-1
0.038119152,-1
0.21976137,-1
0.8641488,1
1.0,1
0.7331114,1
0.8941255,1
0.9031719,1
0.1884053,-1
0.43587586,-1
0.35779816,-1
-0.3134478,-1
-0.25723934,-1
1.0000001,1
1.0,1
0.76805186,1
0.7806813,1
1.0,1
0.0014092829,-1
0.15366898,-1
0.2288003,-1
0.11802592,-1
0.60924417,-1
0.8638546,1
0.7238424,1
0.969683,1
0.7635179,1
1.0,1
-0.40221727,-1
0.36104158,-1
0.21172768,-1
0.05829511,-1
-0.3349587,-1
0.99999994,1
0.9414048,1
1.0,1
1.0000001,1
1.0,1
-0.4164753,-1
-0.0062939073,-1
-0.04132881,-1
-0.3487666,-1
0.061883226,-1
1.0,1
0.19167307,1
1.0,1
0.8887979,1
0.91155624,1
0.2353905,-1
-0.33967215,-1
-0.24253257,-1
-0.18788514,-1
0.18648958,-1
0.9774175,1
0.9999999,1
0.926467,1
1.0,1
0.7675294,1
-0.47868705,-1
0.1972282,-1
-0.13487457,-1
0.48568124,-1
-0.30180725,-1
1.0,1
0.8435349,1
1.0,1
1.0000001,1
1.0000001,1
0.38246942,-1
-0.10317665,-1
0.2651528,-1
0.22096951,-1
-0.32450604,-1
1.0,1
1.0000001,1
0.81410164,1
1.0000001,1
0.79937214,1
-0.3226675,-1
-0.34410843,-1
0.2089041,-1
0.48813823,-1
-0.04191661,-1
0.6801234,1
0.9497032,1
0.016650388,1
0.84316176,1
1.0,1
0.059563376,-1
-0.37601194,-1
-0.3327829,-1
-0.15161575,-1
0.11646449,-1
1.0,1
0.8934328,1
0.8466695,1
0.876765,1
0.99999994,1
-0.5045395,-1
-0.30265218,-1
0.047194254,-1
-0.13255765,-1
-0.39647985,-1
1.0,1
1.0000001,1
0.8802144,1
0.8629695,1
0.85825485,1
-0.21693034,-1
-0.21535142,-1
-0.19642492,-1
0.35305956,-1
0.31771877,-1
1.0,1
0.692625,1
1.0,1
0.81839335,1
0.82944286,1
0.013840237,-1
-0.052038286,-1
-0.022625498,-1
0.0031534883,-1
-0.52459866,-1
0.88349,1
1.0,1
0.93245786,1
0.91613466,1
1.0,1
-0.0848751,-1
0.27798468,-1
-0.502953,-1
-0.1289921,-1
-0.029792897,-1
1.0000001,1
0.73805004,1
1.0000001,1
1.0,1
0.8146572,1
-0.103430614,-1
-0.26598117,-1
-0.42506567,-1
-0.027801165,-1
0.22315113,-1
0.9999999,1
0.8693345,1
1.0000001,1
0.6229583,1
0.85014695,1
0.21707472,-1
0.26948297,-1
0.17571306,-1
0.25960422,-1
-0.57356966,-1
0.4751844,1
1.0,1
1.0,1
1.0,1
0.44823185,1
-0.35823712,-1
-0.21056935,-1
0.3264522,-1
-0.16357517,-1
0.10591701,-1
0.8975999,1
0.09833436,1
0.9999999,1
1.0000001,1
1.0,1
0.13687137,-1
-0.16264345,-1
-0.41876602,-1
-0.12854503,-1
-0.15512797,-1
0.99999994,1
0.99999994,1
0.7516297,1
0.9810029,1
1.0,1
0.47510394,-1
0.109102316,-1
-0.3525632,-1
-0.34968516,-1
0.2308637,-1
1.0000001,1
1.0,1
0.67948043,1
0.83301955,1
1.0,1
0.19251385,-1
-0.31955343,-1
-0.2649104,-1
-0.32619545,-1
-0.5033375,-1
0.43341592,1
-0.022340361,1
1.0,1
0.79515827,1
1.0,1
-0.26380044,-1
-0.19907822,-1
-0.100405596,-1
0.15412453,-1
-0.2724188,-1
1.0000001,1
1.0000001,1
1.0,1
0.8783131,1
0.73303914,1
-0.41543692,-1
0.1222773,-1
-0.05326843,-1
0.34184992,-1
-0.28768268,-1
0.6829718,1
1.0000001,1
1.0,1
0.91039824,1
1.0,1
-0.23553368,-1
-0.20761898,-1
-0.07446922,-1
0.19124761,-1
-0.020832635,-1
1.0000001,1
1.0,1
0.62057227,1
1.0,1
1.0000001,1
-0.3183623,-1
-0.15368466,-1
-0.2692979,-1
-0.4669731,-1
-0.2929292,-1
0.7656778,1
0.86582315,1
1.0,1
1.0,1
1.0000002,1
0.6735153,-1
-0.005346822,-1
-0.115435176,-1
-0.083384246,-1
0.09826177,-1
0.17388833,1
0.89415467,1
0.76728857,1
1.0000001,1
-0.31590447,1
-0.37512574,-1
-0.38058504,-1
-0.29686773,-1
0.38206744,-1
0.60476923,-1
1.0000001,1
0.7942836,1
0.8442713,1
1.0,1
0.78627354,1
-0.06230019,-1
0.021805195,-1
-0.5131282,-1
0.7939614,-1
0.4606133,-1
1.0000001,1
1.0,1
1.0000001,1
0.93362856,1
0.35411718,1
-0.5466895,-1
0.15863115,-1
-0.027751954,-1
-0.27248645,-1
0.33645746,-1
1.0000001,1
1.0,1
0.07268689,1
0.44073617,1
1.0000001,1
-0.020434756,-1
-0.08240429,-1
0.17487267,-1
-0.35219467,-1
-0.03361796,-1
0.99999994,1
1.0000001,1
1.0,1
0.76038677,1
0.7581066,1
0.34159938,-1
-0.29738462,-1
-0.38392493,-1
-0.027675688,-1
0.12909399,-1
1.0000001,1
1.0000001,1
1.0000001,1
1.0000001,1
1.0,1
-0.09660818,-1
0.14174569,-1
-0.50658333,-1
-0.40363598,-1
-0.02561414,-1
1.0,1
1.0000001,1
0.99999994,1
0.91733927,1
1.0,1
-0.20770706,-1
-0.17760348,-1
0.0053849886,-1
-0.39241982,-1
-0.28443947,-1
0.6147945,1
0.86175007,1
0.6685265,1
1.0000001,1
0.96255934,1
0.40526417,-1
0.008843193,-1
-0.14352603,-1
0.14416164,-1
-0.014875946,-1
1.0,1
1.0,1
0.8644892,1
1.0,1
0.99999994,1
0.18974715,-1
-0.3593469,-1
-0.5345226,-1
-0.5918242,-1
-0.15806878,-1
1.0,1
-0.060906813,1
1.0000001,1
1.0,1
0.99999994,1
0.2958807,-1
-0.25009555,-1
-0.050284997,-1
-0.586697,-1
0.2170138,-1
0.83482766,1
0.90884745,1
0.68465304,1
0.47139084,1
0.76575583,1
-0.07764106,-1
-0.15642756,-1
0.3224714,-1
-0.0597259,-1
-0.36727294,-1
1.0000001,1
1.0000001,1
0.7121391,1
1.0,1
1.0000001,1
0.24153699,-1
-0.3349771,-1
-0.042496007,-1
0.5219679,-1
-0.21828757,-1
0.92340565,1
0.13466762,1
1.0,1
0.99999994,1
1.0000001,1
-0.17799431,-1
-0.30532733,-1
-0.15287125,-1
0.63888246,-1
-0.49282494,-1
1.0000001,1
1.0000001,1
0.9999999,1
0.6602901,1
1.0000001,1
0.44931448,-1
-0.28072357,-1
-0.21012333,-1
-0.059053276,-1
-0.54472405,-1
1.0,1
0.67067695,1
1.0000001,1
0.8911214,1
0.4670813,1
-0.11060679,-1
-0.100209534,-1
0.1263211,-1
-0.015052672,-1
-0.0068725166,-1
0.6613808,1
1.0,1
0.9999999,1
1.0,1
1.0,1
0.27509683,-1
-0.22204956,-1
0.40768707,-1
-0.42439333,-1
-0.19636698,-1
1.0000001,1
1.0,1
1.0000001,1
1.0000001,1
0.9999999,1
-0.24007969,-1
-0.04049421,-1
0.06638549,-1
-0.17944025,-1
-0.1454847,-1
0.99999994,1
1.0000001,1
-0.10057045,1
0.8207113,1
1.0000001,1
-0.26345885,-1
0.1836906,-1
-0.41072202,-1
-0.22643448,-1
-0.4491129,-1
1.0000001,1
1.0,1
1.0,1
1.0000001,1
0.99999994,1
0.30959138,-1
-0.2923388,-1
-0.22868209,-1
-0.50836724,-1
-0.15577069,-1
0.9108818,1
0.7408128,1
0.8765086,1
1.0,1
0.6510361,1
0.0462066,-1
-0.12518413,-1
-0.1288414,-1
-0.07325508,-1
-0.2047978,-1
0.8202466,1
1.0,1
1.0,1
1.0,1
0.9999999,1
-0.09719566,-1
-0.112131454,-1
0.061555214,-1
-0.40470207,-1
0.5025568,-1
1.0,1
1.0000001,1
0.7975994,1
0.8811437,1
0.89886814,1
-0.17916027,-1
-0.115003504,-1
-0.33647314,-1
-0.54780626,-1
0.13777442,-1
1.0000001,1
0.8607689,1
1.0,1
1.0000001,1
0.8364225,1
0.17928948,-1
-0.55038136,-1
0.565879,-1
-0.3618177,-1
-0.35945612,-1
1.0000001,1
0.981172,1
0.9176901,1
1.0,1
1.0000001,1
0.0063941716,-1
0.19053484,-1
0.5938438,-1
-0.57866496,-1
-0.22640447,-1
0.90574235,1
1.0,1
1.0000001,1
0.73876375,1
0.7468575,1
-0.4075622,-1
0.059057083,-1
0.002856703,-1
-0.35821563,-1
-0.43232608,-1
0.85219043,1
-0.27573413,1
0.99999994,1
1.0000001,1
1.0,1
-0.20381203,-1
-0.4059682,-1
0.04908253,-1
-0.13456024,-1
-0.5158323,-1
0.71898514,1
0.8635124,1
1.0000001,1
0.82656133,1
0.54857916,1
0.23960498,-1
-0.33666506,-1
-0.36258096,-1
-0.16769518,-1
-0.3639511,-1
1.0000001,1
1.0,1
0.9999999,1
0.16197293,1
1.0000001,1
-0.30924833,-1
0.08022256,-1
-0.3754421,-1
-0.10867885,-1
0.19871746,-1
0.99999994,1
0.2609753,1
0.7650674,1
1.0,1
1.0,1
0.22590166,-1
-0.34657666,-1
0.2895877,-1
0.5557182,-1
0.5630804,-1
0.6165837,1
1.0,1
0.7084762,1
0.75326246,1
0.880516,1
-0.24776326,-1
0.16705203,-1
-0.4026466,-1
-0.20272638,-1
0.31218123,-1
0.59456414,1
0.7602535,1
1.0000002,1
0.6181686,1
0.7825804,1
-0.1947941,-1
-0.21879846,-1
-0.1485742,-1
0.0991964,-1
-0.31591615,-1
0.76541454,1
0.7805503,1
1.0,1
0.91011065,1
1.0,1
0.19026019,-1
-0.44311056,-1
-0.34710953,-1
-0.15345502,-1
0.13046846,-1
1.0000001,1
0.98871905,1
1.0,1
0.8014482,1
0.8926063,1
0.03547506,-1
-0.2978081,-1
0.52801067,-1
0.41888395,-1
0.048355494,-1
1.0000001,1
0.60928655,1
0.84165645,1
1.0000001,1
0.83750206,1
-0.2706261,-1
0.07383776,-1
-0.13672538,-1
-0.09085491,-1
-0.3251252,-1
0.89167947,1
0.9943389,1
-0.08295761,1
1.0,1
1.0,1
0.12419098,-1
-0.0068851006,-1
0.47582862,-1
0.2761733,-1
0.2367988,-1
0.42009115,1
0.6297686,1
1.0000001,1
1.0,1
0.904513,1
0.17447339,-1
0.0020451823,-1
-0.36006758,-1
-0.06968828,-1
-0.50752836,-1
0.8570979,1
0.9029789,1
0.9999999,1
1.0,1
1.0,1
-0.13916975,-1
0.04796557,-1
0.67325854,-1
-0.39974767,-1
-0.28365391,-1
0.87474,1
1.0,1
1.0,1
0.83094037,1
1.0,1
0.06390339,-1
-0.28179243,-1
-0.59847575,-1
-0.36869034,-1
-0.17237277,-1
1.0,1
0.70604473,1
0.9999999,1
1.0,1
0.490899,1
0.14991,-1
-0.4911931,-1
-0.1783381,-1
-0.38062516,-1
0.11001682,-1
1.0,1
1.0000001,1
-0.05497015,1
1.0,1
1.0000001,1
-0.2544662,-1
-0.091335356,-1
-0.23988405,-1
0.34440285,-1
0.32284257,-1
0.82012457,1
1.0,1
1.0000001,1
0.76465046,1
0.7876181,1
0.6246157,-1
-0.17718723,-1
0.08276105,-1
-0.1694138,-1
-0.0007327924,-1
1.0000001,1
0.39967337,1
1.0,1
0.8775886,1
1.0000001,1
0.2914274,-1
-0.15882774,-1
-0.4778217,-1
-0.30316767,-1
-0.088363424,-1
0.89376295,1
0.47023857,1
0.60502833,1
1.0,1
1.0,1
-0.15335223,-1
-0.4700237,-1
-0.15738322,-1
0.12019881,-1
0.26879698,-1
0.63214374,1
1.0,1
0.9193441,1
1.0000001,1
0.6166,1
0.16105333,-1
-0.37300545,-1
-0.41202566,-1
-0.12640889,-1
0.11917192,-1
0.85657084,1
0.8673153,1
1.0,1
0.9999999,1
1.0000001,1
-0.036228523,-1
-0.33967492,-1
0.08970511,-1
-0.41678756,-1
-0.104597196,-1
0.99999994,1
0.5789143,1
0.85926294,1
0.65728563,1
1.0000001,1
0.3333376,-1
-0.40120912,-1
-0.3374439,-1
0.14743741,-1
0.09016676,-1
1.0,1
1.0000001,1
0.3345198,1
1.0,1
0.9037474,1
-0.43643266,-1
0.19372845,-1
-0.29498166,-1
-0.01820801,-1
0.03619617,-1
1.0000001,1
1.0,1
1.0,1
0.78999776,1
0.99999994,1
-0.20064975,-1
-0.21856214,-1
-0.20993596,-1
0.30501786,-1
0.45356098,-1
1.0,1
1.0,1
1.0,1
1.0,1
0.8997143,1
-0.05580376,-1
-0.27001324,-1
0.3514621,-1
-0.44267073,-1
-0.073213905,-1
0.6819818,1
0.9159385,1
0.36997747,1
0.7815605,1
0.867627,1
-0.36357248,-1
-0.108956106,-1
0.32668507,-1
-0.18854839,-1
0.39289486,-1
0.70249707,1
1.0,1
0.8000666,1
0.8371896,1
1.0000001,1
0.3084859,-1
0.1845321,-1
0.22564556,-1
-0.10480592,-1
0.04168179,-1
0.9999999,1
1.0000001,1
0.67665845,1
1.0000001,1
0.8498883,1
-0.30478927,-1
0.20245296,-1
0.41860867,-1
-0.07686752,-1
-0.30203882,-1
0.7592764,1
1.0000001,1
1.0,1
1.0,1
1.0,1
0.052592136,-1
-0.1905283,-1
-0.4162594,-1
0.030960307,-1
0.74614775,-1
0.6254138,1
0.8448839,1
0.99999994,1
1.0000001,1
1.0,1
0.04724991,-1
-0.6769407,-1
0.009082884,-1
-0.054038953,-1
-0.5262339,-1
0.9126452,1
0.90247756,1
1.0000001,1
0.83791053,1
0.89684653,1
0.012842108,-1
-0.42189807,-1
-0.50426084,-1
0.6603682,-1
-0.47589493,-1
1.0000001,1
0.99999994,1
1.0000001,1
1.0,1
1.0,1
0.10209791,-1
-0.50622725,-1
0.4897485,-1
-0.016970647,-1
-0.037010286,-1
